"{55B1A16F-1F36-4084-A16A-AE1F4CDCA77F}","105000","2002-11-19 00:00","PO37 6BU","F","N","L","CORINTHIAN COURT","FLAT 11","CROSS STREET","","SHANKLIN","ISLE OF WIGHT","ISLE OF WIGHT","A","C"
"{9B6FE09B-7327-4E23-9972-05D436EC3FE3}","45000","2001-02-05 00:00","PO31 7PW","D","N","F","30","","NEWPORT ROAD","","COWES","ISLE OF WIGHT","ISLE OF WIGHT","A","C"
"{0AE15A16-6AFD-4C9F-980A-B85C9118E256}","237000","2001-07-19 00:00","PO34 5EU","S","N","F","OLD BANK HOUSE","","HIGH STREET","","SEAVIEW","ISLE OF WIGHT","ISLE OF WIGHT","A","C"
"{2F7F2B43-12FA-E08F-E063-4804A8C05A49}","420000","2021-05-06 00:00","PO35 5XZ","D","N","F","27","","MEADOW DRIVE","","BEMBRIDGE","ISLE OF WIGHT","ISLE OF WIGHT","A","A"
"{2F7F2B43-1361-E08F-E063-4804A8C05A49}","148000","2021-09-14 00:00","PO40 9GF","F","Y","L","3","","MEADOWS WAY","","FRESHWATER","ISLE OF WIGHT","ISLE OF WIGHT","A","A"
"{2F7F2B43-1362-E08F-E063-4804A8C05A49}","247500","2021-09-27 00:00","PO30 5LT","S","N","F","77","","ASH LANE","","NEWPORT","ISLE OF WIGHT","ISLE OF WIGHT","A","A"
"{773788C3-8CD9-2CE4-E053-6C04A8C05E57}","132000","2018-07-11 00:00","PO31 7PW","D","N","F","30","","NEWPORT ROAD","","COWES","ISLE OF WIGHT","ISLE OF WIGHT","B","C"
"{2F7F2B43-12AD-E08F-E063-4804A8C05A49}","54000","2000-11-20 00:00","PO39 0AN","F","N","L","ROSEWOOD","FLAT 2B","THE BROADWAY","","TOTLAND BAY","ISLE OF WIGHT","ISLE OF WIGHT","A","A"
"{8E312353-0BE3-419E-A57F-A91A91979373}","42000","1997-09-09 00:00","PO31 7PW","D","N","F","30","","NEWPORT ROAD","","COWES","ISLE OF WIGHT","ISLE OF WIGHT","A","C"
"{453D27A3-DE1C-EF91-E050-A8C0630574D7}","412500","2016-12-01 00:00","PO31 7TR","O","N","F","11","","MARKET HILL","","COWES","ISLE OF WIGHT","ISLE OF WIGHT","B","C"
"{F16F63C6-7172-0491-E053-6C04A8C032ED}","950000","2021-04-01 00:00","PO30 4EN","O","N","F","12","","WILLIAM FOX AVENUE","BRIGHSTONE","NEWPORT","ISLE OF WIGHT","ISLE OF WIGHT","B","D"
"{8A78B2AF-A4E2-5CB0-E053-6B04A8C0F504}","450000","2019-04-17 00:00","PO34 5EU","S","N","F","OLD BANK HOUSE","","HIGH STREET","","SEAVIEW","ISLE OF WIGHT","ISLE OF WIGHT","A","C"
"{8E35A9BA-23CD-4D6B-81BF-972CA42711D8}","85000","1996-02-29 00:00","PO30 1EZ","D","N","F","31","","QUEENS ROAD","","NEWPORT","ISLE OF WIGHT","ISLE OF WIGHT","A","C"
"{608BFAEC-948F-49A1-9222-D4EF3445FCA4}","250000","2013-09-10 00:00","PO30 1EZ","D","N","F","31","","QUEENS ROAD","","NEWPORT","ISLE OF WIGHT","ISLE OF WIGHT","A","C"
"{EED73E76-9A17-6AF3-E053-6C04A8C08ABA}","100000","2022-10-31 00:00","PO37 6BU","F","N","L","CORINTHIAN COURT","FLAT 11","CROSS STREET","","SHANKLIN","ISLE OF WIGHT","ISLE OF WIGHT","B","C"
"{1C3E72FF-02A9-F410-E063-4804A8C0DFA6}","375000","2022-10-13 00:00","PO38 2JN","O","N","F","MOONRAKER","","CHALE GREEN","","VENTNOR","ISLE OF WIGHT","ISLE OF WIGHT","B","C"
"{DBA933F9-7DE6-669D-E053-6B04A8C0AD56}","340000","2022-02-28 00:00","PO38 2BX","T","N","F","COTTAGE CHEESE","","CHURCH STREET","NITON","VENTNOR","ISLE OF WIGHT","ISLE OF WIGHT","A","C"
"{0B853950-CC76-69A5-E063-4704A8C07DAC}","250000","2022-06-01 00:00","PO38 2JN","O","N","F","HOUSE ON THE GREEN","","CHALE GREEN","","VENTNOR","ISLE OF WIGHT","ISLE OF WIGHT","B","C"
"{3EF85FE6-22B0-4350-A864-5D24C1A20406}","238000","2009-01-23 00:00","PO30 1EZ","D","N","F","31","","QUEENS ROAD","","NEWPORT","ISLE OF WIGHT","ISLE OF WIGHT","A","C"
"{2F7F2B43-D136-E08F-E063-4804A8C05A49}","565000","2023-11-28 00:00","PO37 6AB","F","N","F","THE POST HOUSE, 1","FLAT 1","STEEPHILL ROAD","","SHANKLIN","ISLE OF WIGHT","ISLE OF WIGHT","B","A"
"{2F7F2B43-D22B-E08F-E063-4804A8C05A49}","518000","2023-10-21 00:00","","O","N","F","PARKING SPACE","","MILL LANE","BRIGHSTONE","NEWPORT","ISLE OF WIGHT","ISLE OF WIGHT","B","A"
"{2F7F2B43-D22C-E08F-E063-4804A8C05A49}","7475000","2023-12-21 00:00","PO32 6SP","O","N","F","WAITROSE LTD","","WELL ROAD","","EAST COWES","ISLE OF WIGHT","ISLE OF WIGHT","B","A"
"{2F7F2B43-D232-E08F-E063-4804A8C05A49}","145000","2023-08-14 00:00","PO37 7AE","T","N","L","73","","REGENT STREET","","SHANKLIN","ISLE OF WIGHT","ISLE OF WIGHT","B","A"
"{2F7F2B43-D234-E08F-E063-4804A8C05A49}","129000","2023-11-08 00:00","PO33 2QT","T","N","F","42","","GREEN STREET","","RYDE","ISLE OF WIGHT","ISLE OF WIGHT","B","A"
"{2F7F2B43-D235-E08F-E063-4804A8C05A49}","300000","2023-12-01 00:00","PO33 4HZ","O","N","F","HOUSEBOAT SONG OF THE WIND","","NEW ROAD","WOOTTON BRIDGE","RYDE","ISLE OF WIGHT","ISLE OF WIGHT","B","A"
"{2F7F2B43-12E6-E08F-E063-4804A8C05A49}","190000","2023-10-09 00:00","PO33 1AN","S","N","F","102","","MARLBOROUGH ROAD","","RYDE","ISLE OF WIGHT","ISLE OF WIGHT","A","A"
"{2F7F2B43-1311-E08F-E063-4804A8C05A49}","360000","2023-10-20 00:00","PO36 0NP","D","N","F","ROSEMOUNT","","LANGBRIDGE","NEWCHURCH","SANDOWN","ISLE OF WIGHT","ISLE OF WIGHT","A","A"
"{2F7F2B43-133B-E08F-E063-4804A8C05A49}","290000","2023-11-22 00:00","PO33 2QF","S","N","F","32","","WEST STREET","","RYDE","ISLE OF WIGHT","ISLE OF WIGHT","A","A"
"{2F7F2B43-134E-E08F-E063-4804A8C05A49}","250000","2023-11-15 00:00","PO32 6GE","S","N","F","12","","CROMWELL AVENUE","","EAST COWES","ISLE OF WIGHT","ISLE OF WIGHT","A","A"
"{2F7F2B43-135C-E08F-E063-4804A8C05A49}","230000","2023-05-26 00:00","PO30 2GH","S","N","F","58","","ANGELICA GROVE","","NEWPORT","ISLE OF WIGHT","ISLE OF WIGHT","A","A"
"{2F7F2B43-135D-E08F-E063-4804A8C05A49}","115000","2023-07-07 00:00","PO30 5HD","F","N","L","48","FLAT 4","LUGLEY STREET","","NEWPORT","ISLE OF WIGHT","ISLE OF WIGHT","A","A"
"{2F7F2B43-135E-E08F-E063-4804A8C05A49}","220000","2023-06-29 00:00","PO30 2GH","S","N","F","70","","ANGELICA GROVE","","NEWPORT","ISLE OF WIGHT","ISLE OF WIGHT","A","A"
"{2F7F2B43-135F-E08F-E063-4804A8C05A49}","115000","2023-10-11 00:00","PO30 5HD","F","N","L","48","FLAT 6","LUGLEY STREET","","NEWPORT","ISLE OF WIGHT","ISLE OF WIGHT","A","A"
"{2F7F2B43-1360-E08F-E063-4804A8C05A49}","365000","2023-11-01 00:00","PO37 6LZ","D","N","F","81","","VICTORIA AVENUE","","SHANKLIN","ISLE OF WIGHT","ISLE OF WIGHT","A","A"
"{2F7F2B43-1363-E08F-E063-4804A8C05A49}","235000","2023-11-17 00:00","PO41 0XX","D","N","F","THE POPLARS","","EAST CLOSE","CRANMORE","YARMOUTH","ISLE OF WIGHT","ISLE OF WIGHT","A","A"
"{2F7F2B43-1364-E08F-E063-4804A8C05A49}","315000","2023-12-08 00:00","PO31 7UF","S","N","F","4","","HIGHFIELD ROAD","","COWES","ISLE OF WIGHT","ISLE OF WIGHT","A","A"
"{2F7F2B43-1365-E08F-E063-4804A8C05A49}","143000","2023-12-08 00:00","PO32 6QT","D","N","L","27","","BIRCH CLOSE","","EAST COWES","ISLE OF WIGHT","ISLE OF WIGHT","A","A"
"{2F7F2B43-1366-E08F-E063-4804A8C05A49}","140000","2023-12-13 00:00","PO36 9HD","T","N","L","24","","LAKE HILL","","SANDOWN","ISLE OF WIGHT","ISLE OF WIGHT","A","A"
"{2F7F2B43-1367-E08F-E063-4804A8C05A49}","370000","2023-12-15 00:00","PO33 4AH","D","N","F","MAY COTTAGE","","HARWOOD CLOSE","WOOTTON BRIDGE","RYDE","ISLE OF WIGHT","ISLE OF WIGHT","A","A"
"{2F7F2B43-1368-E08F-E063-4804A8C05A49}","330000","2023-12-07 00:00","PO37 7AZ","S","N","F","22","","ATHERLEY PARK WAY","","SHANKLIN","ISLE OF WIGHT","ISLE OF WIGHT","A","A"
"{2F7F2B43-136A-E08F-E063-4804A8C05A49}","265000","2023-03-17 00:00","PO30 2JD","D","N","F","14","","BELLECROFT DRIVE","","NEWPORT","ISLE OF WIGHT","ISLE OF WIGHT","A","A"
"{2F7F2B43-136E-E08F-E063-4804A8C05A49}","240000","2023-11-29 00:00","PO33 2UT","T","N","F","36","","ASHEY ROAD","","RYDE","ISLE OF WIGHT","ISLE OF WIGHT","A","A"
"{2F7F2B43-1371-E08F-E063-4804A8C05A49}","150000","2023-10-17 00:00","PO36 8DT","F","N","L","NAPOLI COURT","FLAT 1","QUEENS ROAD","","SANDOWN","ISLE OF WIGHT","ISLE OF WIGHT","A","A"
"{2F7F2B43-1372-E08F-E063-4804A8C05A49}","255000","2023-04-20 00:00","PO31 8JW","S","N","F","37","","WORSLEY ROAD","GURNARD","COWES","ISLE OF WIGHT","ISLE OF WIGHT","A","A"
"{1061746E-0F65-3C34-E063-4804A8C0F9E7}","150000","2023-10-17 00:00","PO36 8DT","F","N","L","NAPOLI COURT","FLAT 1","QUEENS ROAD","","SANDOWN","ISLE OF WIGHT","ISLE OF WIGHT","A","D"
"{2F7F2B43-D21A-E08F-E063-4804A8C05A49}","85000","2024-05-08 00:00","PO40 9AZ","O","N","F","117","","SCHOOL GREEN ROAD","","FRESHWATER","ISLE OF WIGHT","ISLE OF WIGHT","B","A"
"{2F7F2B43-D21C-E08F-E063-4804A8C05A49}","465000","2024-09-20 00:00","PO39 0EU","O","N","F","MULBERRY LODGE","","CHURCH HILL","","TOTLAND BAY","ISLE OF WIGHT","ISLE OF WIGHT","B","A"
"{2F7F2B43-D21D-E08F-E063-4804A8C05A49}","1250000","2024-01-09 00:00","PO30 3JD","O","N","F","ROWBOROUGH BARN","","BOWCOMBE ROAD","","NEWPORT","ISLE OF WIGHT","ISLE OF WIGHT","B","A"
"{2F7F2B43-D21F-E08F-E063-4804A8C05A49}","315000","2024-06-25 00:00","PO40 9UP","O","N","F","VINE INN","","AVENUE ROAD","","FRESHWATER","ISLE OF WIGHT","ISLE OF WIGHT","B","A"
"{2F7F2B43-D223-E08F-E063-4804A8C05A49}","45000","2024-10-02 00:00","","O","N","F","BEACH HUT 29","","WESTERN ESPLANADE","","SANDOWN","ISLE OF WIGHT","ISLE OF WIGHT","B","A"
"{2F7F2B43-D228-E08F-E063-4804A8C05A49}","100000","2024-10-18 00:00","PO30 4QB","O","N","F","UNIT 7","","PORCHFIELD BUSINESS PARK","NEWTOWN","NEWPORT","ISLE OF WIGHT","ISLE OF WIGHT","B","A"
"{2F7F2B43-D229-E08F-E063-4804A8C05A49}","515000","2024-06-25 00:00","PO33 2HT","O","N","F","164","THE CASTLE INN","HIGH STREET","","RYDE","ISLE OF WIGHT","ISLE OF WIGHT","B","A"
"{2F7F2B43-D22D-E08F-E063-4804A8C05A49}","110000","2024-09-25 00:00","PO31 7US","O","N","F","BROADFIELDS PARK","UNIT 15","SEAVIEW ROAD","","COWES","ISLE OF WIGHT","ISLE OF WIGHT","B","A"
"{2F7F2B43-D22E-E08F-E063-4804A8C05A49}","40000","2024-11-22 00:00","","O","N","F","PLOT 7","","FAIRLEE ROAD","","NEWPORT","ISLE OF WIGHT","ISLE OF WIGHT","B","A"
"{2F7F2B43-D22F-E08F-E063-4804A8C05A49}","100000","2024-09-26 00:00","PO33 4NS","O","N","F","PALMERS BROOK FARM","UNITS C5 & C6","PARK ROAD","WOOTTON BRIDGE","RYDE","ISLE OF WIGHT","ISLE OF WIGHT","B","A"
"{2F7F2B43-D230-E08F-E063-4804A8C05A49}","615000","2024-09-30 00:00","PO37 6BN","D","N","F","PINK BEACH, 20","","ESPLANADE","","SHANKLIN","ISLE OF WIGHT","ISLE OF WIGHT","B","A"
"{2F7F2B43-D233-E08F-E063-4804A8C05A49}","390000","2024-06-05 00:00","PO37 6LZ","D","N","F","81","","VICTORIA AVENUE","","SHANKLIN","ISLE OF WIGHT","ISLE OF WIGHT","B","A"
"{2F7F2B43-D236-E08F-E063-4804A8C05A49}","420000","2024-01-05 00:00","PO30 2PL","O","N","F","MORNHILL FARM","","BURNT HOUSE LANE","","NEWPORT","ISLE OF WIGHT","ISLE OF WIGHT","B","A"
"{2F7F2B43-D237-E08F-E063-4804A8C05A49}","190000","2024-02-23 00:00","PO34 5AQ","O","N","F","SEAVIEW HOLIDAY VILLAGE","6","DUVER ROAD","","SEAVIEW","ISLE OF WIGHT","ISLE OF WIGHT","B","A"
"{2F7F2B43-D238-E08F-E063-4804A8C05A49}","220000","2024-03-08 00:00","PO30 4DU","O","N","F","PLOT 7","","HUNNYHILL","BRIGHSTONE","NEWPORT","ISLE OF WIGHT","ISLE OF WIGHT","B","A"
"{2F7F2B43-D21B-E08F-E063-4804A8C05A49}","860000","2025-01-14 00:00","PO30 1YP","O","N","F","GRANGE KENNELS & CATTERY","","WATERGATE ROAD","","NEWPORT","ISLE OF WIGHT","ISLE OF WIGHT","B","A"
"{2F7F2B43-D21E-E08F-E063-4804A8C05A49}","247000","2025-02-04 00:00","PO36 9ND","D","N","F","8","","CARPENTER CLOSE","LAKE","SANDOWN","ISLE OF WIGHT","ISLE OF WIGHT","B","A"
"{2F7F2B43-D220-E08F-E063-4804A8C05A49}","108000","2025-02-06 00:00","PO30 1PT","T","N","F","4","","CROSS STREET","","NEWPORT","ISLE OF WIGHT","ISLE OF WIGHT","B","A"
"{2F7F2B43-D221-E08F-E063-4804A8C05A49}","180000","2025-02-07 00:00","PO31 7XS","T","N","F","152","","ARCTIC ROAD","","COWES","ISLE OF WIGHT","ISLE OF WIGHT","B","A"
"{2F7F2B43-D222-E08F-E063-4804A8C05A49}","260000","2025-02-04 00:00","PO31 7AH","T","N","F","1","","STONES CLOSE","","COWES","ISLE OF WIGHT","ISLE OF WIGHT","B","A"
"{2F7F2B43-D224-E08F-E063-4804A8C05A49}","86000","2025-01-15 00:00","PO36 8DF","O","N","F","55","","HIGH STREET","","SANDOWN","ISLE OF WIGHT","ISLE OF WIGHT","B","A"
"{2F7F2B43-D225-E08F-E063-4804A8C05A49}","235000","2025-01-31 00:00","PO33 1JF","F","N","L","WIGHT HALL COURT","FLAT 7","THE STRAND","","RYDE","ISLE OF WIGHT","ISLE OF WIGHT","B","A"
"{2F7F2B43-D226-E08F-E063-4804A8C05A49}","163250","2025-01-24 00:00","PO30 5NZ","T","N","F","44","","ALVINGTON MANOR VIEW","","NEWPORT","ISLE OF WIGHT","ISLE OF WIGHT","B","A"
"{2F7F2B43-D227-E08F-E063-4804A8C05A49}","767500","2025-02-07 00:00","PO37 6HS","D","N","F","37","","LITTLESTAIRS ROAD","","SHANKLIN","ISLE OF WIGHT","ISLE OF WIGHT","B","A"
"{2F7F2B43-D22A-E08F-E063-4804A8C05A49}","158500","2025-01-27 00:00","PO33 1EN","T","N","F","36","","REED STREET","","RYDE","ISLE OF WIGHT","ISLE OF WIGHT","B","A"
"{2F7F2B43-D231-E08F-E063-4804A8C05A49}","110000","2025-01-13 00:00","PO30 5ET","O","N","F","BRAUNSTONE HOUSE","","LUGLEY STREET","","NEWPORT","ISLE OF WIGHT","ISLE OF WIGHT","B","A"
"{2F7F2B43-0AA9-E08F-E063-4804A8C05A49}","373000","2024-10-09 00:00","PO35 5TN","D","N","F","5","","BEACHFIELD ROAD","","BEMBRIDGE","ISLE OF WIGHT","ISLE OF WIGHT","A","A"
"{2F7F2B43-0BCE-E08F-E063-4804A8C05A49}","282500","2024-08-23 00:00","PO36 9BX","D","N","F","32","","PEROWNE WAY","","SANDOWN","ISLE OF WIGHT","ISLE OF WIGHT","A","A"
"{2F7F2B43-0748-E08F-E063-4804A8C05A49}","305000","2024-10-18 00:00","PO38 1UH","D","N","F","14","","STEEPHILL COURT ROAD","","VENTNOR","ISLE OF WIGHT","ISLE OF WIGHT","A","A"
"{2F7F2B43-0DA1-E08F-E063-4804A8C05A49}","665000","2024-12-04 00:00","PO30 3DH","D","N","F","BUDBRIDGE GARDENS","","BUDBRIDGE LANE","MERSTONE","NEWPORT","ISLE OF WIGHT","ISLE OF WIGHT","A","A"
"{2F7F2B43-0DA7-E08F-E063-4804A8C05A49}","350000","2024-08-30 00:00","PO33 3SL","D","N","F","9","","VERWOOD DRIVE","BINSTEAD","RYDE","ISLE OF WIGHT","ISLE OF WIGHT","A","A"
"{2F7F2B43-12AB-E08F-E063-4804A8C05A49}","229950","2024-09-20 00:00","PO33 1LQ","S","N","F","77","","WEST HILL ROAD","","RYDE","ISLE OF WIGHT","ISLE OF WIGHT","A","A"
"{2F7F2B43-12AF-E08F-E063-4804A8C05A49}","110000","2024-09-17 00:00","PO38 3BJ","S","N","F","2","","STATION ROAD","WROXALL","VENTNOR","ISLE OF WIGHT","ISLE OF WIGHT","A","A"
"{2F7F2B43-12B6-E08F-E063-4804A8C05A49}","310000","2024-05-24 00:00","PO36 9HA","D","N","F","2A","","LAKE HILL","","SANDOWN","ISLE OF WIGHT","ISLE OF WIGHT","A","A"
"{2F7F2B43-12B7-E08F-E063-4804A8C05A49}","2000050","2024-08-08 00:00","PO33 4EY","D","N","L","LITTLE BURNESTON","","ASHLAKE COPSE ROAD","FISHBOURNE","RYDE","ISLE OF WIGHT","ISLE OF WIGHT","A","A"
"{2F7F2B43-12B8-E08F-E063-4804A8C05A49}","110000","2024-06-10 00:00","PO32 6SF","F","N","L","4A","","FALCON ROAD","","EAST COWES","ISLE OF WIGHT","ISLE OF WIGHT","A","A"
"{2F7F2B43-12C3-E08F-E063-4804A8C05A49}","300000","2024-12-06 00:00","PO37 6DE","D","N","F","33","","NORTH ROAD","","SHANKLIN","ISLE OF WIGHT","ISLE OF WIGHT","A","A"
"{2F7F2B43-12C5-E08F-E063-4804A8C05A49}","280000","2024-07-18 00:00","PO30 1EL","T","N","F","42","","MEDINA AVENUE","","NEWPORT","ISLE OF WIGHT","ISLE OF WIGHT","A","A"
"{2F7F2B43-12C6-E08F-E063-4804A8C05A49}","102500","2024-10-18 00:00","PO32 6JL","F","N","L","22","","COCKERELL RISE","","EAST COWES","ISLE OF WIGHT","ISLE OF WIGHT","A","A"
"{2F7F2B43-12C8-E08F-E063-4804A8C05A49}","205000","2024-10-15 00:00","PO36 9NS","T","N","F","71","","JEALS LANE","","SANDOWN","ISLE OF WIGHT","ISLE OF WIGHT","A","A"
"{2F7F2B43-12CA-E08F-E063-4804A8C05A49}","355000","2024-08-20 00:00","PO33 1HL","D","N","F","41","","ST JOHNS WOOD ROAD","","RYDE","ISLE OF WIGHT","ISLE OF WIGHT","A","A"
"{2F7F2B43-12CB-E08F-E063-4804A8C05A49}","499950","2024-08-20 00:00","PO39 0EJ","D","N","F","MULBERRY COTTAGE","","EDEN ROAD","","TOTLAND BAY","ISLE OF WIGHT","ISLE OF WIGHT","A","A"
"{2F7F2B43-12CE-E08F-E063-4804A8C05A49}","105000","2024-09-27 00:00","PO33 1HF","F","N","L","THE WILLOWS","FLAT 3","SLADE ROAD","","RYDE","ISLE OF WIGHT","ISLE OF WIGHT","A","A"
"{2F7F2B43-12CF-E08F-E063-4804A8C05A49}","275000","2024-05-09 00:00","PO31 8AG","S","N","F","83","","VENNER AVENUE","NORTHWOOD","COWES","ISLE OF WIGHT","ISLE OF WIGHT","A","A"
"{2F7F2B43-12DC-E08F-E063-4804A8C05A49}","270000","2024-09-10 00:00","PO32 6DW","T","N","F","35","","CONNAUGHT ROAD","","EAST COWES","ISLE OF WIGHT","ISLE OF WIGHT","A","A"
"{2F7F2B43-12DD-E08F-E063-4804A8C05A49}","263000","2024-05-24 00:00","PO30 3AT","S","N","F","6","","CALLOWAY CLOSE","ARRETON","NEWPORT","ISLE OF WIGHT","ISLE OF WIGHT","A","A"
"{2F7F2B43-08C6-E08F-E063-4804A8C05A49}","435000","2024-09-27 00:00","PO34 5JA","D","N","F","1","","THE GLADE","","SEAVIEW","ISLE OF WIGHT","ISLE OF WIGHT","A","A"
"{2F7F2B43-12E1-E08F-E063-4804A8C05A49}","225000","2024-07-26 00:00","PO41 0PL","F","N","L","YARMOUTH HOUSE","1A","HIGH STREET","","YARMOUTH","ISLE OF WIGHT","ISLE OF WIGHT","A","A"
"{2F7F2B43-12E2-E08F-E063-4804A8C05A49}","270000","2024-10-11 00:00","PO33 1BW","S","N","F","38","","ARUNDEL ROAD","ELMFIELD","RYDE","ISLE OF WIGHT","ISLE OF WIGHT","A","A"
"{2F7F2B43-12E8-E08F-E063-4804A8C05A49}","270000","2024-08-02 00:00","PO32 6SR","D","N","F","70","","HEFFORD ROAD","","EAST COWES","ISLE OF WIGHT","ISLE OF WIGHT","A","A"
"{2F7F2B43-12EA-E08F-E063-4804A8C05A49}","412000","2024-10-25 00:00","PO30 1HB","D","N","F","1","","COLLEGE ROAD","","NEWPORT","ISLE OF WIGHT","ISLE OF WIGHT","A","A"
"{2F7F2B43-12EB-E08F-E063-4804A8C05A49}","249000","2024-08-30 00:00","PO40 9JW","D","N","F","88","","COLLARDS CLOSE","","FRESHWATER","ISLE OF WIGHT","ISLE OF WIGHT","A","A"
"{2F7F2B43-12ED-E08F-E063-4804A8C05A49}","230000","2024-05-29 00:00","PO40 9JZ","T","N","F","HILLTOP COTTAGES","3","HIGH STREET","","FRESHWATER","ISLE OF WIGHT","ISLE OF WIGHT","A","A"
"{2F7F2B43-12F2-E08F-E063-4804A8C05A49}","799950","2024-08-20 00:00","PO39 0EX","D","N","F","MISTLEWOOD","","CHURCH HILL","","TOTLAND BAY","ISLE OF WIGHT","ISLE OF WIGHT","A","A"
"{2F7F2B43-12F3-E08F-E063-4804A8C05A49}","170000","2024-12-06 00:00","PO36 8RB","F","N","L","5","","CHATSWORTH MEWS","","SANDOWN","ISLE OF WIGHT","ISLE OF WIGHT","A","A"
"{2F7F2B43-12F5-E08F-E063-4804A8C05A49}","205000","2024-12-17 00:00","PO31 8AG","T","N","F","48","","VENNER AVENUE","NORTHWOOD","COWES","ISLE OF WIGHT","ISLE OF WIGHT","A","A"
"{2F7F2B43-12FD-E08F-E063-4804A8C05A49}","760000","2024-11-28 00:00","PO33 3BS","D","N","L","84","","PELLHURST ROAD","","RYDE","ISLE OF WIGHT","ISLE OF WIGHT","A","A"
"{2F7F2B43-12FE-E08F-E063-4804A8C05A49}","275000","2024-05-14 00:00","PO31 7JU","T","N","F","18","","ALEXANDRA ROAD","","COWES","ISLE OF WIGHT","ISLE OF WIGHT","A","A"
"{2F7F2B43-1300-E08F-E063-4804A8C05A49}","745000","2024-01-26 00:00","PO36 0JR","D","N","F","CHERRY TREE LODGE","","NEWPORT ROAD","APSE HEATH","SANDOWN","ISLE OF WIGHT","ISLE OF WIGHT","A","A"
"{2F7F2B43-1301-E08F-E063-4804A8C05A49}","380000","2024-09-16 00:00","PO33 2BB","D","N","L","43","","MONKTON STREET","","RYDE","ISLE OF WIGHT","ISLE OF WIGHT","A","A"
"{2F7F2B43-1303-E08F-E063-4804A8C05A49}","136500","2024-04-30 00:00","PO36 0DG","T","N","F","6","","HIGH STREET","BRADING","SANDOWN","ISLE OF WIGHT","ISLE OF WIGHT","A","A"
"{2F7F2B43-1304-E08F-E063-4804A8C05A49}","104000","2024-07-26 00:00","PO33 2BB","F","N","L","75","FLAT 1","MONKTON STREET","","RYDE","ISLE OF WIGHT","ISLE OF WIGHT","A","A"
"{2F7F2B43-1309-E08F-E063-4804A8C05A49}","250000","2024-09-30 00:00","PO32 6AY","T","N","F","56","","NEW BARN ROAD","","EAST COWES","ISLE OF WIGHT","ISLE OF WIGHT","A","A"
"{2F7F2B43-130B-E08F-E063-4804A8C05A49}","379752","2024-07-01 00:00","PO30 1HA","D","N","F","43","","CYPRESS ROAD","","NEWPORT","ISLE OF WIGHT","ISLE OF WIGHT","A","A"
"{2F7F2B43-1310-E08F-E063-4804A8C05A49}","600000","2024-09-06 00:00","PO37 7BH","S","N","F","3","","CLARENCE ROAD","","SHANKLIN","ISLE OF WIGHT","ISLE OF WIGHT","A","A"
"{2F7F2B43-1314-E08F-E063-4804A8C05A49}","218500","2024-10-30 00:00","PO33 2AN","F","N","L","41","THE MAISONETTE","MELVILLE STREET","","RYDE","ISLE OF WIGHT","ISLE OF WIGHT","A","A"
"{2F7F2B43-1318-E08F-E063-4804A8C05A49}","535000","2024-12-17 00:00","PO34 5BZ","T","N","L","WEST BANK","4","GULLY ROAD","","SEAVIEW","ISLE OF WIGHT","ISLE OF WIGHT","A","A"
"{2F7F2B43-131A-E08F-E063-4804A8C05A49}","250000","2024-08-02 00:00","PO37 6QY","F","N","L","UPPER CHINE LADIES SCHOOL","FAIRFIELD APARTMENT 2","CHURCH ROAD","","SHANKLIN","ISLE OF WIGHT","ISLE OF WIGHT","A","A"
"{2F7F2B43-131D-E08F-E063-4804A8C05A49}","499900","2024-10-18 00:00","PO34 5AT","T","N","L","SPRINGFIELD COURT","1 COACH HOUSE","SPRINGVALE ROAD","","SEAVIEW","ISLE OF WIGHT","ISLE OF WIGHT","A","A"
"{2F7F2B43-131F-E08F-E063-4804A8C05A49}","675000","2024-10-04 00:00","PO30 3AL","D","N","F","BERESFORD","","MAIN ROAD","ARRETON","NEWPORT","ISLE OF WIGHT","ISLE OF WIGHT","A","A"
"{2F7F2B43-1323-E08F-E063-4804A8C05A49}","105000","2024-12-17 00:00","PO37 7AG","F","N","L","CLARENDON HOUSE, 15","FLAT 5","CLARENDON ROAD","","SHANKLIN","ISLE OF WIGHT","ISLE OF WIGHT","A","A"
"{2F7F2B43-1324-E08F-E063-4804A8C05A49}","85000","2024-05-24 00:00","PO36 8HH","F","N","L","59","UPPER FLAT","GROVE ROAD","","SANDOWN","ISLE OF WIGHT","ISLE OF WIGHT","B","A"
"{2F7F2B43-1325-E08F-E063-4804A8C05A49}","355000","2024-12-12 00:00","PO33 1AS","D","N","F","23","","HAYWARD AVENUE","","RYDE","ISLE OF WIGHT","ISLE OF WIGHT","A","A"
"{2F7F2B43-1326-E08F-E063-4804A8C05A49}","90000","2024-11-27 00:00","PO40 9SG","S","N","L","38","","BRAMBLES CHINE","","FRESHWATER","ISLE OF WIGHT","ISLE OF WIGHT","A","A"
"{2F7F2B43-1328-E08F-E063-4804A8C05A49}","500000","2024-12-18 00:00","PO38 1LJ","D","N","F","HADLEY","","WHITWELL ROAD","","VENTNOR","ISLE OF WIGHT","ISLE OF WIGHT","A","A"
"{2F7F2B43-1329-E08F-E063-4804A8C05A49}","345000","2024-09-04 00:00","PO40 9NS","D","N","F","7","","CHINE CLOSE","","FRESHWATER","ISLE OF WIGHT","ISLE OF WIGHT","A","A"
"{2F7F2B43-132E-E08F-E063-4804A8C05A49}","280000","2024-08-02 00:00","PO40 9BS","S","N","F","4","","COPSE LANE","","FRESHWATER","ISLE OF WIGHT","ISLE OF WIGHT","A","A"
"{2F7F2B43-1330-E08F-E063-4804A8C05A49}","134500","2024-12-17 00:00","PO30 2DZ","F","N","L","ST MARYS COURT, 28","6","ROBIN HOOD STREET","","NEWPORT","ISLE OF WIGHT","ISLE OF WIGHT","A","A"
"{2F7F2B43-1333-E08F-E063-4804A8C05A49}","300000","2024-10-08 00:00","PO33 2DF","D","N","L","5","","NURSERY GARDENS","","RYDE","ISLE OF WIGHT","ISLE OF WIGHT","A","A"
"{2F7F2B43-1335-E08F-E063-4804A8C05A49}","182000","2024-05-14 00:00","PO30 5EH","T","N","F","10","","HEARN STREET","","NEWPORT","ISLE OF WIGHT","ISLE OF WIGHT","A","A"
"{2F7F2B43-08F6-E08F-E063-4804A8C05A49}","412000","2024-09-18 00:00","PO38 1UF","D","N","F","HOLMWOOD","","STEEPHILL ROAD","","VENTNOR","ISLE OF WIGHT","ISLE OF WIGHT","A","A"
"{2F7F2B43-0923-E08F-E063-4804A8C05A49}","170000","2024-09-30 00:00","PO33 1PZ","D","N","F","15","","GREGORY AVENUE","PONDWELL","RYDE","ISLE OF WIGHT","ISLE OF WIGHT","A","A"
"{2F7F2B43-1338-E08F-E063-4804A8C05A49}","200000","2024-09-10 00:00","PO33 3AE","F","N","L","CONISTON HOUSE","FLAT 6","CONISTON DRIVE","","RYDE","ISLE OF WIGHT","ISLE OF WIGHT","A","A"
"{2F7F2B43-1339-E08F-E063-4804A8C05A49}","335000","2024-09-12 00:00","PO39 0BG","F","N","L","AMAN COURT","FLAT 3","GRANVILLE ROAD","","TOTLAND BAY","ISLE OF WIGHT","ISLE OF WIGHT","A","A"
"{2F7F2B43-133D-E08F-E063-4804A8C05A49}","250000","2024-05-14 00:00","PO38 3JL","T","N","F","37A","","SCHOOL CRESCENT","GODSHILL","VENTNOR","ISLE OF WIGHT","ISLE OF WIGHT","A","A"
"{2F7F2B43-1341-E08F-E063-4804A8C05A49}","275000","2024-09-30 00:00","PO37 6PE","S","N","F","6","","SALEM ROAD","","SHANKLIN","ISLE OF WIGHT","ISLE OF WIGHT","A","A"
"{2F7F2B43-1344-E08F-E063-4804A8C05A49}","325000","2024-07-16 00:00","PO33 1NG","D","N","F","27","","MARINA AVENUE","","RYDE","ISLE OF WIGHT","ISLE OF WIGHT","A","A"
"{2F7F2B43-134A-E08F-E063-4804A8C05A49}","300000","2024-10-08 00:00","PO33 2DF","S","N","L","5","","NURSERY GARDENS","","RYDE","ISLE OF WIGHT","ISLE OF WIGHT","A","A"
"{2F7F2B43-134B-E08F-E063-4804A8C05A49}","263000","2024-09-06 00:00","PO33 3FA","S","N","F","6","","HAINES CLOSE","","RYDE","ISLE OF WIGHT","ISLE OF WIGHT","A","A"
"{2F7F2B43-134C-E08F-E063-4804A8C05A49}","295000","2024-05-24 00:00","PO39 0DJ","D","N","F","ARLANZA","","WESTLANDS","","TOTLAND BAY","ISLE OF WIGHT","ISLE OF WIGHT","A","A"
"{2F7F2B43-134D-E08F-E063-4804A8C05A49}","300000","2024-10-08 00:00","PO33 2DF","S","N","F","5","","NURSERY GARDENS","","RYDE","ISLE OF WIGHT","ISLE OF WIGHT","A","A"
"{2F7F2B43-1350-E08F-E063-4804A8C05A49}","440000","2024-09-19 00:00","PO37 7AZ","S","N","F","14","","ATHERLEY PARK WAY","","SHANKLIN","ISLE OF WIGHT","ISLE OF WIGHT","A","A"
"{2F7F2B43-1351-E08F-E063-4804A8C05A49}","405000","2024-05-31 00:00","PO38 2JN","S","N","F","COX'S COTTAGE","","CHALE GREEN","","VENTNOR","ISLE OF WIGHT","ISLE OF WIGHT","A","A"
"{2F7F2B43-1353-E08F-E063-4804A8C05A49}","110000","2024-12-16 00:00","PO33 1LN","F","N","L","THE CEDARS, 50","FLAT 6","WEST HILL ROAD","","RYDE","ISLE OF WIGHT","ISLE OF WIGHT","A","A"
"{2F7F2B43-135B-E08F-E063-4804A8C05A49}","85000","2024-06-21 00:00","PO32 6GB","S","N","L","78","","ALBERT WAY","","EAST COWES","ISLE OF WIGHT","ISLE OF WIGHT","A","A"
"{2F7F2B43-1369-E08F-E063-4804A8C05A49}","210000","2024-01-04 00:00","PO30 5TJ","T","N","F","44","","HORSEBRIDGE HILL","","NEWPORT","ISLE OF WIGHT","ISLE OF WIGHT","A","A"
"{2F7F2B43-136B-E08F-E063-4804A8C05A49}","210000","2024-01-22 00:00","PO30 5TJ","T","N","F","48","","HORSEBRIDGE HILL","","NEWPORT","ISLE OF WIGHT","ISLE OF WIGHT","A","A"
"{2F7F2B43-136C-E08F-E063-4804A8C05A49}","1080000","2024-01-22 00:00","PO38 1XQ","D","N","F","ST. RHADAGUNDS","","UNDERCLIFF DRIVE","ST LAWRENCE","VENTNOR","ISLE OF WIGHT","ISLE OF WIGHT","A","A"
"{2F7F2B43-136D-E08F-E063-4804A8C05A49}","290000","2024-01-25 00:00","PO39 0EU","F","Y","L","HEATHERWOOD LODGE","APARTMENT 7","CHURCH HILL","","TOTLAND BAY","ISLE OF WIGHT","ISLE OF WIGHT","A","A"
"{2F7F2B43-136F-E08F-E063-4804A8C05A49}","192000","2024-01-26 00:00","PO39 0EF","D","N","L","22","","FAIRFIELD WAY","","TOTLAND BAY","ISLE OF WIGHT","ISLE OF WIGHT","A","A"
"{2F7F2B43-1373-E08F-E063-4804A8C05A49}","185000","2024-05-29 00:00","PO30 1PY","S","N","F","21","","CHAPEL STREET","","NEWPORT","ISLE OF WIGHT","ISLE OF WIGHT","A","A"
"{2F7F2B43-07C7-E08F-E063-4804A8C05A49}","570000","2025-01-24 00:00","PO33 3AB","D","N","F","8","","WESTFIELD PARK","","RYDE","ISLE OF WIGHT","ISLE OF WIGHT","A","A"
"{2F7F2B43-0886-E08F-E063-4804A8C05A49}","250000","2025-02-07 00:00","PO33 2RX","S","N","F","20","","SURREY STREET","","RYDE","ISLE OF WIGHT","ISLE OF WIGHT","A","A"
"{2F7F2B43-09C0-E08F-E063-4804A8C05A49}","245000","2025-02-03 00:00","PO36 0JB","S","N","F","3","","QUEENS DRIVE","BRADING","SANDOWN","ISLE OF WIGHT","ISLE OF WIGHT","A","A"
"{2F7F2B43-0A25-E08F-E063-4804A8C05A49}","300000","2025-02-21 00:00","PO31 7NW","S","N","F","5","","DEBOURNE CLOSE","","COWES","ISLE OF WIGHT","ISLE OF WIGHT","A","A"
"{2F7F2B43-06F5-E08F-E063-4804A8C05A49}","425000","2025-02-13 00:00","PO37 7NY","D","N","F","15","","WINDSOR DRIVE","","SHANKLIN","ISLE OF WIGHT","ISLE OF WIGHT","A","A"
"{2F7F2B43-1375-E08F-E063-4804A8C05A49}","240000","2025-01-24 00:00","PO33 4JJ","T","N","F","77","","ST EDMUNDS WALK","WOOTTON BRIDGE","RYDE","ISLE OF WIGHT","ISLE OF WIGHT","A","A"
"{2F7F2B43-12AC-E08F-E063-4804A8C05A49}","225000","2025-01-09 00:00","PO32 6DZ","T","N","F","29","","GRANGE ROAD","","EAST COWES","ISLE OF WIGHT","ISLE OF WIGHT","A","A"
"{2F7F2B43-12AE-E08F-E063-4804A8C05A49}","375000","2025-01-17 00:00","PO30 1XR","D","N","F","25","","CHATFIELD LODGE","","NEWPORT","ISLE OF WIGHT","ISLE OF WIGHT","A","A"
"{2F7F2B43-12B0-E08F-E063-4804A8C05A49}","250000","2025-01-10 00:00","PO30 1RG","S","N","F","33","","WINSTON ROAD","","NEWPORT","ISLE OF WIGHT","ISLE OF WIGHT","A","A"
"{2F7F2B43-12B1-E08F-E063-4804A8C05A49}","175000","2025-02-14 00:00","PO30 5HW","T","N","F","2","","CATHERINE TERRACE","","NEWPORT","ISLE OF WIGHT","ISLE OF WIGHT","A","A"
"{2F7F2B43-12B2-E08F-E063-4804A8C05A49}","317500","2025-02-07 00:00","PO30 4BD","D","N","F","26","","WILBERFORCE ROAD","BRIGHSTONE","NEWPORT","ISLE OF WIGHT","ISLE OF WIGHT","A","A"
"{2F7F2B43-12B3-E08F-E063-4804A8C05A49}","385000","2025-02-06 00:00","PO36 0JW","D","N","F","50","","FOREST WAY","WINFORD","SANDOWN","ISLE OF WIGHT","ISLE OF WIGHT","A","A"
"{2F7F2B43-12B4-E08F-E063-4804A8C05A49}","380000","2025-02-06 00:00","PO30 5TD","D","N","F","BANK COTTAGE","","DODNOR LANE","","NEWPORT","ISLE OF WIGHT","ISLE OF WIGHT","A","A"
"{2F7F2B43-12B5-E08F-E063-4804A8C05A49}","182000","2025-02-20 00:00","PO36 0DL","S","N","F","5","","CROSS STREET","BRADING","SANDOWN","ISLE OF WIGHT","ISLE OF WIGHT","A","A"
"{2F7F2B43-12B9-E08F-E063-4804A8C05A49}","85000","2025-01-15 00:00","PO33 4LW","F","N","L","HOMEBRAY HOUSE","FLAT 35","MARY ROSE AVENUE","WOOTTON BRIDGE","RYDE","ISLE OF WIGHT","ISLE OF WIGHT","A","A"
"{2F7F2B43-12BA-E08F-E063-4804A8C05A49}","330000","2025-01-31 00:00","PO36 9BG","D","N","L","6","","GROVE ROAD","","SANDOWN","ISLE OF WIGHT","ISLE OF WIGHT","A","A"
"{2F7F2B43-12BB-E08F-E063-4804A8C05A49}","370000","2025-02-14 00:00","PO30 5SU","D","N","F","6","","PURDY ROAD","","NEWPORT","ISLE OF WIGHT","ISLE OF WIGHT","A","A"
"{2F7F2B43-12BC-E08F-E063-4804A8C05A49}","325000","2025-02-14 00:00","PO39 0BS","S","N","F","SOLENT HOUSE","","THE BROADWAY","","TOTLAND BAY","ISLE OF WIGHT","ISLE OF WIGHT","A","A"
"{2F7F2B43-12BD-E08F-E063-4804A8C05A49}","320000","2025-01-17 00:00","PO33 1UQ","F","N","L","TUTTS","","UPPER GREEN ROAD","ST HELENS","RYDE","ISLE OF WIGHT","ISLE OF WIGHT","A","A"
"{2F7F2B43-12BE-E08F-E063-4804A8C05A49}","373000","2025-02-07 00:00","PO36 8BN","S","N","L","14","","AVENUE ROAD","","SANDOWN","ISLE OF WIGHT","ISLE OF WIGHT","A","A"
"{2F7F2B43-12BF-E08F-E063-4804A8C05A49}","192000","2025-01-31 00:00","PO36 9NU","T","N","F","19","","JEALS LANE","","SANDOWN","ISLE OF WIGHT","ISLE OF WIGHT","A","A"
"{2F7F2B43-12C0-E08F-E063-4804A8C05A49}","220000","2025-01-31 00:00","PO36 9QS","D","N","F","78","","MERRIE GARDENS","LAKE","SANDOWN","ISLE OF WIGHT","ISLE OF WIGHT","A","A"
"{2F7F2B43-12C1-E08F-E063-4804A8C05A49}","280000","2025-02-11 00:00","PO33 3TT","S","N","F","21","","HILLRISE AVENUE","BINSTEAD","RYDE","ISLE OF WIGHT","ISLE OF WIGHT","A","A"
"{2F7F2B43-12C2-E08F-E063-4804A8C05A49}","365000","2025-02-12 00:00","PO35 5RJ","D","N","F","46","","EGERTON ROAD","","BEMBRIDGE","ISLE OF WIGHT","ISLE OF WIGHT","A","A"
"{2F7F2B43-12C4-E08F-E063-4804A8C05A49}","220000","2025-02-06 00:00","PO31 8BT","F","N","L","BRIARY COURT","FLAT 7","EGYPT ESPLANADE","","COWES","ISLE OF WIGHT","ISLE OF WIGHT","A","A"
"{2F7F2B43-12C7-E08F-E063-4804A8C05A49}","180000","2025-01-29 00:00","PO31 7JN","T","N","F","21","","FELLOWS ROAD","","COWES","ISLE OF WIGHT","ISLE OF WIGHT","A","A"
"{2F7F2B43-12C9-E08F-E063-4804A8C05A49}","230000","2025-01-24 00:00","PO37 7HD","S","N","F","83","","GREEN LANE","","SHANKLIN","ISLE OF WIGHT","ISLE OF WIGHT","A","A"
"{2F7F2B43-12CC-E08F-E063-4804A8C05A49}","250000","2025-02-14 00:00","PO30 5JX","S","N","F","18","","SCHOOL LANE","CARISBROOKE","NEWPORT","ISLE OF WIGHT","ISLE OF WIGHT","A","A"
"{2F7F2B43-12CD-E08F-E063-4804A8C05A49}","205000","2025-02-14 00:00","PO36 0BP","S","N","L","FERNSIDE","1","YARBRIDGE","BRADING","SANDOWN","ISLE OF WIGHT","ISLE OF WIGHT","A","A"
"{2F7F2B43-12D0-E08F-E063-4804A8C05A49}","270000","2025-01-31 00:00","PO30 5JR","S","N","F","6","","ARTHUR MOODY DRIVE","","NEWPORT","ISLE OF WIGHT","ISLE OF WIGHT","A","A"
"{2F7F2B43-12D1-E08F-E063-4804A8C05A49}","200000","2025-02-17 00:00","PO33 2QR","T","N","F","6","","MOUNT STREET","","RYDE","ISLE OF WIGHT","ISLE OF WIGHT","A","A"
"{2F7F2B43-12D2-E08F-E063-4804A8C05A49}","152000","2025-01-31 00:00","PO39 0BB","F","N","L","VECTIS HOUSE","FLAT 4","WARD ROAD","","TOTLAND BAY","ISLE OF WIGHT","ISLE OF WIGHT","A","A"
"{2F7F2B43-12D3-E08F-E063-4804A8C05A49}","630000","2025-01-24 00:00","PO30 3BE","D","N","F","SOUTH COTTAGE","","BLACKWATER ROAD","","NEWPORT","ISLE OF WIGHT","ISLE OF WIGHT","A","A"
"{2F7F2B43-12D4-E08F-E063-4804A8C05A49}","299000","2025-01-31 00:00","PO30 3ER","S","N","F","GLENBROOK","","MAIN ROAD","CHILLERTON","NEWPORT","ISLE OF WIGHT","ISLE OF WIGHT","A","A"
"{2F7F2B43-12D5-E08F-E063-4804A8C05A49}","640000","2025-01-24 00:00","PO35 5XR","D","N","F","ELY PLACE","","SWAINS ROAD","","BEMBRIDGE","ISLE OF WIGHT","ISLE OF WIGHT","A","A"
"{2F7F2B43-12D6-E08F-E063-4804A8C05A49}","452500","2025-02-07 00:00","PO35 5NB","D","N","F","ST JEAN D ACRE","","KINGS ROAD","","BEMBRIDGE","ISLE OF WIGHT","ISLE OF WIGHT","A","A"
"{2F7F2B43-12D7-E08F-E063-4804A8C05A49}","212000","2025-02-14 00:00","PO30 5AA","T","N","F","21","","DRILL HALL ROAD","","NEWPORT","ISLE OF WIGHT","ISLE OF WIGHT","A","A"
"{2F7F2B43-12D8-E08F-E063-4804A8C05A49}","480000","2025-02-18 00:00","PO34 5HX","D","N","F","27","","SOLENT VIEW ROAD","","SEAVIEW","ISLE OF WIGHT","ISLE OF WIGHT","A","A"
"{2F7F2B43-12D9-E08F-E063-4804A8C05A49}","245000","2025-02-14 00:00","PO30 5SJ","T","N","F","37","","MOUNTBATTEN DRIVE","","NEWPORT","ISLE OF WIGHT","ISLE OF WIGHT","A","A"
"{2F7F2B43-12DA-E08F-E063-4804A8C05A49}","200000","2025-02-07 00:00","PO35 5RN","S","N","F","5","","COPSE BUTT","","BEMBRIDGE","ISLE OF WIGHT","ISLE OF WIGHT","A","A"
"{2F7F2B43-12DB-E08F-E063-4804A8C05A49}","250000","2025-02-07 00:00","PO36 8HY","T","N","L","8","","FITZROY STREET","","SANDOWN","ISLE OF WIGHT","ISLE OF WIGHT","A","A"
"{2F7F2B43-12DE-E08F-E063-4804A8C05A49}","230000","2025-02-03 00:00","PO32 6HD","T","N","F","3","","MINERVA ROAD","","EAST COWES","ISLE OF WIGHT","ISLE OF WIGHT","A","A"
"{2F7F2B43-12DF-E08F-E063-4804A8C05A49}","260000","2025-02-14 00:00","PO30 1LN","S","N","F","8","","ST JOHNS ROAD","","NEWPORT","ISLE OF WIGHT","ISLE OF WIGHT","A","A"
"{2F7F2B43-12E0-E08F-E063-4804A8C05A49}","520000","2025-02-03 00:00","PO38 1UF","D","N","F","STONE PLACE","","STEEPHILL ROAD","","VENTNOR","ISLE OF WIGHT","ISLE OF WIGHT","A","A"
"{2F7F2B43-12E3-E08F-E063-4804A8C05A49}","347000","2025-02-07 00:00","PO35 5UL","T","N","F","16","","STEYNE ROAD","","BEMBRIDGE","ISLE OF WIGHT","ISLE OF WIGHT","A","A"
"{2F7F2B43-12E4-E08F-E063-4804A8C05A49}","292500","2025-02-07 00:00","PO33 1DQ","D","N","F","CAMBERLY","","VICTORIA CRESCENT","ELMFIELD","RYDE","ISLE OF WIGHT","ISLE OF WIGHT","A","A"
"{2F7F2B43-12E5-E08F-E063-4804A8C05A49}","233000","2025-02-03 00:00","PO30 1EW","S","N","F","37","","CLARENCE ROAD","","NEWPORT","ISLE OF WIGHT","ISLE OF WIGHT","A","A"
"{2F7F2B43-12E7-E08F-E063-4804A8C05A49}","850000","2025-02-03 00:00","PO31 8JA","D","N","F","THE HERITAGE","","TUTTONS HILL","","COWES","ISLE OF WIGHT","ISLE OF WIGHT","A","A"
"{2F7F2B43-12E9-E08F-E063-4804A8C05A49}","175000","2025-02-07 00:00","PO36 0DG","T","N","F","4","","HIGH STREET","BRADING","SANDOWN","ISLE OF WIGHT","ISLE OF WIGHT","A","A"
"{2F7F2B43-12EC-E08F-E063-4804A8C05A49}","300000","2025-01-31 00:00","PO37 7DQ","D","N","F","1","","WITBANK CLOSE","","SHANKLIN","ISLE OF WIGHT","ISLE OF WIGHT","A","A"
"{2F7F2B43-12EE-E08F-E063-4804A8C05A49}","450000","2025-01-31 00:00","PO35 5QT","D","N","F","31","","DOWNS VIEW ROAD","","BEMBRIDGE","ISLE OF WIGHT","ISLE OF WIGHT","A","A"
"{2F7F2B43-12EF-E08F-E063-4804A8C05A49}","307500","2025-02-24 00:00","PO32 6JQ","D","N","F","125","","VICTORIA GROVE","","EAST COWES","ISLE OF WIGHT","ISLE OF WIGHT","A","A"
"{2F7F2B43-12F0-E08F-E063-4804A8C05A49}","545000","2025-01-13 00:00","PO31 8EJ","D","N","F","152A","","BARING ROAD","","COWES","ISLE OF WIGHT","ISLE OF WIGHT","A","A"
"{2F7F2B43-12F1-E08F-E063-4804A8C05A49}","260000","2025-01-09 00:00","PO33 3SD","D","N","F","13","","GREENWAY","BINSTEAD","RYDE","ISLE OF WIGHT","ISLE OF WIGHT","A","A"
"{2F7F2B43-12F4-E08F-E063-4804A8C05A49}","292500","2025-01-10 00:00","PO33 3RA","D","N","F","1","","VICTORY CLOSE","","RYDE","ISLE OF WIGHT","ISLE OF WIGHT","A","A"
"{2F7F2B43-12F6-E08F-E063-4804A8C05A49}","550000","2025-01-29 00:00","PO31 8JL","D","N","F","30","","THE AVENUE","GURNARD","COWES","ISLE OF WIGHT","ISLE OF WIGHT","A","A"
"{2F7F2B43-12F7-E08F-E063-4804A8C05A49}","145000","2025-01-24 00:00","PO38 1HE","T","N","F","2","","MARKET STREET","","VENTNOR","ISLE OF WIGHT","ISLE OF WIGHT","A","A"
"{2F7F2B43-12F8-E08F-E063-4804A8C05A49}","180000","2025-01-31 00:00","PO33 2QW","T","N","F","11","","MILLIGAN ROAD","","RYDE","ISLE OF WIGHT","ISLE OF WIGHT","A","A"
"{2F7F2B43-12F9-E08F-E063-4804A8C05A49}","872500","2025-01-17 00:00","PO41 0UA","D","N","F","SWEETWATER","","CLAY LANE","NEWBRIDGE","YARMOUTH","ISLE OF WIGHT","ISLE OF WIGHT","A","A"
"{2F7F2B43-12FB-E08F-E063-4804A8C05A49}","300000","2025-02-05 00:00","PO38 1AD","D","N","F","66","","GILLS CLIFF ROAD","","VENTNOR","ISLE OF WIGHT","ISLE OF WIGHT","A","A"
"{2F7F2B43-12FC-E08F-E063-4804A8C05A49}","375000","2025-01-17 00:00","PO33 4HJ","D","N","F","1","","OAKLANDS CLOSE","FISHBOURNE","RYDE","ISLE OF WIGHT","ISLE OF WIGHT","A","A"
"{2F7F2B43-12FF-E08F-E063-4804A8C05A49}","270000","2025-02-03 00:00","PO37 7LE","S","N","F","38","","HYDE ROAD","","SHANKLIN","ISLE OF WIGHT","ISLE OF WIGHT","A","A"
"{2F7F2B43-1302-E08F-E063-4804A8C05A49}","247500","2025-02-14 00:00","PO32 6JW","S","N","F","23","","KINGSLEA PARK","","EAST COWES","ISLE OF WIGHT","ISLE OF WIGHT","A","A"
"{2F7F2B43-1305-E08F-E063-4804A8C05A49}","282800","2025-02-07 00:00","PO37 7PA","S","N","F","7","","FURZE HILL ROAD","","SHANKLIN","ISLE OF WIGHT","ISLE OF WIGHT","A","A"
"{2F7F2B43-1306-E08F-E063-4804A8C05A49}","50000","2025-01-13 00:00","PO33 2SU","F","N","L","116","FLAT 1","HIGH STREET","","RYDE","ISLE OF WIGHT","ISLE OF WIGHT","A","A"
"{2F7F2B43-1307-E08F-E063-4804A8C05A49}","230000","2025-02-21 00:00","PO38 3JL","S","N","F","19","","SCHOOL CRESCENT","GODSHILL","VENTNOR","ISLE OF WIGHT","ISLE OF WIGHT","A","A"
"{2F7F2B43-1308-E08F-E063-4804A8C05A49}","225000","2025-01-23 00:00","PO30 5ZQ","T","N","F","4","","CHARNWOOD CLOSE","","NEWPORT","ISLE OF WIGHT","ISLE OF WIGHT","A","A"
"{2F7F2B43-130A-E08F-E063-4804A8C05A49}","162750","2025-01-31 00:00","PO30 2HA","S","N","F","13","","VICTORIA ROAD","","NEWPORT","ISLE OF WIGHT","ISLE OF WIGHT","A","A"
"{2F7F2B43-130C-E08F-E063-4804A8C05A49}","225000","2025-02-07 00:00","PO38 1BE","S","N","F","37","","DOWNLANDS CRESCENT","","VENTNOR","ISLE OF WIGHT","ISLE OF WIGHT","A","A"
"{2F7F2B43-130D-E08F-E063-4804A8C05A49}","320000","2025-01-09 00:00","PO33 4NT","D","N","F","4","","LUSHINGTON HILL","WOOTTON BRIDGE","RYDE","ISLE OF WIGHT","ISLE OF WIGHT","A","A"
"{2F7F2B43-130E-E08F-E063-4804A8C05A49}","370000","2025-01-31 00:00","PO39 0AW","T","N","F","2A","","HURST POINT VIEW","","TOTLAND BAY","ISLE OF WIGHT","ISLE OF WIGHT","A","A"
"{2F7F2B43-130F-E08F-E063-4804A8C05A49}","220000","2025-02-11 00:00","PO31 7PS","T","N","F","148","","NEWPORT ROAD","","COWES","ISLE OF WIGHT","ISLE OF WIGHT","A","A"
"{2F7F2B43-1312-E08F-E063-4804A8C05A49}","335000","2025-01-31 00:00","PO36 0JT","D","N","F","10","","VENTNOR ROAD","APSE HEATH","SANDOWN","ISLE OF WIGHT","ISLE OF WIGHT","A","A"
"{2F7F2B43-1313-E08F-E063-4804A8C05A49}","220000","2025-02-26 00:00","PO30 5UR","T","N","F","4","","ASH CLOSE","","NEWPORT","ISLE OF WIGHT","ISLE OF WIGHT","A","A"
"{2F7F2B43-1315-E08F-E063-4804A8C05A49}","110000","2025-02-14 00:00","PO33 2JY","F","N","L","ANGLESEA TERRACE, 9 - 10","4","ANGLESEA STREET","","RYDE","ISLE OF WIGHT","ISLE OF WIGHT","A","A"
"{2F7F2B43-1316-E08F-E063-4804A8C05A49}","125000","2025-01-31 00:00","PO32 6SF","T","N","F","2","","FALCON ROAD","","EAST COWES","ISLE OF WIGHT","ISLE OF WIGHT","A","A"
"{2F7F2B43-1317-E08F-E063-4804A8C05A49}","193000","2025-01-22 00:00","PO30 2AJ","S","N","F","26","","ROBIN HOOD STREET","","NEWPORT","ISLE OF WIGHT","ISLE OF WIGHT","A","A"
"{2F7F2B43-1319-E08F-E063-4804A8C05A49}","210500","2025-01-17 00:00","PO33 3JN","T","N","L","14","","GRENVILLE DRIVE","","RYDE","ISLE OF WIGHT","ISLE OF WIGHT","A","A"
"{2F7F2B43-131B-E08F-E063-4804A8C05A49}","130000","2025-02-07 00:00","PO38 1EL","F","N","L","TUDOR HOUSE","4","VICTORIA STREET","","VENTNOR","ISLE OF WIGHT","ISLE OF WIGHT","A","A"
"{2F7F2B43-131C-E08F-E063-4804A8C05A49}","830000","2025-01-30 00:00","PO38 2JH","D","N","F","WHITE COTTAGE","","MILITARY ROAD","ATHERFIELD","VENTNOR","ISLE OF WIGHT","ISLE OF WIGHT","A","A"
"{2F7F2B43-131E-E08F-E063-4804A8C05A49}","320000","2025-01-23 00:00","PO38 1QZ","D","N","F","69","","MADEIRA ROAD","","VENTNOR","ISLE OF WIGHT","ISLE OF WIGHT","A","A"
"{2F7F2B43-1320-E08F-E063-4804A8C05A49}","310000","2025-02-06 00:00","PO36 8DT","D","N","F","13","","QUEENS ROAD","","SANDOWN","ISLE OF WIGHT","ISLE OF WIGHT","A","A"
"{2F7F2B43-1321-E08F-E063-4804A8C05A49}","542500","2025-01-24 00:00","PO31 7FS","F","N","L","REGATTA HOUSE, 18","FLAT 3","BATH ROAD","","COWES","ISLE OF WIGHT","ISLE OF WIGHT","A","A"
"{2F7F2B43-1322-E08F-E063-4804A8C05A49}","89500","2025-02-12 00:00","PO33 1FE","F","N","L","87","","AMHERST PLACE","","RYDE","ISLE OF WIGHT","ISLE OF WIGHT","A","A"
"{2F7F2B43-1327-E08F-E063-4804A8C05A49}","315000","2025-01-17 00:00","PO36 8DT","D","N","F","8","","QUEENS ROAD","","SANDOWN","ISLE OF WIGHT","ISLE OF WIGHT","A","A"
"{2F7F2B43-132A-E08F-E063-4804A8C05A49}","222000","2025-01-07 00:00","PO33 3NX","T","N","F","16C","","RINGWOOD ROAD","","RYDE","ISLE OF WIGHT","ISLE OF WIGHT","A","A"
"{2F7F2B43-132B-E08F-E063-4804A8C05A49}","547500","2025-01-31 00:00","PO31 8ER","D","N","F","196","","BARING ROAD","","COWES","ISLE OF WIGHT","ISLE OF WIGHT","A","A"
"{2F7F2B43-132C-E08F-E063-4804A8C05A49}","222000","2025-02-10 00:00","PO33 1TG","S","N","F","40","","LATIMER ROAD","ST HELENS","RYDE","ISLE OF WIGHT","ISLE OF WIGHT","A","A"
"{2F7F2B43-132D-E08F-E063-4804A8C05A49}","190000","2025-02-14 00:00","PO33 3NN","T","N","F","11","","MEADOWBROOK","","RYDE","ISLE OF WIGHT","ISLE OF WIGHT","A","A"
"{2F7F2B43-132F-E08F-E063-4804A8C05A49}","310000","2025-01-22 00:00","PO39 0EF","D","N","F","9","","FAIRFIELD WAY","","TOTLAND BAY","ISLE OF WIGHT","ISLE OF WIGHT","A","A"
"{2F7F2B43-1331-E08F-E063-4804A8C05A49}","138500","2025-02-07 00:00","PO38 1BN","F","N","L","OLIVER COURT, 43","FLAT 3","SOUTH STREET","","VENTNOR","ISLE OF WIGHT","ISLE OF WIGHT","A","A"
"{2F7F2B43-1332-E08F-E063-4804A8C05A49}","150000","2025-01-09 00:00","PO32 6GF","F","N","L","1","FLAT 1","ABBEY WALK","","EAST COWES","ISLE OF WIGHT","ISLE OF WIGHT","A","A"
"{2F7F2B43-1334-E08F-E063-4804A8C05A49}","340000","2025-02-21 00:00","PO38 1RF","F","N","L","GRANGE COURT","2","SHORE ROAD","BONCHURCH","VENTNOR","ISLE OF WIGHT","ISLE OF WIGHT","A","A"
"{2F7F2B43-1336-E08F-E063-4804A8C05A49}","195000","2025-02-07 00:00","PO31 7SU","T","N","F","26","","ST MARYS ROAD","","COWES","ISLE OF WIGHT","ISLE OF WIGHT","A","A"
"{2F7F2B43-1337-E08F-E063-4804A8C05A49}","190000","2025-02-18 00:00","PO40 9FQ","F","N","L","BROOKLANDS","FLAT 1","QUEENS ROAD","","FRESHWATER","ISLE OF WIGHT","ISLE OF WIGHT","A","A"
"{2F7F2B43-133A-E08F-E063-4804A8C05A49}","160000","2025-02-14 00:00","PO40 9FQ","F","N","L","BROOKLANDS","FLAT 4","QUEENS ROAD","","FRESHWATER","ISLE OF WIGHT","ISLE OF WIGHT","A","A"
"{2F7F2B43-133C-E08F-E063-4804A8C05A49}","357000","2025-02-13 00:00","PO32 6HD","S","N","F","LYNDALE, 2","","MINERVA ROAD","","EAST COWES","ISLE OF WIGHT","ISLE OF WIGHT","A","A"
"{2F7F2B43-133E-E08F-E063-4804A8C05A49}","302600","2025-01-31 00:00","PO31 8JP","D","N","F","24","","CHURCH ROAD","GURNARD","COWES","ISLE OF WIGHT","ISLE OF WIGHT","A","A"
"{2F7F2B43-133F-E08F-E063-4804A8C05A49}","390000","2025-01-31 00:00","PO31 7EH","S","N","F","105","","MILL HILL ROAD","","COWES","ISLE OF WIGHT","ISLE OF WIGHT","A","A"
"{2F7F2B43-1340-E08F-E063-4804A8C05A49}","205000","2025-02-07 00:00","PO32 6FP","T","N","F","1","","ROYALIST COURT","","EAST COWES","ISLE OF WIGHT","ISLE OF WIGHT","A","A"
"{2F7F2B43-1342-E08F-E063-4804A8C05A49}","295000","2025-02-11 00:00","PO39 0FF","S","N","F","7","","FAIRFIELD PARK","","TOTLAND BAY","ISLE OF WIGHT","ISLE OF WIGHT","A","A"
"{2F7F2B43-1343-E08F-E063-4804A8C05A49}","243000","2025-02-07 00:00","PO30 5TJ","T","N","F","23","","HORSEBRIDGE HILL","","NEWPORT","ISLE OF WIGHT","ISLE OF WIGHT","A","A"
"{2F7F2B43-1345-E08F-E063-4804A8C05A49}","470000","2025-02-26 00:00","PO31 8LS","D","N","F","125","","PALLANCE ROAD","NORTHWOOD","COWES","ISLE OF WIGHT","ISLE OF WIGHT","A","A"
"{2F7F2B43-1346-E08F-E063-4804A8C05A49}","272500","2025-01-17 00:00","PO32 6RL","S","N","F","26","","CHURCH PATH","","EAST COWES","ISLE OF WIGHT","ISLE OF WIGHT","A","A"
"{2F7F2B43-1347-E08F-E063-4804A8C05A49}","255000","2025-02-13 00:00","PO38 1UD","S","N","F","12","","CASTLE CLOSE","","VENTNOR","ISLE OF WIGHT","ISLE OF WIGHT","A","A"
"{2F7F2B43-1348-E08F-E063-4804A8C05A49}","380000","2025-01-23 00:00","PO40 9TY","F","N","L","ST MARTINS","FLAT 5","AFTON DOWN","","FRESHWATER","ISLE OF WIGHT","ISLE OF WIGHT","A","A"
"{2F7F2B43-1349-E08F-E063-4804A8C05A49}","250000","2025-01-03 00:00","PO31 7JT","T","N","F","73","","ALEXANDRA ROAD","","COWES","ISLE OF WIGHT","ISLE OF WIGHT","A","A"
"{2F7F2B43-134F-E08F-E063-4804A8C05A49}","200000","2025-01-31 00:00","PO32 6GT","T","N","F","80","","CAPTAINS PARADE","","EAST COWES","ISLE OF WIGHT","ISLE OF WIGHT","A","A"
"{2F7F2B43-1352-E08F-E063-4804A8C05A49}","975000","2025-02-14 00:00","PO31 8DW","D","N","F","110","","BARING ROAD","","COWES","ISLE OF WIGHT","ISLE OF WIGHT","A","A"
"{2F7F2B43-1354-E08F-E063-4804A8C05A49}","160000","2025-01-31 00:00","PO30 2FR","F","N","L","DREY COURT, 108","FLAT 5","GODRIC ROAD","","NEWPORT","ISLE OF WIGHT","ISLE OF WIGHT","A","A"
"{2F7F2B43-1355-E08F-E063-4804A8C05A49}","435000","2025-01-31 00:00","PO31 7GA","S","N","F","33","","DEAUVILLE AVENUE","","COWES","ISLE OF WIGHT","ISLE OF WIGHT","A","A"
"{2F7F2B43-1356-E08F-E063-4804A8C05A49}","158000","2025-01-24 00:00","PO33 2PB","F","N","L","RYDE COURT","FLAT 12","ST THOMAS STREET","","RYDE","ISLE OF WIGHT","ISLE OF WIGHT","A","A"
"{2F7F2B43-1357-E08F-E063-4804A8C05A49}","125000","2025-01-30 00:00","PO33 2AT","F","N","L","ROSE COURT, 48","FLAT 8","MELVILLE STREET","","RYDE","ISLE OF WIGHT","ISLE OF WIGHT","A","A"
"{2F7F2B43-1358-E08F-E063-4804A8C05A49}","255000","2025-02-03 00:00","PO32 6GE","S","N","F","64","","CROMWELL AVENUE","","EAST COWES","ISLE OF WIGHT","ISLE OF WIGHT","A","A"
"{2F7F2B43-1359-E08F-E063-4804A8C05A49}","267500","2025-02-20 00:00","PO39 0AQ","D","N","F","COCONUT COTTAGE, 3","","HURST POINT VIEW","","TOTLAND BAY","ISLE OF WIGHT","ISLE OF WIGHT","A","A"
"{2F7F2B43-135A-E08F-E063-4804A8C05A49}","243000","2025-02-13 00:00","PO30 5JQ","S","N","F","14","","GRANGE DRIVE","","NEWPORT","ISLE OF WIGHT","ISLE OF WIGHT","A","A"
"{2F7F2B43-1370-E08F-E063-4804A8C05A49}","218250","2025-01-31 00:00","PO30 3AL","D","N","F","HEASLEY COTTAGES","7","MAIN ROAD","ARRETON","NEWPORT","ISLE OF WIGHT","ISLE OF WIGHT","A","A"
"{2F7F2B43-1374-E08F-E063-4804A8C05A49}","285000","2025-02-10 00:00","PO33 3QH","S","N","F","70","","WELLINGTON ROAD","","RYDE","ISLE OF WIGHT","ISLE OF WIGHT","A","A"
"{237B17FE-0F57-22AC-E063-4804A8C0EA3A}","142000","2024-05-03 00:00","PO30 5GF","F","N","L","SHANKLIN HOUSE, 37","APARTMENT 2","BRICKFIELD CLOSE","","NEWPORT","ISLE OF WIGHT","ISLE OF WIGHT","A","D"
