"{D7FC0888-1919-43BE-AD32-688F4BA2DE4C}","38500","2002-08-09 00:00","PO33 2RJ","F","N","L","132A","FLAT 2","HIGH STREET","","RYDE","ISLE OF WIGHT","ISLE OF WIGHT","A","C"
"{38EDC0C2-FB44-0F63-E063-4704A8C00424}","210000","2021-09-24 00:00","PO30 2GN","S","N","F","35","","WINTERGREEN GARDENS","","NEWPORT","ISLE OF WIGHT","ISLE OF WIGHT","A","A"
"{07193622-8F64-4C0A-9F0E-B895C8C520A0}","24000","2001-05-01 00:00","PO33 2RJ","F","N","L","132A","FLAT 2","HIGH STREET","","RYDE","ISLE OF WIGHT","ISLE OF WIGHT","A","C"
"{21E6A356-8D47-49F6-9590-67E5D0EE35EA}","60000","2005-04-11 00:00","PO33 2RJ","F","N","L","132A","FLAT 2","HIGH STREET","","RYDE","ISLE OF WIGHT","ISLE OF WIGHT","A","C"
"{D707E536-7AA1-0AD9-E053-6B04A8C067CC}","285000","2021-10-27 00:00","PO33 1QE","O","N","F","BARN HOUSE","","BULLEN ROAD","","RYDE","ISLE OF WIGHT","ISLE OF WIGHT","B","C"
"{42B22834-49CA-4C16-AED3-BD69687C569B}","30500","2000-06-30 00:00","PO33 2RJ","F","N","L","132A","FLAT 1","HIGH STREET","","RYDE","ISLE OF WIGHT","ISLE OF WIGHT","A","C"
"{42F2FF79-3F47-4B86-85BA-543B32B9FC17}","47000","2000-08-21 00:00","PO33 2RJ","F","N","L","132A","FLAT 3","HIGH STREET","","RYDE","ISLE OF WIGHT","ISLE OF WIGHT","A","C"
"{38EDC0C2-FAB4-0F63-E063-4704A8C00424}","86000","2022-08-31 00:00","PO36 8NZ","F","N","L","32A","","NEWCOMEN ROAD","","SANDOWN","ISLE OF WIGHT","ISLE OF WIGHT","A","A"
"{38EDC0C2-FB37-0F63-E063-4704A8C00424}","225000","2022-12-16 00:00","PO30 2GH","S","N","F","34","","ANGELICA GROVE","","NEWPORT","ISLE OF WIGHT","ISLE OF WIGHT","B","A"
"{38EDC0C2-FB38-0F63-E063-4704A8C00424}","220000","2022-12-16 00:00","PO30 2GH","S","N","F","30","","ANGELICA GROVE","","NEWPORT","ISLE OF WIGHT","ISLE OF WIGHT","A","A"
"{38EDC0C2-FB3A-0F63-E063-4704A8C00424}","222500","2022-12-15 00:00","PO30 2GH","S","N","F","28","","ANGELICA GROVE","","NEWPORT","ISLE OF WIGHT","ISLE OF WIGHT","A","A"
"{42A5A709-47B5-56E8-E050-A8C06205331E}","165000","2016-10-28 00:00","PO30 5TY","D","N","F","PLOT 5 AND 6","","NOKE COMMON","","NEWPORT","ISLE OF WIGHT","ISLE OF WIGHT","A","C"
"{38EDC0C2-FB3B-0F63-E063-4704A8C00424}","220000","2022-12-15 00:00","PO30 2GH","S","N","F","32","","ANGELICA GROVE","","NEWPORT","ISLE OF WIGHT","ISLE OF WIGHT","A","A"
"{38EDC0C2-FB4A-0F63-E063-4704A8C00424}","222500","2022-07-27 00:00","PO37 6RQ","F","N","L","BEECH COURT, 10A","FLAT 15","LUCCOMBE ROAD","","SHANKLIN","ISLE OF WIGHT","ISLE OF WIGHT","A","A"
"{3C3344D8-0063-4CC9-96CD-083058B890B5}","58000","2014-01-03 00:00","PO33 2RJ","F","N","L","132A","FLAT 2","HIGH STREET","","RYDE","ISLE OF WIGHT","ISLE OF WIGHT","A","C"
"{38EDC0C2-FB21-0F63-E063-4704A8C00424}","95000","2020-08-18 00:00","PO32 6GB","F","N","L","RIVER COURT, 62","FLAT 10","ALBERT WAY","","EAST COWES","ISLE OF WIGHT","ISLE OF WIGHT","A","A"
"{38EDC0C3-A527-0F63-E063-4704A8C00424}","694000","2020-11-15 00:00","PO30 2LA","O","N","F","THE BREEZE","","MILL LANE","BINFIELD","NEWPORT","ISLE OF WIGHT","ISLE OF WIGHT","B","A"
"{5502F8AF-1FAF-45F5-8DF7-F9F1E2526494}","29950","1996-12-20 00:00","PO37 6AS","F","Y","L","BROADLANDS LODGE, 14","UPPER LODGE","PALMERSTON ROAD","","SHANKLIN","ISLE OF WIGHT","ISLE OF WIGHT","A","C"
"{F760113C-6940-4CD1-A908-0E1C8D6355D9}","72000","2008-06-06 00:00","PO33 2RJ","F","N","L","132A","FLAT 1","HIGH STREET","","RYDE","ISLE OF WIGHT","ISLE OF WIGHT","A","C"
"{38EDC0C3-A517-0F63-E063-4704A8C00424}","170000","2024-10-29 00:00","PO33 2RY","T","N","F","65","","WELL STREET","","RYDE","ISLE OF WIGHT","ISLE OF WIGHT","B","A"
"{38EDC0C3-A514-0F63-E063-4704A8C00424}","387000","2023-10-30 00:00","PO39 0EF","D","N","F","26","","FAIRFIELD WAY","","TOTLAND BAY","ISLE OF WIGHT","ISLE OF WIGHT","B","A"
"{38EDC0C3-A513-0F63-E063-4704A8C00424}","181762","2023-10-30 00:00","PO39 0EF","D","N","F","26","","FAIRFIELD WAY","","TOTLAND BAY","ISLE OF WIGHT","ISLE OF WIGHT","B","A"
"{38EDC0C3-A518-0F63-E063-4704A8C00424}","80000","2023-03-09 00:00","PO31 7QJ","O","N","F","MARINE COURT","FLAT 4","THE PARADE","","COWES","ISLE OF WIGHT","ISLE OF WIGHT","B","A"
"{38EDC0C3-A529-0F63-E063-4704A8C00424}","233000","2023-03-30 00:00","PO30 2GH","S","Y","F","40","","ANGELICA GROVE","","NEWPORT","ISLE OF WIGHT","ISLE OF WIGHT","B","A"
"{38EDC0C3-A52A-0F63-E063-4704A8C00424}","260000","2023-05-26 00:00","PO30 2GG","S","N","F","7","","LARKSPUR CLOSE","","NEWPORT","ISLE OF WIGHT","ISLE OF WIGHT","B","A"
"{38EDC0C3-A52B-0F63-E063-4704A8C00424}","218000","2023-11-17 00:00","PO30 2FF","T","N","F","1A","","LAVENDER WAY","","NEWPORT","ISLE OF WIGHT","ISLE OF WIGHT","B","A"
"{38EDC0C3-A52C-0F63-E063-4704A8C00424}","220000","2023-12-11 00:00","PO30 2FB","T","Y","F","1","","HOLLYHOCK CRESCENT","","NEWPORT","ISLE OF WIGHT","ISLE OF WIGHT","B","A"
"{38EDC0C3-A52D-0F63-E063-4704A8C00424}","195000","2023-12-11 00:00","PO30 2FR","T","Y","F","54","","GODRIC ROAD","","NEWPORT","ISLE OF WIGHT","ISLE OF WIGHT","B","A"
"{38EDC0C3-A52E-0F63-E063-4704A8C00424}","190000","2023-12-11 00:00","PO30 2FR","T","Y","F","56","","GODRIC ROAD","","NEWPORT","ISLE OF WIGHT","ISLE OF WIGHT","B","A"
"{38EDC0C3-A533-0F63-E063-4704A8C00424}","175000","2023-12-19 00:00","PO33 1HL","F","N","L","51","","ST JOHNS WOOD ROAD","","RYDE","ISLE OF WIGHT","ISLE OF WIGHT","B","A"
"{38EDC0C3-A51A-0F63-E063-4704A8C00424}","355000","2024-05-17 00:00","PO31 7UF","O","N","F","7","","HIGHFIELD ROAD","","COWES","ISLE OF WIGHT","ISLE OF WIGHT","B","A"
"{38EDC0C3-A51D-0F63-E063-4704A8C00424}","900000","2024-12-09 00:00","PO30 5BF","O","N","F","THE COURTYARD","GLANVILLES DAMANT LEGAL SERVICES","MONKS BROOK","","NEWPORT","ISLE OF WIGHT","ISLE OF WIGHT","B","A"
"{38EDC0C3-A51E-0F63-E063-4704A8C00424}","31995000","2024-08-13 00:00","PO38 2JD","O","N","F","SANDY LANES","","MILITARY ROAD","ATHERFIELD","VENTNOR","ISLE OF WIGHT","ISLE OF WIGHT","B","A"
"{38EDC0C2-FB3D-0F63-E063-4704A8C00424}","257500","2023-01-27 00:00","PO30 2GH","S","N","F","46","","ANGELICA GROVE","","NEWPORT","ISLE OF WIGHT","ISLE OF WIGHT","A","A"
"{38EDC0C2-FB39-0F63-E063-4704A8C00424}","202500","2023-01-27 00:00","PO30 2GH","S","N","F","55","","ANGELICA GROVE","","NEWPORT","ISLE OF WIGHT","ISLE OF WIGHT","A","A"
"{38EDC0C2-FB3C-0F63-E063-4704A8C00424}","260000","2023-01-27 00:00","PO30 2GH","S","N","F","44","","ANGELICA GROVE","","NEWPORT","ISLE OF WIGHT","ISLE OF WIGHT","A","A"
"{38EDC0C2-FB3E-0F63-E063-4704A8C00424}","262500","2023-03-24 00:00","PO30 2GH","S","Y","F","54","","ANGELICA GROVE","","NEWPORT","ISLE OF WIGHT","ISLE OF WIGHT","A","A"
"{38EDC0C2-FB3F-0F63-E063-4704A8C00424}","259500","2023-03-24 00:00","PO30 2GH","S","Y","F","56","","ANGELICA GROVE","","NEWPORT","ISLE OF WIGHT","ISLE OF WIGHT","A","A"
"{38EDC0C2-FB40-0F63-E063-4704A8C00424}","255000","2023-03-31 00:00","PO30 2GG","S","N","F","10","","LARKSPUR CLOSE","","NEWPORT","ISLE OF WIGHT","ISLE OF WIGHT","A","A"
"{38EDC0C2-FB41-0F63-E063-4704A8C00424}","218500","2023-05-26 00:00","PO30 2GG","S","N","F","3","","LARKSPUR CLOSE","","NEWPORT","ISLE OF WIGHT","ISLE OF WIGHT","A","A"
"{38EDC0C2-FB42-0F63-E063-4704A8C00424}","260000","2023-05-25 00:00","PO30 2GG","S","N","F","5","","LARKSPUR CLOSE","","NEWPORT","ISLE OF WIGHT","ISLE OF WIGHT","A","A"
"{38EDC0C2-FB43-0F63-E063-4704A8C00424}","233000","2023-07-21 00:00","PO30 2GH","S","Y","F","38","","ANGELICA GROVE","","NEWPORT","ISLE OF WIGHT","ISLE OF WIGHT","A","A"
"{38EDC0C2-FB45-0F63-E063-4704A8C00424}","265000","2023-09-29 00:00","PO30 2FP","S","N","F","75","","GODRIC ROAD","","NEWPORT","ISLE OF WIGHT","ISLE OF WIGHT","A","A"
"{38EDC0C2-FB46-0F63-E063-4704A8C00424}","257500","2023-10-27 00:00","PO30 2FP","S","N","F","83A","","GODRIC ROAD","","NEWPORT","ISLE OF WIGHT","ISLE OF WIGHT","A","A"
"{38EDC0C2-FB47-0F63-E063-4704A8C00424}","257500","2023-12-18 00:00","PO30 2FB","S","Y","F","3","","HOLLYHOCK CRESCENT","","NEWPORT","ISLE OF WIGHT","ISLE OF WIGHT","A","A"
"{38EDC0C2-FB48-0F63-E063-4704A8C00424}","255000","2023-12-18 00:00","PO30 2FB","S","Y","F","2","","HOLLYHOCK CRESCENT","","NEWPORT","ISLE OF WIGHT","ISLE OF WIGHT","A","A"
"{38EDC0C3-A524-0F63-E063-4704A8C00424}","10000","2024-07-04 00:00","PO33 2ED","O","N","F","THE ROYAL ESPLANADE HOTEL, 16","","ESPLANADE","","RYDE","ISLE OF WIGHT","ISLE OF WIGHT","B","A"
"{38EDC0C3-A520-0F63-E063-4704A8C00424}","635000","2024-06-07 00:00","PO33 4RE","D","N","F","69","","STATION ROAD","WOOTTON BRIDGE","RYDE","ISLE OF WIGHT","ISLE OF WIGHT","B","A"
"{38EDC0C3-A522-0F63-E063-4704A8C00424}","150000","2024-08-19 00:00","","O","N","F","WORKS DEPOT","","VICTORIA CRESCENT","ELMFIELD","RYDE","ISLE OF WIGHT","ISLE OF WIGHT","B","A"
"{38EDC0C3-A523-0F63-E063-4704A8C00424}","95000","2024-12-09 00:00","PO40 9SY","O","N","F","166A","","BRAMBLES CHINE","","FRESHWATER","ISLE OF WIGHT","ISLE OF WIGHT","B","A"
"{38EDC0C3-A528-0F63-E063-4704A8C00424}","2000000","2024-12-12 00:00","PO33 4DE","O","N","F","ROWLANDS FARMHOUSE","","ROWLANDS LANE","HAVENSTREET","RYDE","ISLE OF WIGHT","ISLE OF WIGHT","B","A"
"{38EDC0C3-A530-0F63-E063-4704A8C00424}","100000","2024-04-26 00:00","PO33 2LL","O","N","L","29 - 30","","CROSS STREET","","RYDE","ISLE OF WIGHT","ISLE OF WIGHT","B","A"
"{38EDC0C3-A531-0F63-E063-4704A8C00424}","125000","2024-05-24 00:00","PO31 8RS","O","N","L","284","","GURNARD PINES","","COWES","ISLE OF WIGHT","ISLE OF WIGHT","B","A"
"{38EDC0C3-A532-0F63-E063-4704A8C00424}","180000","2024-01-19 00:00","PO40 9AU","O","N","F","71","","SCHOOL GREEN ROAD","","FRESHWATER","ISLE OF WIGHT","ISLE OF WIGHT","B","A"
"{38EDC0C3-A535-0F63-E063-4704A8C00424}","65000","2024-05-02 00:00","PO33 2RJ","F","N","L","131B","","HIGH STREET","","RYDE","ISLE OF WIGHT","ISLE OF WIGHT","B","A"
"{38EDC0C3-A536-0F63-E063-4704A8C00424}","65000","2024-05-02 00:00","PO33 2RJ","F","N","L","131C","","HIGH STREET","","RYDE","ISLE OF WIGHT","ISLE OF WIGHT","B","A"
"{38EDC0C2-FB11-0F63-E063-4704A8C00424}","285000","2024-09-30 00:00","PO33 3QY","S","N","F","45","","HAMILTON ROAD","","RYDE","ISLE OF WIGHT","ISLE OF WIGHT","A","A"
"{38EDC0C3-A52F-0F63-E063-4704A8C00424}","200000","2024-02-20 00:00","PO40 9GH","O","N","F","MELLOW HOUSE","","WOODPECKER DRIVE","","FRESHWATER","ISLE OF WIGHT","ISLE OF WIGHT","B","A"
"{38EDC0C3-A3A0-0F63-E063-4704A8C00424}","895000","2024-12-04 00:00","PO33 4AT","O","N","F","ASHEYBROOKE","","EAST ASHEY LANE","","RYDE","ISLE OF WIGHT","ISLE OF WIGHT","B","A"
"{38EDC0C3-A512-0F63-E063-4704A8C00424}","47000","2025-05-15 00:00","PO36 8QP","O","N","L","191","","SANDOWN BAY HOLIDAY CENTRE","","SANDOWN","ISLE OF WIGHT","ISLE OF WIGHT","B","A"
"{38EDC0C3-A515-0F63-E063-4704A8C00424}","195000","2025-01-06 00:00","PO37 6BN","O","N","F","12","","ESPLANADE","","SHANKLIN","ISLE OF WIGHT","ISLE OF WIGHT","B","A"
"{38EDC0C3-A516-0F63-E063-4704A8C00424}","297500","2025-04-25 00:00","PO40 9DJ","D","N","F","14","","REGINA ROAD","","FRESHWATER","ISLE OF WIGHT","ISLE OF WIGHT","B","A"
"{38EDC0C3-A519-0F63-E063-4704A8C00424}","125000","2025-05-23 00:00","PO37 7DH","O","N","F","10B","","WITBANK GARDENS","","SHANKLIN","ISLE OF WIGHT","ISLE OF WIGHT","B","A"
"{38EDC0C3-A51B-0F63-E063-4704A8C00424}","110000","2025-06-17 00:00","PO38 2DY","S","N","F","31","","ALLOTMENT ROAD","NITON","VENTNOR","ISLE OF WIGHT","ISLE OF WIGHT","B","A"
"{38EDC0C3-A51C-0F63-E063-4704A8C00424}","82000","2025-06-04 00:00","PO37 7HU","F","N","L","THOMPSON COURT, 70","FLAT 2","LANDGUARD ROAD","","SHANKLIN","ISLE OF WIGHT","ISLE OF WIGHT","B","A"
"{38EDC0C3-A51F-0F63-E063-4704A8C00424}","120000","2025-05-16 00:00","PO38 1JN","O","N","F","THE LODGE","","MARINE PARADE","","VENTNOR","ISLE OF WIGHT","ISLE OF WIGHT","B","A"
"{38EDC0C3-A521-0F63-E063-4704A8C00424}","46500","2025-01-24 00:00","PO41 0RJ","O","N","L","THE WEST BAY CLUB","UNIT N8","HALLETTS SHUTE","NORTON","YARMOUTH","ISLE OF WIGHT","ISLE OF WIGHT","B","A"
"{38EDC0C3-A525-0F63-E063-4704A8C00424}","1760000","2025-01-15 00:00","PO30 2LA","O","N","F","ISLAND HARBOUR MARINA","","MILL LANE","BINFIELD","NEWPORT","ISLE OF WIGHT","ISLE OF WIGHT","B","A"
"{38EDC0C3-A526-0F63-E063-4704A8C00424}","97500","2025-06-06 00:00","PO37 7HU","F","N","L","56A","FLAT 1","LANDGUARD ROAD","","SHANKLIN","ISLE OF WIGHT","ISLE OF WIGHT","B","A"
"{38EDC0C3-A534-0F63-E063-4704A8C00424}","110000","2025-05-19 00:00","PO33 2UH","S","N","L","58","","WEST STREET","","RYDE","ISLE OF WIGHT","ISLE OF WIGHT","B","A"
"{38EDC0C2-FB50-0F63-E063-4704A8C00424}","240000","2024-06-19 00:00","PO38 2AA","S","N","F","WEEK FARM COTTAGES","2","WHITWELL ROAD","","VENTNOR","ISLE OF WIGHT","ISLE OF WIGHT","A","A"
"{38EDC0C2-FB4D-0F63-E063-4704A8C00424}","190000","2024-04-02 00:00","PO33 3FF","F","Y","L","SPENCER HOUSE, 11","FLAT 4","RYDE HOUSE DRIVE","","RYDE","ISLE OF WIGHT","ISLE OF WIGHT","A","A"
"{38EDC0C2-FB4E-0F63-E063-4704A8C00424}","510000","2024-04-24 00:00","PO34 5AD","S","N","L","KASHMIR","","RYDE ROAD","","SEAVIEW","ISLE OF WIGHT","ISLE OF WIGHT","A","A"
"{38EDC0C2-FB4F-0F63-E063-4704A8C00424}","562500","2024-06-04 00:00","PO31 8LT","D","N","F","PEAR TREE COTTAGE","","PALLANCE LANE","","COWES","ISLE OF WIGHT","ISLE OF WIGHT","A","A"
"{38EDC0C2-FB51-0F63-E063-4704A8C00424}","415000","2024-06-14 00:00","PO40 9PJ","D","N","F","4A","","SUMMERS COURT","","FRESHWATER","ISLE OF WIGHT","ISLE OF WIGHT","A","A"
"{38EDC0C2-FB52-0F63-E063-4704A8C00424}","202500","2024-06-27 00:00","PO30 4JS","S","N","F","TENNYSON VIEW","11","ELM LANE","CALBOURNE","NEWPORT","ISLE OF WIGHT","ISLE OF WIGHT","A","A"
"{38EDC0C2-FB53-0F63-E063-4704A8C00424}","225000","2024-07-01 00:00","PO31 7HL","T","N","F","11","","BELLEVUE ROAD","","COWES","ISLE OF WIGHT","ISLE OF WIGHT","A","A"
"{38EDC0C2-FB54-0F63-E063-4704A8C00424}","260000","2024-07-15 00:00","PO33 2FW","T","N","L","7","","SOUTH VIEW CLOSE","","RYDE","ISLE OF WIGHT","ISLE OF WIGHT","A","A"
"{38EDC0C2-FB55-0F63-E063-4704A8C00424}","125000","2024-07-24 00:00","PO32 6TE","F","N","L","172","FLAT 4","YORK AVENUE","","EAST COWES","ISLE OF WIGHT","ISLE OF WIGHT","A","A"
"{38EDC0C2-FB56-0F63-E063-4704A8C00424}","190000","2024-07-11 00:00","PO30 5JU","T","N","F","50","","PRIORY ROAD","","NEWPORT","ISLE OF WIGHT","ISLE OF WIGHT","A","A"
"{38EDC0C2-FB57-0F63-E063-4704A8C00424}","115000","2024-07-23 00:00","PO30 5HE","F","N","L","STAR COURT, 11E","FLAT 3","ST JAMES STREET","","NEWPORT","ISLE OF WIGHT","ISLE OF WIGHT","A","A"
"{38EDC0C2-FB58-0F63-E063-4704A8C00424}","266000","2024-06-24 00:00","PO33 3RX","D","N","L","27","","KINGS ROAD","BINSTEAD","RYDE","ISLE OF WIGHT","ISLE OF WIGHT","A","A"
"{38EDC0C2-FB59-0F63-E063-4704A8C00424}","377500","2024-03-13 00:00","PO36 8QJ","S","N","F","27","","CULVER WAY","YAVERLAND","SANDOWN","ISLE OF WIGHT","ISLE OF WIGHT","A","A"
"{38EDC0C2-FB5A-0F63-E063-4704A8C00424}","400000","2024-02-16 00:00","PO30 2DL","D","N","F","2","","HEATHFIELD CLOSE","","NEWPORT","ISLE OF WIGHT","ISLE OF WIGHT","A","A"
"{38EDC0C2-FB5B-0F63-E063-4704A8C00424}","210000","2024-05-24 00:00","PO31 7DP","T","N","F","1","","SOUTH ROAD","","COWES","ISLE OF WIGHT","ISLE OF WIGHT","A","A"
"{38EDC0C2-FB5C-0F63-E063-4704A8C00424}","290000","2024-07-12 00:00","PO30 4DR","S","N","F","IVASTONE","","CHILTON LANE","BRIGHSTONE","NEWPORT","ISLE OF WIGHT","ISLE OF WIGHT","A","A"
"{38EDC0C2-FB5D-0F63-E063-4704A8C00424}","185000","2024-07-01 00:00","PO30 5DY","T","N","F","15","","FIELD PLACE","","NEWPORT","ISLE OF WIGHT","ISLE OF WIGHT","A","A"
"{38EDC0C2-FB5E-0F63-E063-4704A8C00424}","130000","2024-08-23 00:00","PO33 2RA","F","N","L","ROSALIND COURT","7","QUARRY ROAD","","RYDE","ISLE OF WIGHT","ISLE OF WIGHT","A","A"
"{38EDC0C2-FB5F-0F63-E063-4704A8C00424}","220000","2024-10-01 00:00","PO33 4RB","T","N","F","QUENDALE","","GRAVEL PIT ROAD","WOOTTON BRIDGE","RYDE","ISLE OF WIGHT","ISLE OF WIGHT","A","A"
"{38EDC0C2-FB60-0F63-E063-4704A8C00424}","265000","2024-10-16 00:00","PO33 2FQ","T","N","F","SOUTHLAND MEWS, 65","3","PARK ROAD","","RYDE","ISLE OF WIGHT","ISLE OF WIGHT","A","A"
"{38EDC0C2-FB61-0F63-E063-4704A8C00424}","239500","2024-09-12 00:00","PO33 2FQ","D","N","F","SOUTHLAND MEWS, 65","8","PARK ROAD","","RYDE","ISLE OF WIGHT","ISLE OF WIGHT","A","A"
"{38EDC0C2-FB62-0F63-E063-4704A8C00424}","525000","2024-12-12 00:00","PO38 1QU","D","N","F","BINDALOO","","MADEIRA VALE","","VENTNOR","ISLE OF WIGHT","ISLE OF WIGHT","A","A"
"{38EDC0C2-FB63-0F63-E063-4704A8C00424}","199950","2024-09-20 00:00","PO33 2FQ","T","N","F","SOUTHLAND MEWS, 65","9","PARK ROAD","","RYDE","ISLE OF WIGHT","ISLE OF WIGHT","A","A"
"{38EDC0C2-FB64-0F63-E063-4704A8C00424}","120000","2024-11-25 00:00","PO32 6TE","F","N","L","172","FLAT 1","YORK AVENUE","","EAST COWES","ISLE OF WIGHT","ISLE OF WIGHT","B","A"
"{38EDC0C2-FB65-0F63-E063-4704A8C00424}","121000","2024-12-16 00:00","PO36 9JL","F","N","L","43A","","SANDOWN ROAD","LAKE","SANDOWN","ISLE OF WIGHT","ISLE OF WIGHT","A","A"
"{38EDC0C2-FB67-0F63-E063-4704A8C00424}","340000","2024-12-18 00:00","PO30 5LY","D","N","F","ANETHLIS","","FOREST ROAD","","NEWPORT","ISLE OF WIGHT","ISLE OF WIGHT","A","A"
"{38EDC0C2-FAAA-0F63-E063-4704A8C00424}","500000","2024-05-20 00:00","PO31 7HU","S","N","F","HARBOUR LIGHTS","","WESTON ROAD","","COWES","ISLE OF WIGHT","ISLE OF WIGHT","A","A"
"{38EDC0C2-FAA8-0F63-E063-4704A8C00424}","213000","2024-12-10 00:00","PO33 4JJ","T","N","F","99","","ST EDMUNDS WALK","WOOTTON BRIDGE","RYDE","ISLE OF WIGHT","ISLE OF WIGHT","A","A"
"{38EDC0C2-FAA9-0F63-E063-4704A8C00424}","75000","2024-08-02 00:00","PO30 1HW","F","N","L","MOUNT PLEASANT HOUSE","FLAT 7","HEATH CLOSE","","NEWPORT","ISLE OF WIGHT","ISLE OF WIGHT","B","A"
"{38EDC0C2-FAAE-0F63-E063-4704A8C00424}","190000","2024-12-16 00:00","PO33 4PL","T","N","F","30","","HIGH STREET","WOOTTON BRIDGE","RYDE","ISLE OF WIGHT","ISLE OF WIGHT","A","A"
"{38EDC0C2-FAB6-0F63-E063-4704A8C00424}","582000","2024-08-15 00:00","PO38 1TB","D","N","F","ST CATHERINES HOUSE","","THE GROVE","","VENTNOR","ISLE OF WIGHT","ISLE OF WIGHT","A","A"
"{38EDC0C2-FAB8-0F63-E063-4704A8C00424}","235000","2024-09-11 00:00","PO33 2BX","S","N","L","3","","WINTON STREET","","RYDE","ISLE OF WIGHT","ISLE OF WIGHT","A","A"
"{38EDC0C2-FAC0-0F63-E063-4704A8C00424}","199950","2024-12-09 00:00","PO33 2EN","F","N","F","JAMES LODGE, 59B","2","GEORGE STREET","","RYDE","ISLE OF WIGHT","ISLE OF WIGHT","A","A"
"{38EDC0C2-FAC3-0F63-E063-4704A8C00424}","450000","2024-09-12 00:00","PO39 0LD","D","N","F","8","","FARTHINGS WAY","","TOTLAND BAY","ISLE OF WIGHT","ISLE OF WIGHT","A","A"
"{38EDC0C2-FAC5-0F63-E063-4704A8C00424}","210000","2024-05-28 00:00","PO38 1BE","S","N","F","28","","DOWNLANDS CRESCENT","","VENTNOR","ISLE OF WIGHT","ISLE OF WIGHT","A","A"
"{38EDC0C2-FACB-0F63-E063-4704A8C00424}","665000","2024-12-03 00:00","PO41 0XS","D","N","F","HIGHWOOD","","CRANMORE AVENUE","CRANMORE","YARMOUTH","ISLE OF WIGHT","ISLE OF WIGHT","A","A"
"{38EDC0C2-FACE-0F63-E063-4704A8C00424}","245000","2024-08-08 00:00","PO31 8QL","D","N","F","11","","CHESSELL CLOSE","NORTHWOOD","COWES","ISLE OF WIGHT","ISLE OF WIGHT","A","A"
"{38EDC0C2-FAE3-0F63-E063-4704A8C00424}","120000","2024-08-28 00:00","PO30 1QZ","T","N","F","6","","CLARENDON STREET","","NEWPORT","ISLE OF WIGHT","ISLE OF WIGHT","A","A"
"{38EDC0C2-FAEC-0F63-E063-4704A8C00424}","295000","2024-08-21 00:00","PO37 7EJ","S","N","F","WHITE LODGE","","WHITECROSS LANE","","SHANKLIN","ISLE OF WIGHT","ISLE OF WIGHT","A","A"
"{38EDC0C2-FAEE-0F63-E063-4704A8C00424}","685000","2024-12-04 00:00","PO31 7PN","D","N","F","88","","NEWPORT ROAD","","COWES","ISLE OF WIGHT","ISLE OF WIGHT","A","A"
"{38EDC0C2-FAF1-0F63-E063-4704A8C00424}","475000","2024-12-04 00:00","PO33 1QY","D","N","F","6","","COTHEY WAY","","RYDE","ISLE OF WIGHT","ISLE OF WIGHT","A","A"
"{38EDC0C2-FAF2-0F63-E063-4704A8C00424}","310000","2024-12-19 00:00","PO36 0LH","D","N","F","PANORAMA","","ALVERSTONE ROAD","APSE HEATH","SANDOWN","ISLE OF WIGHT","ISLE OF WIGHT","A","A"
"{38EDC0C2-FAF3-0F63-E063-4704A8C00424}","300000","2024-12-18 00:00","PO35 5SR","D","N","F","21","","GRANGE GARDENS","","BEMBRIDGE","ISLE OF WIGHT","ISLE OF WIGHT","A","A"
"{38EDC0C2-FAF5-0F63-E063-4704A8C00424}","155000","2024-07-01 00:00","PO36 8ET","F","N","L","YORK HOUSE, 4","FLAT 1","YORK ROAD","","SANDOWN","ISLE OF WIGHT","ISLE OF WIGHT","A","A"
"{38EDC0C2-FAF6-0F63-E063-4704A8C00424}","185177","2024-07-15 00:00","PO33 1EQ","S","N","F","47","","HARDING ROAD","","RYDE","ISLE OF WIGHT","ISLE OF WIGHT","A","A"
"{38EDC0C2-FAF8-0F63-E063-4704A8C00424}","212825","2024-09-06 00:00","PO32 6SH","T","N","F","27","","YARBOROUGH ROAD","","EAST COWES","ISLE OF WIGHT","ISLE OF WIGHT","A","A"
"{38EDC0C2-FB03-0F63-E063-4704A8C00424}","205000","2024-07-31 00:00","PO33 3PW","T","N","F","43","","SHERBOURNE AVENUE","","RYDE","ISLE OF WIGHT","ISLE OF WIGHT","B","A"
"{38EDC0C2-FB0A-0F63-E063-4704A8C00424}","280000","2024-12-20 00:00","PO32 6HT","D","N","F","70","","GREENLANDS ROAD","","EAST COWES","ISLE OF WIGHT","ISLE OF WIGHT","A","A"
"{38EDC0C2-FB0B-0F63-E063-4704A8C00424}","155000","2024-03-01 00:00","PO36 9EB","F","N","L","SEACROFT, 2","FLAT 19","BROADWAY","","SANDOWN","ISLE OF WIGHT","ISLE OF WIGHT","A","A"
"{38EDC0C2-FB0C-0F63-E063-4704A8C00424}","226500","2024-07-31 00:00","PO38 1BW","S","N","F","1","","ASH COURT","","VENTNOR","ISLE OF WIGHT","ISLE OF WIGHT","A","A"
"{38EDC0C2-FB0F-0F63-E063-4704A8C00424}","147000","2024-12-17 00:00","PO31 7EX","F","N","L","MILL HILL LODGE","FLAT 6","MILL HILL ROAD","","COWES","ISLE OF WIGHT","ISLE OF WIGHT","A","A"
"{38EDC0C2-FB22-0F63-E063-4704A8C00424}","259950","2024-08-12 00:00","PO37 6PP","F","N","L","WESTFIELD, 5","APARTMENT 6","HIGHFIELD ROAD","","SHANKLIN","ISLE OF WIGHT","ISLE OF WIGHT","A","A"
"{38EDC0C2-FB2A-0F63-E063-4704A8C00424}","145000","2024-12-06 00:00","PO31 8RS","S","N","L","251","","GURNARD PINES","GURNARD","COWES","ISLE OF WIGHT","ISLE OF WIGHT","A","A"
"{38EDC0C2-FB2E-0F63-E063-4704A8C00424}","250000","2024-08-30 00:00","PO37 6HR","D","N","F","7","","LITTLESTAIRS ROAD","","SHANKLIN","ISLE OF WIGHT","ISLE OF WIGHT","A","A"
"{38EDC0C2-FB31-0F63-E063-4704A8C00424}","1905000","2024-12-20 00:00","PO31 8LE","D","N","F","BEACH POINT, 8","","PRINCES ESPLANADE","","COWES","ISLE OF WIGHT","ISLE OF WIGHT","A","A"
"{38EDC0C2-FB36-0F63-E063-4704A8C00424}","190000","2024-12-09 00:00","PO33 1SX","D","N","F","5","","OLD CHAPEL LANE","ST HELENS","RYDE","ISLE OF WIGHT","ISLE OF WIGHT","A","A"
"{38EDC0C2-FB4B-0F63-E063-4704A8C00424}","250000","2024-02-16 00:00","PO30 2FP","S","N","F","75A","","GODRIC ROAD","","NEWPORT","ISLE OF WIGHT","ISLE OF WIGHT","A","A"
"{38EDC0C2-FB4C-0F63-E063-4704A8C00424}","499995","2024-03-28 00:00","PO38 3FF","D","Y","F","16","","BRINDISI AVENUE","GODSHILL","VENTNOR","ISLE OF WIGHT","ISLE OF WIGHT","A","A"
"{34222872-61FD-4D2B-E063-4704A8C07853}","145000","2024-04-11 00:00","PO30 5TY","D","N","F","27","","NOKE COMMON","","NEWPORT","ISLE OF WIGHT","ISLE OF WIGHT","A","C"
"{31C68072-F383-FEE3-E063-4804A8C04F37}","275000","2024-05-22 00:00","PO30 3EN","O","N","F","THE DAIRY COTTAGE","","","CHILLERTON","NEWPORT","ISLE OF WIGHT","ISLE OF WIGHT","B","C"
"{1C3E72FF-02AE-F410-E063-4804A8C0DFA6}","347500","2024-05-02 00:00","PO33 2RJ","O","N","L","131A","","HIGH STREET","","RYDE","ISLE OF WIGHT","ISLE OF WIGHT","B","C"
"{1A0C5C63-F7C0-7CBE-E063-4804A8C06C96}","70000","2024-01-19 00:00","PO33 2RJ","F","N","L","132A","FLAT 3","HIGH STREET","","RYDE","ISLE OF WIGHT","ISLE OF WIGHT","B","C"
"{36A61A95-4C16-DEF2-E063-4704A8C046AE}","65000","2024-05-02 00:00","PO33 2RJ","F","N","L","131A","","HIGH STREET","","RYDE","ISLE OF WIGHT","ISLE OF WIGHT","B","C"
"{237B17FE-D6EB-22AC-E063-4804A8C0EA3A}","450000","2024-09-12 00:00","PO39 0LD","D","N","F","8","","FARTHINGS WAY","","TOTLAND BAY","ISLE OF WIGHT","ISLE OF WIGHT","B","D"
"{38EDC0C2-FAAB-0F63-E063-4704A8C00424}","125000","2025-05-16 00:00","PO37 6HX","D","N","F","1","","ALRESFORD ROAD","","SHANKLIN","ISLE OF WIGHT","ISLE OF WIGHT","A","A"
"{38EDC0C2-FAAC-0F63-E063-4704A8C00424}","75000","2025-06-13 00:00","PO30 5GA","F","N","L","HOMEWIGHT HOUSE","FLAT 4","CROCKER STREET","","NEWPORT","ISLE OF WIGHT","ISLE OF WIGHT","A","A"
"{38EDC0C2-FAAD-0F63-E063-4704A8C00424}","168000","2025-05-22 00:00","PO30 5NZ","S","N","F","65","","ALVINGTON MANOR VIEW","","NEWPORT","ISLE OF WIGHT","ISLE OF WIGHT","A","A"
"{38EDC0C2-FAAF-0F63-E063-4704A8C00424}","850000","2025-06-13 00:00","PO38 1UD","D","N","F","30","","CASTLE CLOSE","","VENTNOR","ISLE OF WIGHT","ISLE OF WIGHT","A","A"
"{38EDC0C2-FAB0-0F63-E063-4704A8C00424}","200000","2025-02-07 00:00","PO30 5EB","T","N","F","29","","CAESARS ROAD","","NEWPORT","ISLE OF WIGHT","ISLE OF WIGHT","A","A"
"{38EDC0C2-FAB1-0F63-E063-4704A8C00424}","290000","2025-05-16 00:00","PO37 7LZ","S","N","F","10","","BROOK ROAD","","SHANKLIN","ISLE OF WIGHT","ISLE OF WIGHT","A","A"
"{38EDC0C2-FAB2-0F63-E063-4704A8C00424}","177500","2025-06-10 00:00","PO33 2QN","T","N","L","25","","HILL STREET","","RYDE","ISLE OF WIGHT","ISLE OF WIGHT","A","A"
"{38EDC0C2-FAB3-0F63-E063-4704A8C00424}","500000","2025-06-12 00:00","PO38 1DT","S","N","F","10","","ALTOFTS GARDENS","","VENTNOR","ISLE OF WIGHT","ISLE OF WIGHT","A","A"
"{38EDC0C2-FAB5-0F63-E063-4704A8C00424}","205000","2025-01-22 00:00","PO38 3EE","S","N","F","PROVIDENCE COTTAGE","","ST JOHNS ROAD","WROXALL","VENTNOR","ISLE OF WIGHT","ISLE OF WIGHT","A","A"
"{38EDC0C2-FAB7-0F63-E063-4704A8C00424}","52000","2025-04-28 00:00","PO36 8QP","T","N","L","188","","SANDOWN BAY HOLIDAY CENTRE","","SANDOWN","ISLE OF WIGHT","ISLE OF WIGHT","A","A"
"{38EDC0C2-FAB9-0F63-E063-4704A8C00424}","63000","2025-06-03 00:00","PO33 1JQ","F","N","L","10A","","SIMEON STREET","","RYDE","ISLE OF WIGHT","ISLE OF WIGHT","A","A"
"{38EDC0C2-FABA-0F63-E063-4704A8C00424}","385000","2025-05-23 00:00","PO35 5YF","D","N","F","10","","WOODNUTT CLOSE","","BEMBRIDGE","ISLE OF WIGHT","ISLE OF WIGHT","A","A"
"{38EDC0C2-FABB-0F63-E063-4704A8C00424}","575000","2025-05-23 00:00","PO35 5YE","D","N","F","3","","TRELAWNY WAY","","BEMBRIDGE","ISLE OF WIGHT","ISLE OF WIGHT","A","A"
"{38EDC0C2-FABC-0F63-E063-4704A8C00424}","185000","2025-04-25 00:00","PO32 6HH","T","N","F","4","","HARVEY CLOSE","","EAST COWES","ISLE OF WIGHT","ISLE OF WIGHT","A","A"
"{38EDC0C2-FABD-0F63-E063-4704A8C00424}","212500","2025-06-25 00:00","PO33 3NY","S","N","F","7","","JELLICOE ROAD","BINSTEAD","RYDE","ISLE OF WIGHT","ISLE OF WIGHT","A","A"
"{38EDC0C2-FABE-0F63-E063-4704A8C00424}","113500","2025-04-07 00:00","PO36 9DB","F","N","L","4","FLAT 2","HILL STREET","","SANDOWN","ISLE OF WIGHT","ISLE OF WIGHT","A","A"
"{38EDC0C2-FABF-0F63-E063-4704A8C00424}","238000","2025-05-23 00:00","PO30 3HJ","S","N","F","3","","LANSDOWN GARDENS","CHILLERTON","NEWPORT","ISLE OF WIGHT","ISLE OF WIGHT","A","A"
"{38EDC0C2-FAC1-0F63-E063-4704A8C00424}","158000","2025-05-23 00:00","PO33 2TS","S","N","L","41","","ALFRED STREET","","RYDE","ISLE OF WIGHT","ISLE OF WIGHT","A","A"
"{38EDC0C2-FAC2-0F63-E063-4704A8C00424}","159977","2025-06-12 00:00","PO39 0AL","T","N","F","1","","LANES END","","TOTLAND BAY","ISLE OF WIGHT","ISLE OF WIGHT","A","A"
"{38EDC0C2-FAC4-0F63-E063-4704A8C00424}","161000","2025-06-04 00:00","PO33 1EQ","S","N","F","20","","HARDING ROAD","","RYDE","ISLE OF WIGHT","ISLE OF WIGHT","A","A"
"{38EDC0C2-FAC6-0F63-E063-4704A8C00424}","200000","2025-05-09 00:00","PO33 2EN","D","N","L","59","","GEORGE STREET","","RYDE","ISLE OF WIGHT","ISLE OF WIGHT","A","A"
"{38EDC0C2-FAC7-0F63-E063-4704A8C00424}","205000","2025-05-30 00:00","PO32 6ED","T","N","F","22","","ST DAVIDS ROAD","","EAST COWES","ISLE OF WIGHT","ISLE OF WIGHT","A","A"
"{38EDC0C2-FAC8-0F63-E063-4704A8C00424}","210000","2025-02-21 00:00","PO30 5GR","T","N","F","27","","KESTREL WAY","","NEWPORT","ISLE OF WIGHT","ISLE OF WIGHT","A","A"
"{38EDC0C2-FAC9-0F63-E063-4704A8C00424}","230000","2025-06-25 00:00","PO31 7JW","T","N","F","54","","FELLOWS ROAD","","COWES","ISLE OF WIGHT","ISLE OF WIGHT","A","A"
"{38EDC0C2-FACA-0F63-E063-4704A8C00424}","447500","2025-06-13 00:00","PO39 0LD","D","N","F","5","","FARTHINGS WAY","","TOTLAND BAY","ISLE OF WIGHT","ISLE OF WIGHT","A","A"
"{38EDC0C2-FACC-0F63-E063-4704A8C00424}","248000","2025-05-30 00:00","PO36 9QB","D","N","F","41","","WOODHALL DRIVE","","SANDOWN","ISLE OF WIGHT","ISLE OF WIGHT","A","A"
"{38EDC0C2-FACD-0F63-E063-4704A8C00424}","250000","2025-05-01 00:00","PO30 5GT","D","N","F","17","","LINNET CLOSE","","NEWPORT","ISLE OF WIGHT","ISLE OF WIGHT","A","A"
"{38EDC0C2-FACF-0F63-E063-4704A8C00424}","470000","2025-06-11 00:00","PO40 9PP","D","N","F","DONNINGTON","","VICTORIA ROAD","","FRESHWATER","ISLE OF WIGHT","ISLE OF WIGHT","A","A"
"{38EDC0C2-FAD3-0F63-E063-4704A8C00424}","244000","2025-06-06 00:00","PO32 6DH","S","N","F","133","","ADELAIDE GROVE","","EAST COWES","ISLE OF WIGHT","ISLE OF WIGHT","A","A"
"{38EDC0C2-FAD0-0F63-E063-4704A8C00424}","175000","2025-06-06 00:00","PO31 7QA","T","N","F","5","","TENNYSON ROAD","","COWES","ISLE OF WIGHT","ISLE OF WIGHT","A","A"
"{38EDC0C2-FAD1-0F63-E063-4704A8C00424}","388000","2025-05-23 00:00","PO30 1NR","T","N","F","64","","HIGH STREET","CARISBROOKE","NEWPORT","ISLE OF WIGHT","ISLE OF WIGHT","A","A"
"{38EDC0C2-FAD2-0F63-E063-4704A8C00424}","455000","2025-06-06 00:00","PO36 8HE","D","N","F","67","","ST JOHNS ROAD","","SANDOWN","ISLE OF WIGHT","ISLE OF WIGHT","A","A"
"{38EDC0C2-FAD4-0F63-E063-4704A8C00424}","273500","2025-05-16 00:00","PO36 9QB","D","N","F","18","","WOODHALL DRIVE","","SANDOWN","ISLE OF WIGHT","ISLE OF WIGHT","A","A"
"{38EDC0C2-FAD5-0F63-E063-4704A8C00424}","244000","2025-06-02 00:00","PO30 5QZ","D","N","F","3","","HINTON ROAD","","NEWPORT","ISLE OF WIGHT","ISLE OF WIGHT","A","A"
"{38EDC0C2-FAD6-0F63-E063-4704A8C00424}","140000","2025-06-02 00:00","PO36 8PB","S","N","F","10","","DENNESS ROAD","","SANDOWN","ISLE OF WIGHT","ISLE OF WIGHT","A","A"
"{38EDC0C2-FAD7-0F63-E063-4704A8C00424}","400000","2025-06-06 00:00","PO31 7UA","S","N","F","8","","PLACE ROAD","","COWES","ISLE OF WIGHT","ISLE OF WIGHT","A","A"
"{38EDC0C2-FAD8-0F63-E063-4704A8C00424}","192000","2025-06-20 00:00","PO30 5ED","T","N","F","17","","CAESARS ROAD","","NEWPORT","ISLE OF WIGHT","ISLE OF WIGHT","A","A"
"{38EDC0C2-FAD9-0F63-E063-4704A8C00424}","180000","2025-05-16 00:00","PO36 8NL","T","N","F","6","","SUNNYSIDE GARDENS","","SANDOWN","ISLE OF WIGHT","ISLE OF WIGHT","A","A"
"{38EDC0C2-FADA-0F63-E063-4704A8C00424}","335000","2025-05-29 00:00","PO33 1YJ","S","N","F","20","","ST MICHAELS ROAD","ST HELENS","RYDE","ISLE OF WIGHT","ISLE OF WIGHT","A","A"
"{38EDC0C2-FADB-0F63-E063-4704A8C00424}","160000","2025-01-07 00:00","PO33 3BD","D","N","F","7","","STONELANDS PARK","","RYDE","ISLE OF WIGHT","ISLE OF WIGHT","A","A"
"{38EDC0C2-FADC-0F63-E063-4704A8C00424}","162000","2025-01-17 00:00","PO39 0AL","S","N","F","59","","LANES END","","TOTLAND BAY","ISLE OF WIGHT","ISLE OF WIGHT","A","A"
"{38EDC0C2-FADD-0F63-E063-4704A8C00424}","475000","2025-05-08 00:00","PO33 1DG","D","N","F","8","","LITTLE PRESTON ROAD","","RYDE","ISLE OF WIGHT","ISLE OF WIGHT","A","A"
"{38EDC0C2-FADE-0F63-E063-4704A8C00424}","172500","2025-06-19 00:00","PO33 4LT","T","N","F","135","","MARY ROSE AVENUE","WOOTTON BRIDGE","RYDE","ISLE OF WIGHT","ISLE OF WIGHT","A","A"
"{38EDC0C2-FADF-0F63-E063-4704A8C00424}","820000","2025-06-18 00:00","PO41 0XD","D","N","F","JUMBLES, 19","","PORT LA SALLE","BOULDNOR","YARMOUTH","ISLE OF WIGHT","ISLE OF WIGHT","A","A"
"{38EDC0C2-FAE0-0F63-E063-4704A8C00424}","117735","2025-06-11 00:00","PO30 1DR","S","N","L","15","","WINCHESTER CLOSE","","NEWPORT","ISLE OF WIGHT","ISLE OF WIGHT","A","A"
"{38EDC0C2-FAE1-0F63-E063-4704A8C00424}","441790","2025-01-07 00:00","PO33 4HJ","D","N","F","8","","OAKLANDS CLOSE","FISHBOURNE","RYDE","ISLE OF WIGHT","ISLE OF WIGHT","A","A"
"{38EDC0C2-FAE2-0F63-E063-4704A8C00424}","101000","2025-06-02 00:00","PO40 9AE","F","N","L","ROSE DAY COURT","FLAT 4","TENNYSON ROAD","","FRESHWATER","ISLE OF WIGHT","ISLE OF WIGHT","A","A"
"{38EDC0C2-FAE4-0F63-E063-4704A8C00424}","220000","2025-06-06 00:00","PO38 3LL","T","N","F","37","","MOOR VIEW","GODSHILL","VENTNOR","ISLE OF WIGHT","ISLE OF WIGHT","A","A"
"{38EDC0C2-FAE5-0F63-E063-4704A8C00424}","280000","2025-05-27 00:00","PO38 3DZ","S","N","L","CASTLE VIEW","4","CLEVELANDS ROAD","WROXALL","VENTNOR","ISLE OF WIGHT","ISLE OF WIGHT","A","A"
"{38EDC0C2-FAE6-0F63-E063-4704A8C00424}","370000","2025-06-03 00:00","PO38 2RD","D","N","F","7","","BANNOCK ROAD","WHITWELL","VENTNOR","ISLE OF WIGHT","ISLE OF WIGHT","A","A"
"{38EDC0C2-FAE7-0F63-E063-4704A8C00424}","265000","2025-06-13 00:00","PO33 1YE","D","N","F","7","","DOWNS VIEW ROAD","ST HELENS","RYDE","ISLE OF WIGHT","ISLE OF WIGHT","A","A"
"{38EDC0C2-FAE8-0F63-E063-4704A8C00424}","279950","2025-05-23 00:00","PO30 2AP","S","N","F","54","","FURRLONGS","","NEWPORT","ISLE OF WIGHT","ISLE OF WIGHT","A","A"
"{38EDC0C2-FAE9-0F63-E063-4704A8C00424}","722500","2025-05-30 00:00","PO39 0EA","D","N","F","CONYBEARE","","KENDAL ROAD","","TOTLAND BAY","ISLE OF WIGHT","ISLE OF WIGHT","A","A"
"{38EDC0C2-FAEA-0F63-E063-4704A8C00424}","500000","2025-06-16 00:00","PO34 5DD","D","N","F","21","","HORESTONE DRIVE","","SEAVIEW","ISLE OF WIGHT","ISLE OF WIGHT","A","A"
"{38EDC0C2-FAEB-0F63-E063-4704A8C00424}","178000","2025-06-06 00:00","PO33 1LS","F","N","L","VISTA MARINA","FLAT 9","EAST HILL ROAD","","RYDE","ISLE OF WIGHT","ISLE OF WIGHT","A","A"
"{38EDC0C2-FAED-0F63-E063-4704A8C00424}","655000","2025-05-09 00:00","PO35 5TA","D","N","F","FOREDECK","","BEACH HOUSE LANE","","BEMBRIDGE","ISLE OF WIGHT","ISLE OF WIGHT","A","A"
"{38EDC0C2-FAEF-0F63-E063-4704A8C00424}","275000","2025-06-09 00:00","PO30 1DS","S","N","F","83","","CASTLE ROAD","","NEWPORT","ISLE OF WIGHT","ISLE OF WIGHT","A","A"
"{38EDC0C2-FAF0-0F63-E063-4704A8C00424}","182750","2025-06-27 00:00","PO33 3EP","S","N","L","7","","BETTESWORTH ROAD","","RYDE","ISLE OF WIGHT","ISLE OF WIGHT","A","A"
"{38EDC0C2-FAF4-0F63-E063-4704A8C00424}","215000","2025-05-30 00:00","PO31 7NX","T","N","F","1","","UFFA FOX PLACE","","COWES","ISLE OF WIGHT","ISLE OF WIGHT","A","A"
"{38EDC0C2-FAF7-0F63-E063-4704A8C00424}","260000","2025-05-21 00:00","PO31 7HJ","T","N","F","55","","BELLEVUE ROAD","","COWES","ISLE OF WIGHT","ISLE OF WIGHT","A","A"
"{38EDC0C2-FAF9-0F63-E063-4704A8C00424}","209500","2025-06-06 00:00","PO32 6SU","F","N","L","54","","MEDINA VIEW","","EAST COWES","ISLE OF WIGHT","ISLE OF WIGHT","A","A"
"{38EDC0C2-FAFA-0F63-E063-4704A8C00424}","342500","2025-06-06 00:00","PO36 9HU","S","N","F","34","","ALFRED ROAD","","SANDOWN","ISLE OF WIGHT","ISLE OF WIGHT","A","A"
"{38EDC0C2-FAFE-0F63-E063-4704A8C00424}","270000","2025-05-30 00:00","PO31 7FB","S","N","F","16","","THE MOORINGS","","COWES","ISLE OF WIGHT","ISLE OF WIGHT","A","A"
"{38EDC0C2-FAFB-0F63-E063-4704A8C00424}","130000","2025-06-09 00:00","PO33 2JY","F","N","L","ANGLESEA TERRACE, 9 - 10","3","ANGLESEA STREET","","RYDE","ISLE OF WIGHT","ISLE OF WIGHT","A","A"
"{38EDC0C2-FAFC-0F63-E063-4704A8C00424}","300000","2025-06-12 00:00","PO30 5QZ","D","N","F","19","","HINTON ROAD","","NEWPORT","ISLE OF WIGHT","ISLE OF WIGHT","A","A"
"{38EDC0C2-FAFD-0F63-E063-4704A8C00424}","330000","2025-05-12 00:00","PO36 8PW","S","N","F","24A","","ARALUEN WAY","","SANDOWN","ISLE OF WIGHT","ISLE OF WIGHT","A","A"
"{38EDC0C2-FAFF-0F63-E063-4704A8C00424}","310000","2025-05-23 00:00","PO31 7UN","S","N","F","103","","SEAVIEW ROAD","","COWES","ISLE OF WIGHT","ISLE OF WIGHT","A","A"
"{38EDC0C2-FB00-0F63-E063-4704A8C00424}","175000","2025-05-22 00:00","PO33 2FB","F","N","F","OSBORNE MEWS, 41","2","OSBORNE ROAD","","RYDE","ISLE OF WIGHT","ISLE OF WIGHT","A","A"
"{38EDC0C2-FB01-0F63-E063-4704A8C00424}","310000","2025-05-22 00:00","PO36 9NQ","D","N","F","16","","LAMORBEY ROAD","","SANDOWN","ISLE OF WIGHT","ISLE OF WIGHT","A","A"
"{38EDC0C2-FB02-0F63-E063-4704A8C00424}","340000","2025-05-22 00:00","PO34 5AL","S","N","F","OAKS","","OAKHILL ROAD","","SEAVIEW","ISLE OF WIGHT","ISLE OF WIGHT","A","A"
"{38EDC0C2-FB04-0F63-E063-4704A8C00424}","165000","2025-06-02 00:00","PO38 1BT","F","N","L","ALGERNON HOUSE, 17","FLAT 8","ALPINE ROAD","","VENTNOR","ISLE OF WIGHT","ISLE OF WIGHT","A","A"
"{38EDC0C2-FB05-0F63-E063-4704A8C00424}","190000","2025-05-21 00:00","PO30 1BY","F","N","L","WESTMONT HOUSE, 82","1","CARISBROOKE ROAD","","NEWPORT","ISLE OF WIGHT","ISLE OF WIGHT","A","A"
"{38EDC0C2-FB06-0F63-E063-4704A8C00424}","190000","2025-05-30 00:00","PO40 9AE","S","N","F","GLENWOOD","","TENNYSON ROAD","","FRESHWATER","ISLE OF WIGHT","ISLE OF WIGHT","A","A"
"{38EDC0C2-FB07-0F63-E063-4704A8C00424}","210000","2025-06-05 00:00","PO31 8AT","S","N","F","11","","SELMAN GARDENS","NORTHWOOD","COWES","ISLE OF WIGHT","ISLE OF WIGHT","A","A"
"{38EDC0C2-FB08-0F63-E063-4704A8C00424}","490000","2025-06-16 00:00","PO35 5XE","S","N","F","YORK COTTAGES","1","DENNETT ROAD","","BEMBRIDGE","ISLE OF WIGHT","ISLE OF WIGHT","A","A"
"{38EDC0C2-FB09-0F63-E063-4704A8C00424}","347500","2025-05-23 00:00","PO30 5QT","D","N","F","37","","WELLINGTON ROAD","CARISBROOKE","NEWPORT","ISLE OF WIGHT","ISLE OF WIGHT","A","A"
"{38EDC0C2-FB0D-0F63-E063-4704A8C00424}","247000","2025-06-12 00:00","PO30 2LT","S","N","F","5","","BLACKBERRY CLOSE","","NEWPORT","ISLE OF WIGHT","ISLE OF WIGHT","A","A"
"{38EDC0C2-FB0E-0F63-E063-4704A8C00424}","206000","2025-06-03 00:00","PO36 8NZ","S","N","F","7","","NEWCOMEN ROAD","","SANDOWN","ISLE OF WIGHT","ISLE OF WIGHT","A","A"
"{38EDC0C2-FB10-0F63-E063-4704A8C00424}","140000","2025-05-14 00:00","PO38 1FD","F","N","L","ST JOSEPHS","9","MADEIRA ROAD","","VENTNOR","ISLE OF WIGHT","ISLE OF WIGHT","A","A"
"{38EDC0C2-FB12-0F63-E063-4704A8C00424}","210000","2025-05-30 00:00","PO36 0JR","F","N","L","CLEARWAYS","TOP FLAT","NEWPORT ROAD","APSE HEATH","SANDOWN","ISLE OF WIGHT","ISLE OF WIGHT","A","A"
"{38EDC0C2-FB13-0F63-E063-4704A8C00424}","290000","2025-06-13 00:00","PO31 7JY","S","N","F","21","","CORONATION ROAD","","COWES","ISLE OF WIGHT","ISLE OF WIGHT","A","A"
"{38EDC0C2-FB14-0F63-E063-4704A8C00424}","350000","2025-05-27 00:00","PO34 5EB","D","N","F","CHEQUERS","","EDDINGTON ROAD","","SEAVIEW","ISLE OF WIGHT","ISLE OF WIGHT","A","A"
"{38EDC0C2-FB15-0F63-E063-4704A8C00424}","335000","2025-05-27 00:00","PO39 0BG","F","N","L","AMAN COURT","FLAT 5","GRANVILLE ROAD","","TOTLAND BAY","ISLE OF WIGHT","ISLE OF WIGHT","A","A"
"{38EDC0C2-FB16-0F63-E063-4704A8C00424}","300000","2025-05-23 00:00","PO32 6GJ","D","N","F","15","","GUSTAR GROVE","","EAST COWES","ISLE OF WIGHT","ISLE OF WIGHT","A","A"
"{38EDC0C2-FB17-0F63-E063-4704A8C00424}","320000","2025-01-10 00:00","PO30 5DX","D","N","F","24","","WILVER ROAD","","NEWPORT","ISLE OF WIGHT","ISLE OF WIGHT","A","A"
"{38EDC0C2-FB18-0F63-E063-4704A8C00424}","140000","2025-06-20 00:00","PO38 1BN","F","N","L","OLIVER COURT, 43","FLAT 4","SOUTH STREET","","VENTNOR","ISLE OF WIGHT","ISLE OF WIGHT","A","A"
"{38EDC0C2-FB19-0F63-E063-4704A8C00424}","117500","2025-05-30 00:00","PO32 6GA","F","N","L","ANCHORAGE COURT, 19","FLAT 5","ALBERT WAY","","EAST COWES","ISLE OF WIGHT","ISLE OF WIGHT","A","A"
"{38EDC0C2-FB1A-0F63-E063-4704A8C00424}","179000","2025-01-13 00:00","PO33 3NG","T","N","F","3","","RYDE MEWS","","RYDE","ISLE OF WIGHT","ISLE OF WIGHT","A","A"
"{38EDC0C2-FB1B-0F63-E063-4704A8C00424}","115000","2025-03-28 00:00","PO32 6GU","F","N","F","35","FLAT 1","CAPTAINS PARADE","","EAST COWES","ISLE OF WIGHT","ISLE OF WIGHT","A","A"
"{38EDC0C2-FB1C-0F63-E063-4704A8C00424}","188000","2025-06-12 00:00","PO30 2JN","S","N","F","23A","","BELLMEAD LANE","","NEWPORT","ISLE OF WIGHT","ISLE OF WIGHT","A","A"
"{38EDC0C2-FB1D-0F63-E063-4704A8C00424}","85000","2025-06-12 00:00","PO30 5UN","F","N","L","SOMERS BROOK COURT","FLAT 45","FOXES ROAD","","NEWPORT","ISLE OF WIGHT","ISLE OF WIGHT","A","A"
"{38EDC0C2-FB1E-0F63-E063-4704A8C00424}","557000","2025-05-23 00:00","PO37 6PP","D","N","F","MOONRAKERS","","HIGHFIELD ROAD","","SHANKLIN","ISLE OF WIGHT","ISLE OF WIGHT","A","A"
"{38EDC0C2-FB1F-0F63-E063-4704A8C00424}","68000","2025-05-30 00:00","PO37 7BE","F","N","L","37","","ATHERLEY PARK CLOSE","","SHANKLIN","ISLE OF WIGHT","ISLE OF WIGHT","A","A"
"{38EDC0C2-FB20-0F63-E063-4704A8C00424}","422500","2025-05-30 00:00","PO40 9PP","D","N","F","ODELL COTTAGE","","VICTORIA ROAD","","FRESHWATER","ISLE OF WIGHT","ISLE OF WIGHT","A","A"
"{38EDC0C2-FB23-0F63-E063-4704A8C00424}","385000","2025-06-16 00:00","PO33 1BN","S","N","F","18","","ARUNDEL ROAD","ELMFIELD","RYDE","ISLE OF WIGHT","ISLE OF WIGHT","A","A"
"{38EDC0C2-FB27-0F63-E063-4704A8C00424}","200000","2025-05-01 00:00","PO32 6EA","T","N","F","15","","GRANGE ROAD","","EAST COWES","ISLE OF WIGHT","ISLE OF WIGHT","A","A"
"{38EDC0C2-FB24-0F63-E063-4704A8C00424}","445189","2025-05-20 00:00","PO36 0HS","D","N","F","9","","WEBSTER WAY","ALVERSTONE GARDEN VILLAGE","SANDOWN","ISLE OF WIGHT","ISLE OF WIGHT","A","A"
"{38EDC0C2-FB25-0F63-E063-4704A8C00424}","416000","2025-06-13 00:00","PO36 8QL","S","N","F","77","","CULVER WAY","YAVERLAND","SANDOWN","ISLE OF WIGHT","ISLE OF WIGHT","A","A"
"{38EDC0C2-FB26-0F63-E063-4704A8C00424}","380000","2025-06-12 00:00","PO40 9RU","D","N","F","THE THATCHES","","NORTON GREEN","","FRESHWATER","ISLE OF WIGHT","ISLE OF WIGHT","A","A"
"{38EDC0C2-FB28-0F63-E063-4704A8C00424}","180000","2025-05-20 00:00","PO31 7GD","F","N","L","HIGGINSON HOUSE, 20","FLAT 2","NEWPORT ROAD","","COWES","ISLE OF WIGHT","ISLE OF WIGHT","A","A"
"{38EDC0C2-FB29-0F63-E063-4704A8C00424}","283500","2025-06-23 00:00","PO40 9HU","D","N","F","THE FRONTAGE","","NEW VILLAGE","","FRESHWATER","ISLE OF WIGHT","ISLE OF WIGHT","A","A"
"{38EDC0C2-FB2B-0F63-E063-4704A8C00424}","280000","2025-05-19 00:00","PO30 5BT","T","N","F","17","","TAYBERRY CLOSE","","NEWPORT","ISLE OF WIGHT","ISLE OF WIGHT","A","A"
"{38EDC0C2-FB2C-0F63-E063-4704A8C00424}","387500","2025-05-27 00:00","PO37 6FH","T","N","F","2","","OLD SCHOOL MEWS","","SHANKLIN","ISLE OF WIGHT","ISLE OF WIGHT","A","A"
"{38EDC0C2-FB2D-0F63-E063-4704A8C00424}","197500","2025-05-02 00:00","PO30 2JZ","T","N","F","39","","DORMOUSE DRIVE","","NEWPORT","ISLE OF WIGHT","ISLE OF WIGHT","A","A"
"{38EDC0C2-FB2F-0F63-E063-4704A8C00424}","238000","2025-06-12 00:00","PO30 2HF","S","N","F","10","","RED FOX SQUARE","","NEWPORT","ISLE OF WIGHT","ISLE OF WIGHT","A","A"
"{38EDC0C2-FB30-0F63-E063-4704A8C00424}","137500","2025-06-12 00:00","PO30 2HF","S","N","L","16","","RED FOX SQUARE","","NEWPORT","ISLE OF WIGHT","ISLE OF WIGHT","A","A"
"{38EDC0C2-FB32-0F63-E063-4704A8C00424}","355000","2025-05-23 00:00","PO37 7PB","D","N","F","34","","WINDSOR DRIVE","","SHANKLIN","ISLE OF WIGHT","ISLE OF WIGHT","A","A"
"{38EDC0C2-FB33-0F63-E063-4704A8C00424}","320000","2025-05-30 00:00","PO40 9LF","D","N","F","91","","GOLDEN RIDGE","","FRESHWATER","ISLE OF WIGHT","ISLE OF WIGHT","A","A"
"{38EDC0C2-FB34-0F63-E063-4704A8C00424}","695000","2025-05-15 00:00","PO30 4EN","D","N","F","33","","WILLIAM FOX AVENUE","BRIGHSTONE","NEWPORT","ISLE OF WIGHT","ISLE OF WIGHT","A","A"
"{38EDC0C2-FB35-0F63-E063-4704A8C00424}","58000","2025-05-23 00:00","PO31 8RD","S","N","L","22","","GURNARD PINES","GURNARD","COWES","ISLE OF WIGHT","ISLE OF WIGHT","A","A"
"{38EDC0C2-FB49-0F63-E063-4704A8C00424}","338000","2025-05-02 00:00","PO33 3RX","D","N","F","24","","KINGS ROAD","BINSTEAD","RYDE","ISLE OF WIGHT","ISLE OF WIGHT","A","A"
"{38EDC0C2-FB66-0F63-E063-4704A8C00424}","385000","2025-05-28 00:00","PO31 7UJ","S","N","F","9","","ROGERSON CLOSE","","COWES","ISLE OF WIGHT","ISLE OF WIGHT","A","A"
"{38EDC0C2-FB68-0F63-E063-4704A8C00424}","198500","2025-04-14 00:00","PO33 3FF","F","Y","L","SPENCER HOUSE, 11","FLAT 1","RYDE HOUSE DRIVE","","RYDE","ISLE OF WIGHT","ISLE OF WIGHT","A","A"
"{38EDC0C2-FB69-0F63-E063-4704A8C00424}","185000","2025-05-30 00:00","PO30 2BN","T","N","F","19","","GARDEN WAY","","NEWPORT","ISLE OF WIGHT","ISLE OF WIGHT","A","A"
"{38EDC0C2-FB6A-0F63-E063-4704A8C00424}","220000","2025-01-10 00:00","PO33 4JJ","T","N","F","89","","ST EDMUNDS WALK","WOOTTON BRIDGE","RYDE","ISLE OF WIGHT","ISLE OF WIGHT","A","A"
"{38EDC0C2-FB6B-0F63-E063-4704A8C00424}","185000","2025-05-16 00:00","PO41 0UZ","F","N","L","CLEVELANDS","FLAT 2","","BOULDNOR","YARMOUTH","ISLE OF WIGHT","ISLE OF WIGHT","A","A"
"{38EDC0C2-F005-0F63-E063-4704A8C00424}","270000","2025-05-19 00:00","PO37 7ES","S","N","F","2","","LOVETT WAY","","SHANKLIN","ISLE OF WIGHT","ISLE OF WIGHT","A","A"
"{38EDC0C2-F03D-0F63-E063-4704A8C00424}","325000","2025-01-17 00:00","PO31 8AJ","S","N","F","20","","FIELDWAY CRESCENT","NORTHWOOD","COWES","ISLE OF WIGHT","ISLE OF WIGHT","A","A"
"{38EDC0C2-F3A3-0F63-E063-4704A8C00424}","175000","2025-06-04 00:00","PO33 2AQ","F","N","L","CAMDEN COURT, 4","FLAT 6","DOVER STREET","","RYDE","ISLE OF WIGHT","ISLE OF WIGHT","A","A"
"{38EDC0C2-F132-0F63-E063-4704A8C00424}","305000","2025-06-03 00:00","PO36 8PQ","D","N","F","15","","HEATH GARDENS","","SANDOWN","ISLE OF WIGHT","ISLE OF WIGHT","A","A"
"{38EDC0C2-F1AE-0F63-E063-4704A8C00424}","280000","2025-05-02 00:00","PO31 8HL","S","N","F","12","","WINSTON ROAD","","COWES","ISLE OF WIGHT","ISLE OF WIGHT","A","A"
"{38EDC0C2-F57E-0F63-E063-4704A8C00424}","300000","2025-06-12 00:00","PO30 5RG","S","N","F","19","","WESTMILL ROAD","","NEWPORT","ISLE OF WIGHT","ISLE OF WIGHT","A","A"
"{38EDC0C2-F57F-0F63-E063-4704A8C00424}","250000","2025-03-12 00:00","PO33 3JR","T","N","L","52","","MONTEREY ROAD","","RYDE","ISLE OF WIGHT","ISLE OF WIGHT","A","A"
"{38EDC0C2-F24E-0F63-E063-4704A8C00424}","310000","2025-03-10 00:00","PO33 3QL","S","N","F","81","","WELLINGTON ROAD","","RYDE","ISLE OF WIGHT","ISLE OF WIGHT","A","A"
"{38EDC0C2-F260-0F63-E063-4704A8C00424}","240000","2025-06-06 00:00","PO32 6QB","D","N","F","54","","SYLVAN AVENUE","","EAST COWES","ISLE OF WIGHT","ISLE OF WIGHT","A","A"
