"{42C129E4-A9E7-60A9-E063-4804A8C0C25D}","223000","2021-11-26 00:00","PO30 2FP","T","N","F","101","","GODRIC ROAD","","NEWPORT","ISLE OF WIGHT","ISLE OF WIGHT","A","A"
"{42C129E4-A9FE-60A9-E063-4804A8C0C25D}","199950","2021-09-30 00:00","PO38 1QS","F","N","L","19A","","MADEIRA ROAD","","VENTNOR","ISLE OF WIGHT","ISLE OF WIGHT","A","A"
"{31C68072-F396-FEE3-E063-4804A8C04F37}","1500","2021-04-22 00:00","PO30 2EL","O","N","F","95","","FAIRLEE ROAD","","NEWPORT","ISLE OF WIGHT","ISLE OF WIGHT","B","D"
"{42C129E5-83BB-60A9-E063-4804A8C0C25D}","10001","2022-05-19 00:00","PO31 7SF","O","N","F","THORNBANK, 9","FLAT","WEST HILL ROAD","","COWES","ISLE OF WIGHT","ISLE OF WIGHT","B","A"
"{6DD8DF1F-6747-415C-9596-1DDB73FDD4E7}","24500","1997-03-14 00:00","PO31 7JF","T","N","F","78","","GRANVILLE ROAD","","COWES","ISLE OF WIGHT","ISLE OF WIGHT","A","C"
"{42C129E5-83BC-60A9-E063-4804A8C0C25D}","18175","2016-02-29 00:00","PO31 8RD","O","N","L","19","","GURNARD PINES","GURNARD","COWES","ISLE OF WIGHT","ISLE OF WIGHT","B","A"
"{42C129E4-A9EB-60A9-E063-4804A8C0C25D}","126500","2022-09-30 00:00","PO30 2FQ","T","N","L","4","","BUTTERCUP GLADE","","NEWPORT","ISLE OF WIGHT","ISLE OF WIGHT","A","A"
"{42C129E4-AA07-60A9-E063-4804A8C0C25D}","78000","2020-01-21 00:00","PO33 1JN","F","N","L","106B","","MONKTON STREET","","RYDE","ISLE OF WIGHT","ISLE OF WIGHT","A","A"
"{B0A9D11C-0853-4C1F-E053-6C04A8C0D716}","309000","2020-08-07 00:00","PO35 5NN","O","N","F","THE PILOT BOAT INN","","STATION ROAD","","BEMBRIDGE","ISLE OF WIGHT","ISLE OF WIGHT","B","C"
"{8CAC1319-06A3-0253-E053-6B04A8C08E51}","19000","2019-02-06 00:00","PO31 7SF","O","N","L","11","","WEST HILL ROAD","","COWES","ISLE OF WIGHT","ISLE OF WIGHT","B","D"
"{42C129E4-A9BB-60A9-E063-4804A8C0C25D}","120000","2023-09-22 00:00","PO30 5EZ","F","N","L","14A","","SNOWBERRY ROAD","","NEWPORT","ISLE OF WIGHT","ISLE OF WIGHT","A","A"
"{42C129E4-A9EC-60A9-E063-4804A8C0C25D}","223500","2023-04-27 00:00","PO30 2GG","T","N","F","26","","LARKSPUR CLOSE","","NEWPORT","ISLE OF WIGHT","ISLE OF WIGHT","A","A"
"{42C129E4-A9ED-60A9-E063-4804A8C0C25D}","236500","2023-04-27 00:00","PO30 2GG","S","N","F","18","","LARKSPUR CLOSE","","NEWPORT","ISLE OF WIGHT","ISLE OF WIGHT","A","A"
"{42C129E4-A9EE-60A9-E063-4804A8C0C25D}","236500","2023-04-27 00:00","PO30 2GG","S","N","F","20","","LARKSPUR CLOSE","","NEWPORT","ISLE OF WIGHT","ISLE OF WIGHT","A","A"
"{42C129E4-A9F0-60A9-E063-4804A8C0C25D}","225000","2023-06-30 00:00","PO30 2GG","S","N","F","1","","LARKSPUR CLOSE","","NEWPORT","ISLE OF WIGHT","ISLE OF WIGHT","A","A"
"{42C129E5-83A0-60A9-E063-4804A8C0C25D}","6000","2024-12-17 00:00","PO37 7LA","O","N","F","6","","FALCON CROSS ROAD","","SHANKLIN","ISLE OF WIGHT","ISLE OF WIGHT","B","A"
"{42C129E4-A9AF-60A9-E063-4804A8C0C25D}","390000","2024-11-28 00:00","PO33 3TF","D","N","F","103","","NEWNHAM ROAD","BINSTEAD","RYDE","ISLE OF WIGHT","ISLE OF WIGHT","A","A"
"{42C129E4-9C8F-60A9-E063-4804A8C0C25D}","200000","2024-11-01 00:00","PO33 3JR","T","N","L","5","","MONTEREY ROAD","","RYDE","ISLE OF WIGHT","ISLE OF WIGHT","A","A"
"{42C129E4-9D30-60A9-E063-4804A8C0C25D}","285000","2024-10-28 00:00","PO31 8AD","S","N","F","56","","NODES ROAD","NORTHWOOD","COWES","ISLE OF WIGHT","ISLE OF WIGHT","A","A"
"{42C129E4-9D92-60A9-E063-4804A8C0C25D}","330000","2024-10-29 00:00","PO31 8AF","D","N","F","10","","VENNER AVENUE","NORTHWOOD","COWES","ISLE OF WIGHT","ISLE OF WIGHT","A","A"
"{42C129E4-A928-60A9-E063-4804A8C0C25D}","300000","2024-09-27 00:00","PO37 7BZ","S","N","F","38","","WILTON ROAD","","SHANKLIN","ISLE OF WIGHT","ISLE OF WIGHT","A","A"
"{42C129E4-A929-60A9-E063-4804A8C0C25D}","220000","2024-12-09 00:00","PO36 9DX","T","N","F","190","","PEROWNE WAY","","SANDOWN","ISLE OF WIGHT","ISLE OF WIGHT","A","A"
"{42C129E4-A92F-60A9-E063-4804A8C0C25D}","425000","2024-10-15 00:00","PO33 3AG","D","N","F","11","","BUCKLAND GARDENS","","RYDE","ISLE OF WIGHT","ISLE OF WIGHT","A","A"
"{42C129E4-A936-60A9-E063-4804A8C0C25D}","77000","2024-11-15 00:00","PO30 5QR","F","N","L","14","","SYLVAN DRIVE","","NEWPORT","ISLE OF WIGHT","ISLE OF WIGHT","A","A"
"{42C129E4-A956-60A9-E063-4804A8C0C25D}","85000","2024-11-06 00:00","PO31 8BT","F","N","L","BRIARY COURT","FLAT 56","EGYPT ESPLANADE","","COWES","ISLE OF WIGHT","ISLE OF WIGHT","A","A"
"{42C129E4-A95B-60A9-E063-4804A8C0C25D}","490000","2024-10-28 00:00","PO37 7NX","D","N","F","44","","ORCHARD ROAD","","SHANKLIN","ISLE OF WIGHT","ISLE OF WIGHT","A","A"
"{42C129E4-A95E-60A9-E063-4804A8C0C25D}","770000","2024-10-31 00:00","PO39 0ED","D","N","F","3","","GREENWAYS","","TOTLAND BAY","ISLE OF WIGHT","ISLE OF WIGHT","A","A"
"{42C129E4-A960-60A9-E063-4804A8C0C25D}","118000","2024-08-14 00:00","PO33 3TY","T","N","F","28","","DAME ANTHONYS CLOSE","","RYDE","ISLE OF WIGHT","ISLE OF WIGHT","A","A"
"{42C129E4-A977-60A9-E063-4804A8C0C25D}","235000","2024-12-11 00:00","PO36 9QQ","S","N","F","6","","SANDHAM GARDENS","","SANDOWN","ISLE OF WIGHT","ISLE OF WIGHT","A","A"
"{42C129E4-A988-60A9-E063-4804A8C0C25D}","425000","2024-12-02 00:00","PO40 9TZ","S","N","F","WYNDWAYS","","AFTON DOWN","","FRESHWATER","ISLE OF WIGHT","ISLE OF WIGHT","A","A"
"{42C129E4-A999-60A9-E063-4804A8C0C25D}","235000","2024-09-27 00:00","PO33 3RY","D","N","F","5","","PARKWAY","","RYDE","ISLE OF WIGHT","ISLE OF WIGHT","A","A"
"{42C129E4-A9A2-60A9-E063-4804A8C0C25D}","575000","2024-09-30 00:00","PO37 6LS","D","N","F","CYPRUS HOUSE","","VICTORIA AVENUE","","SHANKLIN","ISLE OF WIGHT","ISLE OF WIGHT","A","A"
"{42C129E4-A9C6-60A9-E063-4804A8C0C25D}","156000","2024-11-18 00:00","PO30 1QP","T","N","F","2","","SOUTH VIEW","","NEWPORT","ISLE OF WIGHT","ISLE OF WIGHT","A","A"
"{42C129E4-A9DA-60A9-E063-4804A8C0C25D}","274000","2024-09-26 00:00","PO30 2FL","S","N","F","13","","COSHAM CLOSE","","NEWPORT","ISLE OF WIGHT","ISLE OF WIGHT","A","A"
"{42C129E4-A9DE-60A9-E063-4804A8C0C25D}","500000","2024-10-03 00:00","PO32 6NZ","D","N","F","2A","","ALVERSTONE ROAD","WHIPPINGHAM","EAST COWES","ISLE OF WIGHT","ISLE OF WIGHT","A","A"
"{42C129E4-A9F5-60A9-E063-4804A8C0C25D}","125500","2024-09-25 00:00","PO33 2AE","F","N","L","WRAFTON HOUSE, 46","FLAT 10","MELVILLE STREET","","RYDE","ISLE OF WIGHT","ISLE OF WIGHT","A","A"
"{42C129E4-A9F6-60A9-E063-4804A8C0C25D}","110000","2024-10-16 00:00","PO30 5HE","F","N","L","11F","","ST JAMES STREET","","NEWPORT","ISLE OF WIGHT","ISLE OF WIGHT","A","A"
"{42C129E4-A9F7-60A9-E063-4804A8C0C25D}","2200000","2024-10-29 00:00","PO35 5NF","S","N","F","PITT HOUSE","","DUCIE AVENUE","","BEMBRIDGE","ISLE OF WIGHT","ISLE OF WIGHT","A","A"
"{42C129E4-A9F8-60A9-E063-4804A8C0C25D}","150000","2024-10-29 00:00","PO32 6TE","F","N","L","172","FLAT 10","YORK AVENUE","","EAST COWES","ISLE OF WIGHT","ISLE OF WIGHT","A","A"
"{42C129E4-A9F9-60A9-E063-4804A8C0C25D}","860000","2024-11-21 00:00","PO40 9TX","D","N","F","PEN-Y-BRYN","","GREYSTONES LANE","","FRESHWATER","ISLE OF WIGHT","ISLE OF WIGHT","A","A"
"{42C129E4-A9FA-60A9-E063-4804A8C0C25D}","290000","2024-11-27 00:00","PO32 6GY","S","N","F","7","","KINGSTON FARM LANE","","EAST COWES","ISLE OF WIGHT","ISLE OF WIGHT","A","A"
"{42C129E4-A9FB-60A9-E063-4804A8C0C25D}","109200","2024-11-29 00:00","PO36 9DQ","F","N","L","GROSVENOR COURT, 9","FLAT 3","BROADWAY","","SANDOWN","ISLE OF WIGHT","ISLE OF WIGHT","A","A"
"{42C129E4-A9FC-60A9-E063-4804A8C0C25D}","192600","2024-11-08 00:00","PO31 8JB","F","N","L","5A","","HILTON ROAD","","COWES","ISLE OF WIGHT","ISLE OF WIGHT","A","A"
"{42C129E4-AA02-60A9-E063-4804A8C0C25D}","460000","2024-12-16 00:00","PO31 8NS","D","N","F","THE CHERRIES","","REW STREET","","COWES","ISLE OF WIGHT","ISLE OF WIGHT","A","A"
"{42C129E4-A9FD-60A9-E063-4804A8C0C25D}","455000","2024-11-20 00:00","PO36 9DL","D","N","F","WEST WINDS","","OLD RESERVOIR LANE","","SANDOWN","ISLE OF WIGHT","ISLE OF WIGHT","A","A"
"{42C129E4-AA00-60A9-E063-4804A8C0C25D}","470000","2024-12-13 00:00","PO40 9PS","D","N","F","WHITE HOUSE","","VICTORIA ROAD","","FRESHWATER","ISLE OF WIGHT","ISLE OF WIGHT","A","A"
"{42C129E4-AA01-60A9-E063-4804A8C0C25D}","299950","2024-11-22 00:00","PO36 0LZ","S","N","F","FAIRVIEW","","WINFORD ROAD","NEWCHURCH","SANDOWN","ISLE OF WIGHT","ISLE OF WIGHT","A","A"
"{42C129E4-AA03-60A9-E063-4804A8C0C25D}","300000","2024-11-06 00:00","PO36 8LF","D","N","L","54","","MELVILLE STREET","","SANDOWN","ISLE OF WIGHT","ISLE OF WIGHT","A","A"
"{42C129E5-839A-60A9-E063-4804A8C0C25D}","115000","2025-09-22 00:00","PO33 2RT","D","N","L","66","","ST JOHNS ROAD","","RYDE","ISLE OF WIGHT","ISLE OF WIGHT","B","A"
"{42C129E5-839B-60A9-E063-4804A8C0C25D}","60000","2025-04-11 00:00","PO36 8QP","O","N","L","145","","SANDOWN BAY HOLIDAY CENTRE","","SANDOWN","ISLE OF WIGHT","ISLE OF WIGHT","B","A"
"{42C129E5-839D-60A9-E063-4804A8C0C25D}","540000","2025-10-10 00:00","PO30 5HT","O","N","F","12","","PARKHURST ROAD","","NEWPORT","ISLE OF WIGHT","ISLE OF WIGHT","B","A"
"{42C129E5-839F-60A9-E063-4804A8C0C25D}","150000","2025-09-19 00:00","PO30 1JN","O","N","F","4","","EAST STREET","","NEWPORT","ISLE OF WIGHT","ISLE OF WIGHT","B","A"
"{42C129E5-83A1-60A9-E063-4804A8C0C25D}","440000","2025-05-01 00:00","PO37 6HF","O","N","F","156","","SANDOWN ROAD","","SHANKLIN","ISLE OF WIGHT","ISLE OF WIGHT","B","A"
"{42C129E5-83A2-60A9-E063-4804A8C0C25D}","950000","2025-03-31 00:00","PO30 3HU","O","N","F","BOWCOMBE LODGE","","PLAISH LANE","","NEWPORT","ISLE OF WIGHT","ISLE OF WIGHT","B","A"
"{42C129E5-83A4-60A9-E063-4804A8C0C25D}","1750000","2025-02-06 00:00","PO38 1RQ","O","N","F","THE EAST DENE CENTRE","","BONCHURCH VILLAGE ROAD","","VENTNOR","ISLE OF WIGHT","ISLE OF WIGHT","B","A"
"{42C129E5-83A6-60A9-E063-4804A8C0C25D}","75000","2025-10-08 00:00","PO41 0RJ","O","N","L","WEST BAY","UNIT P18","HALLETTS SHUTE","NORTON","YARMOUTH","ISLE OF WIGHT","ISLE OF WIGHT","B","A"
"{42C129E5-83A7-60A9-E063-4804A8C0C25D}","300000","2025-10-02 00:00","PO31 8JP","S","N","F","21","","CHURCH ROAD","GURNARD","COWES","ISLE OF WIGHT","ISLE OF WIGHT","B","A"
"{42C129E5-83AA-60A9-E063-4804A8C0C25D}","195000","2025-10-10 00:00","PO33 4LR","T","N","F","50","","MARY ROSE AVENUE","WOOTTON BRIDGE","RYDE","ISLE OF WIGHT","ISLE OF WIGHT","B","A"
"{42C129E5-83AB-60A9-E063-4804A8C0C25D}","205000","2025-07-14 00:00","PO30 5XW","O","N","L","THE APEX","FIRST FLOOR BAYS, BLOCK C","ST CROSS BUSINESS PARK","","NEWPORT","ISLE OF WIGHT","ISLE OF WIGHT","B","A"
"{42C129E5-83AC-60A9-E063-4804A8C0C25D}","93000","2025-10-16 00:00","PO30 5AD","T","N","F","30","","CLIFFORD STREET","","NEWPORT","ISLE OF WIGHT","ISLE OF WIGHT","B","A"
"{42C129E5-83AD-60A9-E063-4804A8C0C25D}","153000","2025-09-10 00:00","PO38 3LU","O","N","L","ROOKLEY COUNTRY PARK","UNIT 46","MAIN ROAD","ROOKLEY","VENTNOR","ISLE OF WIGHT","ISLE OF WIGHT","B","A"
"{42C129E5-83AE-60A9-E063-4804A8C0C25D}","230000","2025-10-09 00:00","PO30 2FP","S","N","F","67A","","GODRIC ROAD","","NEWPORT","ISLE OF WIGHT","ISLE OF WIGHT","B","A"
"{42C129E5-83AF-60A9-E063-4804A8C0C25D}","305000","2025-04-17 00:00","PO35 5SF","O","N","F","57","","HIGH STREET","","BEMBRIDGE","ISLE OF WIGHT","ISLE OF WIGHT","B","A"
"{42C129E5-83B0-60A9-E063-4804A8C0C25D}","245000","2025-09-18 00:00","PO40 9EU","O","N","F","16","","QUEENS CLOSE","","FRESHWATER","ISLE OF WIGHT","ISLE OF WIGHT","B","A"
"{42C129E5-83BD-60A9-E063-4804A8C0C25D}","137500","2025-09-29 00:00","PO37 7NL","O","N","L","49A","","BLYTHE WAY","","SHANKLIN","ISLE OF WIGHT","ISLE OF WIGHT","B","A"
"{42C129E5-83BE-60A9-E063-4804A8C0C25D}","80000","2025-09-26 00:00","PO30 1TX","O","N","L","134","","HIGH STREET","","NEWPORT","ISLE OF WIGHT","ISLE OF WIGHT","B","A"
"{42C129E5-83BF-60A9-E063-4804A8C0C25D}","25400","2025-10-10 00:00","PO32 6HT","O","N","F","82","","GREENLANDS ROAD","","EAST COWES","ISLE OF WIGHT","ISLE OF WIGHT","B","A"
"{42C129E5-8238-60A9-E063-4804A8C0C25D}","127500","2025-06-20 00:00","PO30 5RP","S","N","F","84","","HINTON ROAD","","NEWPORT","ISLE OF WIGHT","ISLE OF WIGHT","B","A"
"{42C129E5-8399-60A9-E063-4804A8C0C25D}","210000","2024-12-13 00:00","PO37 7NR","O","N","F","4","","ST JOHNS ROAD","","SHANKLIN","ISLE OF WIGHT","ISLE OF WIGHT","B","A"
"{42C129E5-839C-60A9-E063-4804A8C0C25D}","430000","2024-12-13 00:00","PO39 0LD","O","N","F","6","","FARTHINGS WAY","","TOTLAND BAY","ISLE OF WIGHT","ISLE OF WIGHT","B","A"
"{42C129E5-839E-60A9-E063-4804A8C0C25D}","862000","2024-12-13 00:00","PO30 2NJ","O","N","F","MAYTREES","","BUCKBURY LANE","","NEWPORT","ISLE OF WIGHT","ISLE OF WIGHT","B","A"
"{42C129E5-83A3-60A9-E063-4804A8C0C25D}","535000","2024-12-19 00:00","PO31 8PG","O","N","F","339","","NEWPORT ROAD","","COWES","ISLE OF WIGHT","ISLE OF WIGHT","B","A"
"{42C129E5-83A5-60A9-E063-4804A8C0C25D}","185000","2024-11-08 00:00","PO39 0EY","O","N","F","BROADWAY GARAGE","","WESTON ROAD","","TOTLAND BAY","ISLE OF WIGHT","ISLE OF WIGHT","B","A"
"{42C129E5-83A8-60A9-E063-4804A8C0C25D}","2599995","2024-11-22 00:00","PO36 8LB","O","N","F","10 - 16","","ESPLANADE","","SANDOWN","ISLE OF WIGHT","ISLE OF WIGHT","B","A"
"{42C129E5-83A9-60A9-E063-4804A8C0C25D}","80000","2024-12-04 00:00","PO37 7AA","F","N","L","18B","FLAT 2","REGENT STREET","","SHANKLIN","ISLE OF WIGHT","ISLE OF WIGHT","B","A"
"{42C129E5-83B1-60A9-E063-4804A8C0C25D}","175000","2024-01-31 00:00","PO38 1RH","F","N","L","RIVIERA PARK APARTMENTS","APARTMENT 16","SHORE ROAD","BONCHURCH","VENTNOR","ISLE OF WIGHT","ISLE OF WIGHT","B","A"
"{42C129E5-83B2-60A9-E063-4804A8C0C25D}","60175","2024-09-20 00:00","PO31 8RF","O","N","L","73","","GURNARD PINES","GURNARD","COWES","ISLE OF WIGHT","ISLE OF WIGHT","B","A"
"{42C129E5-83B3-60A9-E063-4804A8C0C25D}","90000","2024-09-20 00:00","PO31 8EX","O","N","L","403","","GURNARD PINES","","COWES","ISLE OF WIGHT","ISLE OF WIGHT","B","A"
"{42C129E5-83B4-60A9-E063-4804A8C0C25D}","130000","2024-09-24 00:00","PO31 8RT","O","N","L","290","","GURNARD PINES","","COWES","ISLE OF WIGHT","ISLE OF WIGHT","B","A"
"{42C129E5-83B5-60A9-E063-4804A8C0C25D}","635000","2024-10-29 00:00","PO38 1RN","O","N","F","SEASIDE COTTAGE","","SHORE ROAD","","VENTNOR","ISLE OF WIGHT","ISLE OF WIGHT","B","A"
"{42C129E5-83B6-60A9-E063-4804A8C0C25D}","16950","2024-10-18 00:00","","O","N","F","GARAGE 12","","MOUNT PLEASANT ROAD","","NEWPORT","ISLE OF WIGHT","ISLE OF WIGHT","B","A"
"{42C129E5-83B7-60A9-E063-4804A8C0C25D}","61000","2024-10-14 00:00","","O","N","F","DARWIN WOOD","","","","RYDE","ISLE OF WIGHT","ISLE OF WIGHT","B","A"
"{42C129E5-83B8-60A9-E063-4804A8C0C25D}","45000","2024-11-20 00:00","PO31 8RF","O","N","L","84","","GURNARD PINES","","COWES","ISLE OF WIGHT","ISLE OF WIGHT","B","A"
"{42C129E5-83B9-60A9-E063-4804A8C0C25D}","395000","2024-10-24 00:00","PO30 3EF","O","N","F","HILL FARM BARN","","RECTORY LANE","GATCOMBE","NEWPORT","ISLE OF WIGHT","ISLE OF WIGHT","B","A"
"{42C129E5-83BA-60A9-E063-4804A8C0C25D}","125000","2024-11-12 00:00","PO31 8RT","O","N","L","288","","GURNARD PINES","","COWES","ISLE OF WIGHT","ISLE OF WIGHT","B","A"
"{42C129E4-A983-60A9-E063-4804A8C0C25D}","47000","2025-06-06 00:00","PO31 8RN","S","N","L","141","","GURNARD PINES","GURNARD","COWES","ISLE OF WIGHT","ISLE OF WIGHT","A","A"
"{2ACACE8D-8CD2-295E-E063-4804A8C0B0EB}","220000","2024-12-09 00:00","PO36 9DX","T","N","F","190","","PEROWNE WAY","","SANDOWN","ISLE OF WIGHT","ISLE OF WIGHT","B","D"
"{2ACACE8D-8CDA-295E-E063-4804A8C0B0EB}","235000","2024-12-11 00:00","PO36 9QQ","S","N","F","6","","SANDHAM GARDENS","","SANDOWN","ISLE OF WIGHT","ISLE OF WIGHT","B","D"
"{2859C1AC-F12B-52B4-E063-4804A8C05948}","235000","2024-09-27 00:00","PO33 3RY","D","N","F","5","","PARKWAY","","RYDE","ISLE OF WIGHT","ISLE OF WIGHT","B","D"
"{42C129E4-A927-60A9-E063-4804A8C0C25D}","307500","2025-03-28 00:00","PO33 1BX","D","N","F","52","","HIGH PARK ROAD","","RYDE","ISLE OF WIGHT","ISLE OF WIGHT","A","A"
"{42C129E4-A92A-60A9-E063-4804A8C0C25D}","260000","2025-08-01 00:00","PO30 5FJ","D","N","F","10","","ASPEN CLOSE","","NEWPORT","ISLE OF WIGHT","ISLE OF WIGHT","A","A"
"{42C129E4-A92B-60A9-E063-4804A8C0C25D}","290000","2025-10-10 00:00","PO33 3RX","S","N","L","7","","KINGS ROAD","BINSTEAD","RYDE","ISLE OF WIGHT","ISLE OF WIGHT","A","A"
"{42C129E4-A92C-60A9-E063-4804A8C0C25D}","195000","2025-07-23 00:00","PO30 5AH","D","N","F","4","","RECREATION GROUND ROAD","","NEWPORT","ISLE OF WIGHT","ISLE OF WIGHT","A","A"
"{42C129E4-A92D-60A9-E063-4804A8C0C25D}","310000","2025-09-01 00:00","PO32 6AA","T","N","F","3","","ALBANY ROAD","","EAST COWES","ISLE OF WIGHT","ISLE OF WIGHT","A","A"
"{42C129E4-A92E-60A9-E063-4804A8C0C25D}","185000","2025-09-30 00:00","PO39 0HD","F","N","L","VICTORIA COTTAGES","1","HURST HILL","","TOTLAND BAY","ISLE OF WIGHT","ISLE OF WIGHT","A","A"
"{42C129E4-A930-60A9-E063-4804A8C0C25D}","415000","2025-10-10 00:00","PO34 5EJ","T","N","F","5","","SANDPIPERS","","SEAVIEW","ISLE OF WIGHT","ISLE OF WIGHT","A","A"
"{42C129E4-A931-60A9-E063-4804A8C0C25D}","220000","2025-10-13 00:00","PO31 7TD","T","N","F","35","","CROSS STREET","","COWES","ISLE OF WIGHT","ISLE OF WIGHT","A","A"
"{42C129E4-A932-60A9-E063-4804A8C0C25D}","190000","2025-10-14 00:00","PO32 6SE","T","N","F","38A","","KINGS ROAD","","EAST COWES","ISLE OF WIGHT","ISLE OF WIGHT","A","A"
"{42C129E4-9F37-60A9-E063-4804A8C0C25D}","345000","2025-10-15 00:00","PO33 3HL","D","N","F","8","","NODE CLOSE","","RYDE","ISLE OF WIGHT","ISLE OF WIGHT","A","A"
"{42C129E4-A937-60A9-E063-4804A8C0C25D}","107000","2025-09-30 00:00","PO33 1HH","F","N","L","24","FLAT 2","PARK ROAD","","RYDE","ISLE OF WIGHT","ISLE OF WIGHT","A","A"
"{42C129E4-A933-60A9-E063-4804A8C0C25D}","270000","2025-10-20 00:00","PO30 1BU","T","N","L","51","","CARISBROOKE ROAD","","NEWPORT","ISLE OF WIGHT","ISLE OF WIGHT","A","A"
"{42C129E4-A934-60A9-E063-4804A8C0C25D}","510000","2025-09-25 00:00","PO36 0HD","D","N","F","SANDYLANDS","","ALVERSTONE ROAD","QUEEN BOWER","SANDOWN","ISLE OF WIGHT","ISLE OF WIGHT","A","A"
"{42C129E4-A935-60A9-E063-4804A8C0C25D}","277500","2025-07-24 00:00","PO30 5NF","T","N","F","13","","PARK CLOSE","","NEWPORT","ISLE OF WIGHT","ISLE OF WIGHT","A","A"
"{42C129E4-A938-60A9-E063-4804A8C0C25D}","190000","2025-10-22 00:00","PO33 2QN","D","N","L","34","","HILL STREET","","RYDE","ISLE OF WIGHT","ISLE OF WIGHT","A","A"
"{42C129E4-A939-60A9-E063-4804A8C0C25D}","420000","2025-09-16 00:00","PO34 5JU","D","N","F","25","","CAWS AVENUE","NETTLESTONE","SEAVIEW","ISLE OF WIGHT","ISLE OF WIGHT","A","A"
"{42C129E4-A93A-60A9-E063-4804A8C0C25D}","177000","2025-09-19 00:00","PO30 5PT","T","N","F","6","","NICHOLSON STREET","","NEWPORT","ISLE OF WIGHT","ISLE OF WIGHT","A","A"
"{42C129E4-A93B-60A9-E063-4804A8C0C25D}","245000","2025-10-10 00:00","PO35 5NF","F","N","L","NORTHWELLS","2","DUCIE AVENUE","","BEMBRIDGE","ISLE OF WIGHT","ISLE OF WIGHT","A","A"
"{42C129E4-A93C-60A9-E063-4804A8C0C25D}","190000","2025-09-15 00:00","PO40 9JP","S","N","F","38D","","SUNSET CLOSE","","FRESHWATER","ISLE OF WIGHT","ISLE OF WIGHT","A","A"
"{42C129E4-A93D-60A9-E063-4804A8C0C25D}","410000","2025-09-24 00:00","PO31 7JF","T","N","F","78","","GRANVILLE ROAD","","COWES","ISLE OF WIGHT","ISLE OF WIGHT","A","A"
"{42C129E4-A93E-60A9-E063-4804A8C0C25D}","242500","2025-10-17 00:00","PO30 5SD","T","N","F","4","","BUCKINGHAM CRESCENT","","NEWPORT","ISLE OF WIGHT","ISLE OF WIGHT","A","A"
"{42C129E4-A93F-60A9-E063-4804A8C0C25D}","350000","2025-10-16 00:00","PO36 8QT","S","N","F","7","","COASTGUARD COTTAGES","CULVER DOWN","SANDOWN","ISLE OF WIGHT","ISLE OF WIGHT","A","A"
"{42C129E4-A940-60A9-E063-4804A8C0C25D}","223500","2025-09-19 00:00","PO36 9HG","S","N","F","20","","MEDEWAY","","SANDOWN","ISLE OF WIGHT","ISLE OF WIGHT","A","A"
"{42C129E4-A941-60A9-E063-4804A8C0C25D}","225000","2025-10-02 00:00","PO30 2AE","S","N","F","11","","PAN CLOSE","","NEWPORT","ISLE OF WIGHT","ISLE OF WIGHT","A","A"
"{42C129E4-A942-60A9-E063-4804A8C0C25D}","248000","2025-10-29 00:00","PO33 3EN","S","N","F","62","","BETTESWORTH ROAD","","RYDE","ISLE OF WIGHT","ISLE OF WIGHT","A","A"
"{42C129E4-A943-60A9-E063-4804A8C0C25D}","297000","2025-10-10 00:00","PO33 1YF","D","N","F","36B","","STATION ROAD","ST HELENS","RYDE","ISLE OF WIGHT","ISLE OF WIGHT","A","A"
"{42C129E4-A944-60A9-E063-4804A8C0C25D}","216000","2025-09-18 00:00","PO37 6HH","F","N","L","CRAIGMORE COURT","7","HOWARD ROAD","","SHANKLIN","ISLE OF WIGHT","ISLE OF WIGHT","A","A"
"{42C129E4-A945-60A9-E063-4804A8C0C25D}","202000","2025-09-22 00:00","PO37 6HS","D","N","F","THE BLUEBERRIES","","LITTLESTAIRS ROAD","","SHANKLIN","ISLE OF WIGHT","ISLE OF WIGHT","A","A"
"{42C129E4-A946-60A9-E063-4804A8C0C25D}","340000","2025-08-21 00:00","PO37 7HA","S","N","F","6","","ROYAL CLOSE","","SHANKLIN","ISLE OF WIGHT","ISLE OF WIGHT","A","A"
"{42C129E4-A947-60A9-E063-4804A8C0C25D}","300000","2025-09-26 00:00","PO35 5QN","S","N","F","59","","HOWGATE ROAD","","BEMBRIDGE","ISLE OF WIGHT","ISLE OF WIGHT","A","A"
"{42C129E4-A948-60A9-E063-4804A8C0C25D}","650000","2025-10-01 00:00","PO33 4AG","D","N","F","WOODPECKERS","","ASHLAKE COPSE LANE","WOOTTON BRIDGE","RYDE","ISLE OF WIGHT","ISLE OF WIGHT","A","A"
"{42C129E4-A949-60A9-E063-4804A8C0C25D}","275000","2025-09-05 00:00","PO33 3TT","S","N","F","17","","HILLRISE AVENUE","BINSTEAD","RYDE","ISLE OF WIGHT","ISLE OF WIGHT","A","A"
"{42C129E4-A94A-60A9-E063-4804A8C0C25D}","475000","2025-04-16 00:00","PO33 1YN","D","N","F","HILL FARM COTTAGES","1","CARPENTERS ROAD","ST HELENS","RYDE","ISLE OF WIGHT","ISLE OF WIGHT","A","A"
"{42C129E4-A94B-60A9-E063-4804A8C0C25D}","110000","2025-09-18 00:00","PO30 1BY","F","N","L","MALL COURT, 90","FLAT 10","CARISBROOKE ROAD","","NEWPORT","ISLE OF WIGHT","ISLE OF WIGHT","A","A"
"{42C129E4-A94C-60A9-E063-4804A8C0C25D}","296500","2025-09-29 00:00","PO31 7NY","T","N","F","33","","BERNARD ROAD","","COWES","ISLE OF WIGHT","ISLE OF WIGHT","A","A"
"{42C129E4-A94D-60A9-E063-4804A8C0C25D}","159950","2025-10-14 00:00","PO38 2PY","F","N","L","WHITWELL FARM MAISONETTES","11","HIGH STREET","WHITWELL","VENTNOR","ISLE OF WIGHT","ISLE OF WIGHT","A","A"
"{42C129E4-A94E-60A9-E063-4804A8C0C25D}","250000","2025-09-22 00:00","PO33 3QP","D","N","F","12B","","WATERLOO CRESCENT","","RYDE","ISLE OF WIGHT","ISLE OF WIGHT","A","A"
"{42C129E4-A94F-60A9-E063-4804A8C0C25D}","360000","2025-09-22 00:00","PO33 1DQ","S","N","F","9","","VICTORIA CRESCENT","ELMFIELD","RYDE","ISLE OF WIGHT","ISLE OF WIGHT","A","A"
"{42C129E4-A950-60A9-E063-4804A8C0C25D}","265000","2025-10-24 00:00","PO36 9NQ","D","N","F","10","","LAMORBEY ROAD","","SANDOWN","ISLE OF WIGHT","ISLE OF WIGHT","A","A"
"{42C129E4-A951-60A9-E063-4804A8C0C25D}","133000","2025-09-29 00:00","PO36 8JJ","F","N","L","LYNCROFT, 1","FLAT 2","GRAFTON STREET","","SANDOWN","ISLE OF WIGHT","ISLE OF WIGHT","A","A"
"{42C129E4-A952-60A9-E063-4804A8C0C25D}","185000","2025-08-22 00:00","PO31 8BT","F","N","L","BRIARY COURT","FLAT 33","EGYPT ESPLANADE","","COWES","ISLE OF WIGHT","ISLE OF WIGHT","A","A"
"{42C129E4-A953-60A9-E063-4804A8C0C25D}","1000000","2025-10-10 00:00","PO34 5DG","D","N","F","SPITHEAD HOUSE","","SEAVIEW LANE","","SEAVIEW","ISLE OF WIGHT","ISLE OF WIGHT","A","A"
"{42C129E4-A954-60A9-E063-4804A8C0C25D}","65000","2025-10-03 00:00","PO36 8NU","F","N","L","CLIFF COURT","FLAT 11","CURRIE ROAD","LAKE","SANDOWN","ISLE OF WIGHT","ISLE OF WIGHT","A","A"
"{42C129E4-A959-60A9-E063-4804A8C0C25D}","520000","2025-09-05 00:00","PO33 3AQ","D","N","F","16","","NORTHWOOD DRIVE","","RYDE","ISLE OF WIGHT","ISLE OF WIGHT","A","A"
"{42C129E4-A955-60A9-E063-4804A8C0C25D}","76600","2025-10-01 00:00","PO30 1SP","F","N","L","ROLLA COURT","FLAT 19","NEW STREET","","NEWPORT","ISLE OF WIGHT","ISLE OF WIGHT","A","A"
"{42C129E4-A957-60A9-E063-4804A8C0C25D}","370000","2025-06-12 00:00","PO30 5AS","D","N","F","2","","ALVINGTON CLOSE","","NEWPORT","ISLE OF WIGHT","ISLE OF WIGHT","A","A"
"{42C129E4-A958-60A9-E063-4804A8C0C25D}","550000","2025-04-09 00:00","PO35 5YE","D","N","F","16","","TRELAWNY WAY","","BEMBRIDGE","ISLE OF WIGHT","ISLE OF WIGHT","A","A"
"{42C129E4-A95A-60A9-E063-4804A8C0C25D}","95000","2025-10-01 00:00","PO36 9JX","F","N","L","BAYVIEW COURT, 98","FLAT 42","SANDOWN ROAD","LAKE","SANDOWN","ISLE OF WIGHT","ISLE OF WIGHT","A","A"
"{42C129E4-A95C-60A9-E063-4804A8C0C25D}","255000","2025-09-26 00:00","PO30 2BH","D","N","F","103A","","MANOR CRESCENT","","NEWPORT","ISLE OF WIGHT","ISLE OF WIGHT","A","A"
"{42C129E4-A95D-60A9-E063-4804A8C0C25D}","205000","2025-09-23 00:00","PO32 6SL","F","N","F","SEYMOUR COURT","3","CASTLE STREET","","EAST COWES","ISLE OF WIGHT","ISLE OF WIGHT","A","A"
"{42C129E4-A95F-60A9-E063-4804A8C0C25D}","575000","2025-09-30 00:00","PO41 0TE","D","N","F","WELLOW COTTAGE","","MAIN ROAD","WELLOW","YARMOUTH","ISLE OF WIGHT","ISLE OF WIGHT","A","A"
"{42C129E4-A961-60A9-E063-4804A8C0C25D}","365000","2025-10-08 00:00","PO33 3PR","D","N","L","52","","MAYFIELD ROAD","","RYDE","ISLE OF WIGHT","ISLE OF WIGHT","A","A"
"{42C129E4-A962-60A9-E063-4804A8C0C25D}","540000","2025-10-16 00:00","PO33 3AH","D","N","F","BUCKLAND COTTAGE","","SPENCER ROAD","","RYDE","ISLE OF WIGHT","ISLE OF WIGHT","A","A"
"{42C129E4-A963-60A9-E063-4804A8C0C25D}","160000","2025-09-25 00:00","PO37 6LT","F","N","L","OCHILTREE HOUSE, 45","FLAT 2","VICTORIA AVENUE","","SHANKLIN","ISLE OF WIGHT","ISLE OF WIGHT","A","A"
"{42C129E4-A964-60A9-E063-4804A8C0C25D}","282000","2025-10-13 00:00","PO31 7EW","S","N","F","216","","MILL HILL ROAD","","COWES","ISLE OF WIGHT","ISLE OF WIGHT","A","A"
"{42C129E4-A965-60A9-E063-4804A8C0C25D}","825950","2025-10-10 00:00","PO38 1UF","D","N","F","STEEPLETON","","STEEPHILL ROAD","","VENTNOR","ISLE OF WIGHT","ISLE OF WIGHT","A","A"
"{42C129E4-A966-60A9-E063-4804A8C0C25D}","104000","2025-04-16 00:00","PO40 9SQ","S","N","F","90","","BRAMBLES CHINE","","FRESHWATER","ISLE OF WIGHT","ISLE OF WIGHT","A","A"
"{42C129E4-A967-60A9-E063-4804A8C0C25D}","395000","2025-09-29 00:00","PO31 8JU","T","N","F","64","","ALBERT ROAD","","COWES","ISLE OF WIGHT","ISLE OF WIGHT","A","A"
"{42C129E4-A968-60A9-E063-4804A8C0C25D}","150000","2025-09-03 00:00","PO33 2JU","T","N","L","74","","PARK ROAD","","RYDE","ISLE OF WIGHT","ISLE OF WIGHT","A","A"
"{42C129E4-A969-60A9-E063-4804A8C0C25D}","450000","2025-05-19 00:00","PO31 7EH","T","N","F","108","","MILL HILL ROAD","","COWES","ISLE OF WIGHT","ISLE OF WIGHT","A","A"
"{42C129E4-A96A-60A9-E063-4804A8C0C25D}","215000","2025-10-09 00:00","PO38 1DQ","T","N","F","6","","CHESTNUT CLOSE","","VENTNOR","ISLE OF WIGHT","ISLE OF WIGHT","A","A"
"{42C129E4-A96B-60A9-E063-4804A8C0C25D}","200000","2025-09-24 00:00","PO38 1LZ","S","N","F","144","","HIGH STREET","","VENTNOR","ISLE OF WIGHT","ISLE OF WIGHT","A","A"
"{42C129E4-A96C-60A9-E063-4804A8C0C25D}","399000","2025-10-14 00:00","PO33 1TY","D","N","F","CAMELIA COTTAGE","","NEWLANDS","ST HELENS","RYDE","ISLE OF WIGHT","ISLE OF WIGHT","A","A"
"{42C129E4-A96D-60A9-E063-4804A8C0C25D}","340000","2025-09-23 00:00","PO31 7JN","T","N","F","12","","FELLOWS ROAD","","COWES","ISLE OF WIGHT","ISLE OF WIGHT","A","A"
"{42C129E4-A96E-60A9-E063-4804A8C0C25D}","168600","2025-09-30 00:00","PO30 5JD","T","N","F","60","","WORSLEY ROAD","","NEWPORT","ISLE OF WIGHT","ISLE OF WIGHT","A","A"
"{42C129E4-A96F-60A9-E063-4804A8C0C25D}","255000","2025-10-22 00:00","PO37 7AT","S","N","F","15","","ATHERLEY ROAD","","SHANKLIN","ISLE OF WIGHT","ISLE OF WIGHT","A","A"
"{42C129E4-A970-60A9-E063-4804A8C0C25D}","215000","2025-08-28 00:00","PO39 0AL","T","N","F","32","","LANES END","","TOTLAND BAY","ISLE OF WIGHT","ISLE OF WIGHT","A","A"
"{42C129E4-A971-60A9-E063-4804A8C0C25D}","690000","2025-10-01 00:00","PO36 0NX","D","N","F","MINCARLO","","SKINNERS HILL","NEWCHURCH","SANDOWN","ISLE OF WIGHT","ISLE OF WIGHT","A","A"
"{42C129E4-A972-60A9-E063-4804A8C0C25D}","264000","2025-09-22 00:00","PO32 6QW","D","N","F","32","","BROADSMITH AVENUE","","EAST COWES","ISLE OF WIGHT","ISLE OF WIGHT","A","A"
"{42C129E4-A973-60A9-E063-4804A8C0C25D}","325000","2025-10-10 00:00","PO36 0EN","D","N","F","SQUIRRELS WOOD","","MORTON OLD ROAD","BRADING","SANDOWN","ISLE OF WIGHT","ISLE OF WIGHT","A","A"
"{42C129E4-A974-60A9-E063-4804A8C0C25D}","357500","2025-10-07 00:00","PO31 7HJ","T","N","F","35","","BELLEVUE ROAD","","COWES","ISLE OF WIGHT","ISLE OF WIGHT","A","A"
"{42C129E4-A975-60A9-E063-4804A8C0C25D}","258000","2025-09-12 00:00","PO30 3EP","T","N","F","SPRINGVALE COTTAGES","2","MAIN ROAD","CHILLERTON","NEWPORT","ISLE OF WIGHT","ISLE OF WIGHT","A","A"
"{42C129E4-A976-60A9-E063-4804A8C0C25D}","69500","2025-09-26 00:00","PO30 5DF","S","N","F","8","","MILL STREET","","NEWPORT","ISLE OF WIGHT","ISLE OF WIGHT","A","A"
"{42C129E4-A978-60A9-E063-4804A8C0C25D}","250000","2025-09-19 00:00","PO38 1LH","S","N","F","44","","GILLS CLIFF ROAD","","VENTNOR","ISLE OF WIGHT","ISLE OF WIGHT","A","A"
"{42C129E4-A979-60A9-E063-4804A8C0C25D}","169000","2025-10-14 00:00","PO38 1DQ","T","N","F","10","","CHESTNUT CLOSE","","VENTNOR","ISLE OF WIGHT","ISLE OF WIGHT","A","A"
"{42C129E4-A97A-60A9-E063-4804A8C0C25D}","133000","2025-09-26 00:00","PO30 5AD","T","N","F","21","","CLIFFORD STREET","","NEWPORT","ISLE OF WIGHT","ISLE OF WIGHT","A","A"
"{42C129E4-A97B-60A9-E063-4804A8C0C25D}","345000","2025-07-21 00:00","PO36 9EQ","D","N","F","82","","THE FAIRWAY","LAKE","SANDOWN","ISLE OF WIGHT","ISLE OF WIGHT","A","A"
"{42C129E4-A97F-60A9-E063-4804A8C0C25D}","85000","2025-09-05 00:00","PO31 7NY","F","N","L","GRANVILLE COURT","3","BERNARD ROAD","","COWES","ISLE OF WIGHT","ISLE OF WIGHT","A","A"
"{42C129E4-A97C-60A9-E063-4804A8C0C25D}","315000","2025-05-01 00:00","PO33 3BS","D","N","F","39","","PELLHURST ROAD","","RYDE","ISLE OF WIGHT","ISLE OF WIGHT","A","A"
"{42C129E4-A97D-60A9-E063-4804A8C0C25D}","325000","2025-10-10 00:00","PO33 3SG","D","N","F","28","","BINSTEAD LODGE ROAD","BINSTEAD","RYDE","ISLE OF WIGHT","ISLE OF WIGHT","A","A"
"{42C129E4-A97E-60A9-E063-4804A8C0C25D}","176500","2025-09-16 00:00","PO36 9QQ","D","N","F","4","","SANDHAM GARDENS","","SANDOWN","ISLE OF WIGHT","ISLE OF WIGHT","A","A"
"{42C129E4-A980-60A9-E063-4804A8C0C25D}","285000","2025-09-24 00:00","PO31 7JN","T","N","F","45","","FELLOWS ROAD","","COWES","ISLE OF WIGHT","ISLE OF WIGHT","A","A"
"{42C129E4-A981-60A9-E063-4804A8C0C25D}","490000","2025-09-30 00:00","PO41 0QS","S","N","F","2","","HEYTESBURY ROAD","","YARMOUTH","ISLE OF WIGHT","ISLE OF WIGHT","A","A"
"{42C129E4-A982-60A9-E063-4804A8C0C25D}","245000","2025-03-21 00:00","PO38 3DB","D","N","F","9","","STENBURY VIEW","WROXALL","VENTNOR","ISLE OF WIGHT","ISLE OF WIGHT","A","A"
"{42C129E4-A984-60A9-E063-4804A8C0C25D}","350000","2025-09-03 00:00","PO34 5JJ","D","N","F","38","","ORCHARD ROAD","","SEAVIEW","ISLE OF WIGHT","ISLE OF WIGHT","A","A"
"{42C129E4-A985-60A9-E063-4804A8C0C25D}","142000","2025-08-19 00:00","PO40 9AU","S","N","F","65","","SCHOOL GREEN ROAD","","FRESHWATER","ISLE OF WIGHT","ISLE OF WIGHT","A","A"
"{42C129E4-A986-60A9-E063-4804A8C0C25D}","145000","2025-10-08 00:00","PO33 2PU","T","N","L","23","","VICTORIA STREET","","RYDE","ISLE OF WIGHT","ISLE OF WIGHT","A","A"
"{42C129E4-A987-60A9-E063-4804A8C0C25D}","750000","2025-10-10 00:00","PO40 9UG","D","N","F","WEST AFTON","","WILMINGHAM LANE","","FRESHWATER","ISLE OF WIGHT","ISLE OF WIGHT","A","A"
"{42C129E4-A989-60A9-E063-4804A8C0C25D}","210000","2025-10-24 00:00","PO35 5QN","F","N","L","55A","","HOWGATE ROAD","","BEMBRIDGE","ISLE OF WIGHT","ISLE OF WIGHT","A","A"
"{42C129E4-A98A-60A9-E063-4804A8C0C25D}","155000","2025-10-03 00:00","PO33 2TU","S","N","F","62","","SANDCROFT AVENUE","","RYDE","ISLE OF WIGHT","ISLE OF WIGHT","A","A"
"{42C129E4-A98B-60A9-E063-4804A8C0C25D}","280000","2025-10-01 00:00","PO37 7ND","D","N","F","35","","SILVER TREES","","SHANKLIN","ISLE OF WIGHT","ISLE OF WIGHT","A","A"
"{42C129E4-A98C-60A9-E063-4804A8C0C25D}","333000","2025-09-11 00:00","PO37 7BU","S","N","F","64","","WILTON PARK ROAD","","SHANKLIN","ISLE OF WIGHT","ISLE OF WIGHT","A","A"
"{42C129E4-A98D-60A9-E063-4804A8C0C25D}","765000","2025-09-24 00:00","PO31 8AY","D","N","F","21","","WARD AVENUE","","COWES","ISLE OF WIGHT","ISLE OF WIGHT","A","A"
"{42C129E4-A98E-60A9-E063-4804A8C0C25D}","160000","2025-10-01 00:00","PO30 1QZ","F","N","L","CLARENDON COURT","FLAT 4","CLARENDON STREET","","NEWPORT","ISLE OF WIGHT","ISLE OF WIGHT","A","A"
"{42C129E4-A98F-60A9-E063-4804A8C0C25D}","530000","2025-10-06 00:00","PO31 8JY","D","N","F","36","","SOLENT VIEW ROAD","GURNARD","COWES","ISLE OF WIGHT","ISLE OF WIGHT","A","A"
"{42C129E4-A990-60A9-E063-4804A8C0C25D}","880000","2025-09-24 00:00","PO31 8DS","D","N","F","87","","BARING ROAD","","COWES","ISLE OF WIGHT","ISLE OF WIGHT","A","A"
"{42C129E4-A991-60A9-E063-4804A8C0C25D}","230000","2025-06-18 00:00","PO31 8AB","D","N","F","22","","NODES ROAD","NORTHWOOD","COWES","ISLE OF WIGHT","ISLE OF WIGHT","A","A"
"{42C129E4-A992-60A9-E063-4804A8C0C25D}","285000","2025-09-23 00:00","PO33 3PR","D","N","F","27","","MAYFIELD ROAD","","RYDE","ISLE OF WIGHT","ISLE OF WIGHT","A","A"
"{42C129E4-A993-60A9-E063-4804A8C0C25D}","325000","2025-10-10 00:00","PO36 0DG","D","N","F","29","","HIGH STREET","BRADING","SANDOWN","ISLE OF WIGHT","ISLE OF WIGHT","A","A"
"{42C129E4-A994-60A9-E063-4804A8C0C25D}","200000","2025-04-16 00:00","PO32 6DJ","S","N","F","9","","VICTORIA GROVE","","EAST COWES","ISLE OF WIGHT","ISLE OF WIGHT","A","A"
"{42C129E4-A995-60A9-E063-4804A8C0C25D}","500000","2025-07-22 00:00","PO31 7UU","D","N","F","2","","THE PIPPINS","","COWES","ISLE OF WIGHT","ISLE OF WIGHT","A","A"
"{42C129E4-A996-60A9-E063-4804A8C0C25D}","245000","2025-10-17 00:00","PO31 7JR","S","N","F","80","","BELLEVUE ROAD","","COWES","ISLE OF WIGHT","ISLE OF WIGHT","A","A"
"{42C129E4-A997-60A9-E063-4804A8C0C25D}","186000","2025-10-03 00:00","PO33 3ED","T","N","F","5","","WRAY STREET","","RYDE","ISLE OF WIGHT","ISLE OF WIGHT","A","A"
"{42C129E4-A998-60A9-E063-4804A8C0C25D}","122500","2025-05-23 00:00","PO33 2DT","F","N","L","24F","FLAT 1","UNION STREET","","RYDE","ISLE OF WIGHT","ISLE OF WIGHT","A","A"
"{42C129E4-A99A-60A9-E063-4804A8C0C25D}","118500","2025-09-05 00:00","PO33 2QT","S","N","L","37","","GREEN STREET","","RYDE","ISLE OF WIGHT","ISLE OF WIGHT","A","A"
"{42C129E4-A99B-60A9-E063-4804A8C0C25D}","310000","2025-09-29 00:00","PO30 5EG","S","N","F","154","","SYLVAN DRIVE","","NEWPORT","ISLE OF WIGHT","ISLE OF WIGHT","A","A"
"{42C129E4-A99C-60A9-E063-4804A8C0C25D}","157500","2025-07-02 00:00","PO33 2JJ","F","N","L","5","TOP FLAT","ANGLESEA STREET","","RYDE","ISLE OF WIGHT","ISLE OF WIGHT","A","A"
"{42C129E4-A99D-60A9-E063-4804A8C0C25D}","275000","2025-09-29 00:00","PO31 7HL","T","N","F","29","","BELLEVUE ROAD","","COWES","ISLE OF WIGHT","ISLE OF WIGHT","A","A"
"{42C129E4-A99E-60A9-E063-4804A8C0C25D}","270000","2025-10-21 00:00","PO38 3PB","T","N","F","35A","","HILLCREST ROAD","ROOKLEY","VENTNOR","ISLE OF WIGHT","ISLE OF WIGHT","A","A"
"{42C129E4-A99F-60A9-E063-4804A8C0C25D}","345000","2025-10-02 00:00","PO31 7NH","S","N","F","9","","PARKLANDS AVENUE","","COWES","ISLE OF WIGHT","ISLE OF WIGHT","A","A"
"{42C129E4-A9A0-60A9-E063-4804A8C0C25D}","199950","2025-10-17 00:00","PO33 2SB","S","N","L","12","","ALBERT STREET","","RYDE","ISLE OF WIGHT","ISLE OF WIGHT","A","A"
"{42C129E4-A9A5-60A9-E063-4804A8C0C25D}","215000","2025-10-10 00:00","PO38 3FD","S","N","L","ALPHA COTTAGES","1","ST JOHNS ROAD","WROXALL","VENTNOR","ISLE OF WIGHT","ISLE OF WIGHT","A","A"
"{42C129E4-A9A1-60A9-E063-4804A8C0C25D}","118000","2025-04-14 00:00","PO31 8RL","D","N","L","244","","GURNARD PINES","GURNARD","COWES","ISLE OF WIGHT","ISLE OF WIGHT","A","A"
"{42C129E4-A9A3-60A9-E063-4804A8C0C25D}","256600","2025-09-24 00:00","PO38 3NT","D","N","F","9","","DOLCROFT ROAD","ROOKLEY","VENTNOR","ISLE OF WIGHT","ISLE OF WIGHT","A","A"
"{42C129E4-A9A4-60A9-E063-4804A8C0C25D}","540000","2025-10-01 00:00","PO36 8PL","D","N","F","11","","CLIFF PATH","LAKE","SANDOWN","ISLE OF WIGHT","ISLE OF WIGHT","A","A"
"{42C129E4-A9A6-60A9-E063-4804A8C0C25D}","210000","2025-09-15 00:00","PO37 7NR","S","N","F","15","","ST JOHNS ROAD","","SHANKLIN","ISLE OF WIGHT","ISLE OF WIGHT","A","A"
"{42C129E4-A9A7-60A9-E063-4804A8C0C25D}","196000","2025-10-20 00:00","PO30 5JD","T","N","F","38","","WORSLEY ROAD","","NEWPORT","ISLE OF WIGHT","ISLE OF WIGHT","A","A"
"{42C129E4-A9A8-60A9-E063-4804A8C0C25D}","650000","2025-03-31 00:00","PO38 2NX","D","N","F","NORTH VIEW","","HEAD DOWN","NITON","VENTNOR","ISLE OF WIGHT","ISLE OF WIGHT","A","A"
"{42C129E4-A9A9-60A9-E063-4804A8C0C25D}","280000","2025-09-19 00:00","PO30 5EQ","S","N","F","57","","SYLVAN DRIVE","","NEWPORT","ISLE OF WIGHT","ISLE OF WIGHT","A","A"
"{42C129E4-A9AA-60A9-E063-4804A8C0C25D}","305000","2025-10-08 00:00","PO32 6FE","S","N","F","27","","OSBORNE HEIGHTS","","EAST COWES","ISLE OF WIGHT","ISLE OF WIGHT","A","A"
"{42C129E4-A9AB-60A9-E063-4804A8C0C25D}","685000","2025-03-28 00:00","PO30 4BB","D","N","F","FISHERS COTTAGE","","NEW ROAD","BRIGHSTONE","NEWPORT","ISLE OF WIGHT","ISLE OF WIGHT","A","A"
"{42C129E4-A9AC-60A9-E063-4804A8C0C25D}","347463","2025-10-07 00:00","PO30 5DS","D","N","F","5","","SUNNINGDALE ROAD","","NEWPORT","ISLE OF WIGHT","ISLE OF WIGHT","A","A"
"{42C129E4-A9AD-60A9-E063-4804A8C0C25D}","520000","2025-09-11 00:00","PO35 5SL","D","N","F","33","","STEYNE ROAD","","BEMBRIDGE","ISLE OF WIGHT","ISLE OF WIGHT","A","A"
"{42C129E4-A9AE-60A9-E063-4804A8C0C25D}","350000","2025-10-24 00:00","PO31 7AA","F","N","L","DRAKE HOUSE","FLAT 24","MEDINA GARDENS","","COWES","ISLE OF WIGHT","ISLE OF WIGHT","A","A"
"{42C129E4-A9B0-60A9-E063-4804A8C0C25D}","122000","2025-09-26 00:00","PO36 8AQ","F","N","L","85A","","HIGH STREET","","SANDOWN","ISLE OF WIGHT","ISLE OF WIGHT","A","A"
"{42C129E4-A9B1-60A9-E063-4804A8C0C25D}","320000","2025-09-26 00:00","PO33 4NL","S","N","F","15","","HOLFORD ROAD","WOOTTON BRIDGE","RYDE","ISLE OF WIGHT","ISLE OF WIGHT","A","A"
"{42C129E4-A9B2-60A9-E063-4804A8C0C25D}","230000","2025-10-03 00:00","PO31 7QE","T","N","F","10","","TRENT MEWS","","COWES","ISLE OF WIGHT","ISLE OF WIGHT","A","A"
"{42C129E4-A9B3-60A9-E063-4804A8C0C25D}","310000","2025-10-17 00:00","PO31 8AT","D","N","F","9","","SELMAN GARDENS","NORTHWOOD","COWES","ISLE OF WIGHT","ISLE OF WIGHT","A","A"
"{42C129E4-A9B4-60A9-E063-4804A8C0C25D}","175000","2025-09-24 00:00","PO33 3PW","F","N","F","108","","SHERBOURNE AVENUE","","RYDE","ISLE OF WIGHT","ISLE OF WIGHT","A","A"
"{42C129E4-A9B5-60A9-E063-4804A8C0C25D}","149000","2025-09-25 00:00","PO30 5EZ","F","N","L","YARMOUTH HOUSE, 28","APARTMENT 2","SNOWBERRY ROAD","","NEWPORT","ISLE OF WIGHT","ISLE OF WIGHT","A","A"
"{42C129E4-A9B6-60A9-E063-4804A8C0C25D}","87500","2025-09-19 00:00","PO38 1HY","F","N","L","CLARENDON COURT","6","POUND LANE","","VENTNOR","ISLE OF WIGHT","ISLE OF WIGHT","B","A"
"{42C129E4-A9B7-60A9-E063-4804A8C0C25D}","325000","2025-10-02 00:00","PO35 5RR","D","N","F","48","","LINCOLN WAY","","BEMBRIDGE","ISLE OF WIGHT","ISLE OF WIGHT","A","A"
"{42C129E4-A9B8-60A9-E063-4804A8C0C25D}","127000","2025-05-30 00:00","PO36 8JQ","F","N","L","JAMES COURT","FLAT 3","LEED STREET","","SANDOWN","ISLE OF WIGHT","ISLE OF WIGHT","A","A"
"{42C129E4-A9B9-60A9-E063-4804A8C0C25D}","176000","2025-10-17 00:00","PO31 7SQ","F","N","L","8E","FLAT 2","CONSORT ROAD","","COWES","ISLE OF WIGHT","ISLE OF WIGHT","A","A"
"{42C129E4-A9BA-60A9-E063-4804A8C0C25D}","265000","2025-05-30 00:00","PO31 7NE","T","N","F","200","","PARK ROAD","","COWES","ISLE OF WIGHT","ISLE OF WIGHT","A","A"
"{42C129E4-A9BC-60A9-E063-4804A8C0C25D}","370000","2025-10-07 00:00","PO30 5TP","D","N","F","38","","COWES ROAD","","NEWPORT","ISLE OF WIGHT","ISLE OF WIGHT","A","A"
"{42C129E4-A9BD-60A9-E063-4804A8C0C25D}","410000","2025-09-18 00:00","PO33 2EW","S","N","F","23","","GEORGE STREET","","RYDE","ISLE OF WIGHT","ISLE OF WIGHT","A","A"
"{42C129E4-A9BE-60A9-E063-4804A8C0C25D}","170000","2025-04-17 00:00","PO31 7EX","F","N","L","MILL HILL LODGE","FLAT 7","MILL HILL ROAD","","COWES","ISLE OF WIGHT","ISLE OF WIGHT","A","A"
"{42C129E4-A9BF-60A9-E063-4804A8C0C25D}","1025000","2025-06-06 00:00","PO38 3JY","D","N","F","LAVENDERS FARM","","BAGWICH LANE","GODSHILL","VENTNOR","ISLE OF WIGHT","ISLE OF WIGHT","A","A"
"{42C129E4-A9C0-60A9-E063-4804A8C0C25D}","345000","2025-07-18 00:00","PO31 7LH","S","N","F","39","","MOORGREEN ROAD","","COWES","ISLE OF WIGHT","ISLE OF WIGHT","A","A"
"{42C129E4-A9C1-60A9-E063-4804A8C0C25D}","660000","2025-09-24 00:00","PO31 7NG","D","N","F","228","","PARK ROAD","","COWES","ISLE OF WIGHT","ISLE OF WIGHT","A","A"
"{42C129E4-A9C2-60A9-E063-4804A8C0C25D}","460000","2025-09-05 00:00","PO31 8NR","D","N","F","7","","WEST VIEW ROAD","","COWES","ISLE OF WIGHT","ISLE OF WIGHT","A","A"
"{42C129E4-A9C3-60A9-E063-4804A8C0C25D}","220000","2025-10-03 00:00","PO38 3LL","T","N","F","35","","MOOR VIEW","GODSHILL","VENTNOR","ISLE OF WIGHT","ISLE OF WIGHT","A","A"
"{42C129E4-A9C4-60A9-E063-4804A8C0C25D}","295000","2025-03-19 00:00","PO30 1ES","S","N","F","2B","","MOUNT PLEASANT ROAD","","NEWPORT","ISLE OF WIGHT","ISLE OF WIGHT","A","A"
"{42C129E4-A9C9-60A9-E063-4804A8C0C25D}","249950","2025-09-23 00:00","PO33 2QR","T","N","F","8","","MOUNT STREET","","RYDE","ISLE OF WIGHT","ISLE OF WIGHT","A","A"
"{42C129E4-A9C5-60A9-E063-4804A8C0C25D}","111000","2025-09-12 00:00","PO30 1JQ","F","N","L","MARKET PLACE, 52","FLAT 10","SOUTH STREET","","NEWPORT","ISLE OF WIGHT","ISLE OF WIGHT","A","A"
"{42C129E4-A9C7-60A9-E063-4804A8C0C25D}","200000","2025-09-05 00:00","PO32 6RX","S","N","F","10","","OSBORNE ROAD","","EAST COWES","ISLE OF WIGHT","ISLE OF WIGHT","A","A"
"{42C129E4-A9C8-60A9-E063-4804A8C0C25D}","300000","2025-10-23 00:00","PO33 4DR","D","N","F","COPSELANDS","","MAIN ROAD","HAVENSTREET","RYDE","ISLE OF WIGHT","ISLE OF WIGHT","A","A"
"{42C129E4-A9CA-60A9-E063-4804A8C0C25D}","182000","2025-10-09 00:00","PO40 9RD","F","N","L","HAZELHURST","FLAT 5","GATE LANE","","FRESHWATER","ISLE OF WIGHT","ISLE OF WIGHT","A","A"
"{42C129E4-A9CB-60A9-E063-4804A8C0C25D}","280000","2025-09-17 00:00","PO30 3DW","F","N","L","WORDSWORTH MANSIONS, 2","APARTMENT 9","WHITECROFT PARK","","NEWPORT","ISLE OF WIGHT","ISLE OF WIGHT","A","A"
"{42C129E4-A9CC-60A9-E063-4804A8C0C25D}","310000","2025-10-01 00:00","PO33 4JF","D","N","F","13","","WHITEHEAD CRESCENT","WOOTTON BRIDGE","RYDE","ISLE OF WIGHT","ISLE OF WIGHT","A","A"
"{42C129E4-A9CD-60A9-E063-4804A8C0C25D}","285000","2025-09-17 00:00","PO30 3DW","F","N","L","WORDSWORTH MANSIONS, 2","APARTMENT 3","WHITECROFT PARK","","NEWPORT","ISLE OF WIGHT","ISLE OF WIGHT","A","A"
"{42C129E4-A9CE-60A9-E063-4804A8C0C25D}","260000","2025-10-10 00:00","PO33 3EJ","S","N","F","84","","BETTESWORTH ROAD","","RYDE","ISLE OF WIGHT","ISLE OF WIGHT","A","A"
"{42C129E4-A9CF-60A9-E063-4804A8C0C25D}","209140","2025-10-22 00:00","PO31 7LJ","S","N","F","13","","MOORGREEN ROAD","","COWES","ISLE OF WIGHT","ISLE OF WIGHT","A","A"
"{42C129E4-A9D0-60A9-E063-4804A8C0C25D}","330000","2025-09-22 00:00","PO31 7SL","S","N","F","20","","GORDON ROAD","","COWES","ISLE OF WIGHT","ISLE OF WIGHT","A","A"
"{42C129E4-A9D1-60A9-E063-4804A8C0C25D}","285000","2025-09-30 00:00","PO33 2WA","D","N","F","8","","ASHEY PLACE","","RYDE","ISLE OF WIGHT","ISLE OF WIGHT","A","A"
"{42C129E4-A9D2-60A9-E063-4804A8C0C25D}","495000","2025-09-19 00:00","PO32 6AF","S","N","F","NAELAND, 37","","MARESFIELD ROAD","","EAST COWES","ISLE OF WIGHT","ISLE OF WIGHT","A","A"
"{42C129E4-A9D3-60A9-E063-4804A8C0C25D}","680000","2025-10-01 00:00","PO36 0HE","D","N","F","SQUIRRELS REST","","YOUNGWOODS WAY","ALVERSTONE GARDEN VILLAGE","SANDOWN","ISLE OF WIGHT","ISLE OF WIGHT","A","A"
"{42C129E4-A9D4-60A9-E063-4804A8C0C25D}","157500","2025-10-01 00:00","PO31 7RH","F","N","L","TUDOR HOUSE","FLAT 4","BATH ROAD","","COWES","ISLE OF WIGHT","ISLE OF WIGHT","A","A"
"{42C129E4-A9D5-60A9-E063-4804A8C0C25D}","120000","2025-09-01 00:00","PO33 2SZ","F","N","L","107A","","HIGH STREET","","RYDE","ISLE OF WIGHT","ISLE OF WIGHT","A","A"
"{42C129E4-A9D6-60A9-E063-4804A8C0C25D}","262500","2025-03-27 00:00","PO30 2FX","S","N","F","2","","SAXON CLOSE","","NEWPORT","ISLE OF WIGHT","ISLE OF WIGHT","A","A"
"{42C129E4-A9D7-60A9-E063-4804A8C0C25D}","295000","2025-10-28 00:00","PO35 5AA","F","N","L","SILVER SANDS COURT","APARTMENT 14","CHURCH ROAD","","BEMBRIDGE","ISLE OF WIGHT","ISLE OF WIGHT","A","A"
"{42C129E4-A9D8-60A9-E063-4804A8C0C25D}","114000","2025-10-14 00:00","PO37 6FF","F","N","L","BEATRICE COURT, 16","APARTMENT 3","HOPE ROAD","","SHANKLIN","ISLE OF WIGHT","ISLE OF WIGHT","A","A"
"{42C129E4-A9D9-60A9-E063-4804A8C0C25D}","295000","2025-10-03 00:00","PO37 7NJ","D","N","F","32","","BLYTHE WAY","","SHANKLIN","ISLE OF WIGHT","ISLE OF WIGHT","A","A"
"{42C129E4-A9DB-60A9-E063-4804A8C0C25D}","240000","2025-10-17 00:00","PO31 7RE","F","N","L","WATERSIDE HOUSE, 72A","APARTMENT 4","HIGH STREET","","COWES","ISLE OF WIGHT","ISLE OF WIGHT","A","A"
"{42C129E4-A9DC-60A9-E063-4804A8C0C25D}","535000","2025-09-22 00:00","PO38 1UD","D","N","F","28A","","CASTLE CLOSE","","VENTNOR","ISLE OF WIGHT","ISLE OF WIGHT","A","A"
"{42C129E4-A9DD-60A9-E063-4804A8C0C25D}","280000","2025-10-08 00:00","PO32 6RL","S","N","F","21","","CHURCH PATH","","EAST COWES","ISLE OF WIGHT","ISLE OF WIGHT","A","A"
"{42C129E4-A9DF-60A9-E063-4804A8C0C25D}","470000","2025-10-21 00:00","PO40 9GB","D","N","F","4","","WINDSOR DRIVE","","FRESHWATER","ISLE OF WIGHT","ISLE OF WIGHT","A","A"
"{42C129E4-A9E0-60A9-E063-4804A8C0C25D}","275000","2025-03-31 00:00","PO40 9GD","T","N","L","GOLDEN HILL FORT","12","COLWELL ROAD","","FRESHWATER","ISLE OF WIGHT","ISLE OF WIGHT","A","A"
"{42C129E4-A9E1-60A9-E063-4804A8C0C25D}","343500","2025-03-31 00:00","PO30 1EQ","T","N","F","22","","DRAKE ROAD","","NEWPORT","ISLE OF WIGHT","ISLE OF WIGHT","A","A"
"{42C129E4-A9E2-60A9-E063-4804A8C0C25D}","205000","2025-06-27 00:00","PO30 5JE","T","N","F","4","","ALBANY ROAD","","NEWPORT","ISLE OF WIGHT","ISLE OF WIGHT","A","A"
"{42C129E4-A9E3-60A9-E063-4804A8C0C25D}","215000","2025-09-18 00:00","PO32 6GE","T","N","F","36B","","CROMWELL AVENUE","","EAST COWES","ISLE OF WIGHT","ISLE OF WIGHT","A","A"
"{42C129E4-A9E4-60A9-E063-4804A8C0C25D}","349950","2025-10-13 00:00","PO40 9NL","D","N","F","19","","BOUND ROAD","","FRESHWATER","ISLE OF WIGHT","ISLE OF WIGHT","A","A"
"{42C129E4-A9E5-60A9-E063-4804A8C0C25D}","257500","2025-09-29 00:00","PO37 7DA","S","N","F","31","","WILTON ROAD","","SHANKLIN","ISLE OF WIGHT","ISLE OF WIGHT","A","A"
"{42C129E4-A9E6-60A9-E063-4804A8C0C25D}","98000","2025-06-03 00:00","PO37 6FF","F","N","L","BEATRICE COURT, 16","APARTMENT 4","HOPE ROAD","","SHANKLIN","ISLE OF WIGHT","ISLE OF WIGHT","A","A"
"{42C129E4-A9E8-60A9-E063-4804A8C0C25D}","950000","2025-05-30 00:00","PO36 8QB","D","N","F","SEA BREEZE","","YAVERLAND ROAD","","SANDOWN","ISLE OF WIGHT","ISLE OF WIGHT","A","A"
"{42C129E4-A9E9-60A9-E063-4804A8C0C25D}","144000","2025-09-30 00:00","PO31 7JN","F","N","L","36B","","FELLOWS ROAD","","COWES","ISLE OF WIGHT","ISLE OF WIGHT","A","A"
"{42C129E4-A9F2-60A9-E063-4804A8C0C25D}","261000","2025-09-17 00:00","PO30 2FB","S","N","F","3","","HOLLYHOCK CRESCENT","","NEWPORT","ISLE OF WIGHT","ISLE OF WIGHT","A","A"
"{42C129E4-A9EA-60A9-E063-4804A8C0C25D}","210000","2025-09-26 00:00","PO30 2GN","T","N","F","5","","WINTERGREEN GARDENS","","NEWPORT","ISLE OF WIGHT","ISLE OF WIGHT","B","A"
"{42C129E4-A9EF-60A9-E063-4804A8C0C25D}","300000","2025-01-10 00:00","PO33 2QL","D","N","L","8","","WEST PLACE","","RYDE","ISLE OF WIGHT","ISLE OF WIGHT","A","A"
"{42C129E4-A9F1-60A9-E063-4804A8C0C25D}","310000","2025-05-30 00:00","PO33 1YF","S","N","F","31","","STATION ROAD","ST HELENS","RYDE","ISLE OF WIGHT","ISLE OF WIGHT","A","A"
"{42C129E4-A9F3-60A9-E063-4804A8C0C25D}","310000","2025-09-29 00:00","PO38 3DW","S","N","F","REW VIEW COTTAGES","3","REW LANE","WROXALL","VENTNOR","ISLE OF WIGHT","ISLE OF WIGHT","A","A"
"{42C129E4-A9F4-60A9-E063-4804A8C0C25D}","265000","2025-05-08 00:00","PO36 9QB","D","N","F","35","","WOODHALL DRIVE","","SANDOWN","ISLE OF WIGHT","ISLE OF WIGHT","A","A"
"{42C129E4-A9FF-60A9-E063-4804A8C0C25D}","410000","2025-01-06 00:00","PO30 3JP","D","N","F","KELLY BRAY","","FARRIERS WAY","SHORWELL","NEWPORT","ISLE OF WIGHT","ISLE OF WIGHT","A","A"
"{42C129E4-AA04-60A9-E063-4804A8C0C25D}","282500","2025-05-27 00:00","PO36 8AA","F","N","L","SEAHAVEN, 23","FLAT 3","CARTER STREET","","SANDOWN","ISLE OF WIGHT","ISLE OF WIGHT","A","A"
"{42C129E4-AA05-60A9-E063-4804A8C0C25D}","380000","2025-09-19 00:00","PO38 1JW","F","N","L","BEACH COURT","FLAT 4","ESPLANADE ROAD","","VENTNOR","ISLE OF WIGHT","ISLE OF WIGHT","A","A"
"{42C129E4-AA06-60A9-E063-4804A8C0C25D}","315000","2025-09-12 00:00","PO37 7ND","D","N","F","1","","SILVER TREES","","SHANKLIN","ISLE OF WIGHT","ISLE OF WIGHT","A","A"
"{42C129E4-9B74-60A9-E063-4804A8C0C25D}","282500","2025-08-29 00:00","PO37 7EW","T","N","F","26","","WHITECROSS AVENUE","","SHANKLIN","ISLE OF WIGHT","ISLE OF WIGHT","A","A"
"{42C129E4-A043-60A9-E063-4804A8C0C25D}","225000","2025-09-19 00:00","PO33 4JB","D","N","F","30","","ST EDMUNDS WALK","WOOTTON BRIDGE","RYDE","ISLE OF WIGHT","ISLE OF WIGHT","A","A"
"{42C129E4-A097-60A9-E063-4804A8C0C25D}","230000","2025-09-11 00:00","PO33 1YE","S","N","F","41","","DOWNS VIEW ROAD","ST HELENS","RYDE","ISLE OF WIGHT","ISLE OF WIGHT","A","A"
"{42C129E4-9C29-60A9-E063-4804A8C0C25D}","365000","2025-08-27 00:00","PO33 3HT","D","N","F","32","","COLENUTTS ROAD","","RYDE","ISLE OF WIGHT","ISLE OF WIGHT","A","A"
"{38EDC0C2-FAEF-0F63-E063-4704A8C00424}","275000","2025-06-09 00:00","PO30 1DS","S","N","F","83","","CASTLE ROAD","","NEWPORT","ISLE OF WIGHT","ISLE OF WIGHT","A","D"
