"{F74A7689-5E7B-4D36-ACBF-1C697A33B398}","53000","2001-09-07 00:00","PO33 2LG","F","N","L","FLAT 2, 61A","","UNION STREET","","RYDE","ISLE OF WIGHT","ISLE OF WIGHT","A","C"
"{7011B10A-2F5D-8ED6-E053-6B04A8C075C1}","980000","2018-03-29 00:00","PO30 5XW","O","N","F","THE APEX","UNIT C","ST CROSS BUSINESS PARK","","NEWPORT","ISLE OF WIGHT","ISLE OF WIGHT","B","C"
"{B5755FFE-A80C-7D01-E053-6C04A8C036B6}","250000","2020-10-05 00:00","PO35 5NR","O","N","F","UNIT 1","","EMBANKMENT ROAD","","BEMBRIDGE","ISLE OF WIGHT","ISLE OF WIGHT","B","C"
"{4777E0AF-8F0C-5D59-E063-4804A8C09F8E}","198000","2023-11-27 00:00","PO31 8NA","O","N","F","WILLOW VIEW","","HILLIS GATE ROAD","","COWES","ISLE OF WIGHT","ISLE OF WIGHT","B","A"
"{4777E0AE-C422-5D59-E063-4804A8C09F8E}","117000","2023-03-03 00:00","PO30 2FE","F","N","L","BELLFLOWER HOUSE, 1","FLAT 3","BEAUCHAMP DRIVE","","NEWPORT","ISLE OF WIGHT","ISLE OF WIGHT","A","A"
"{4777E0AE-C42D-5D59-E063-4804A8C09F8E}","232500","2023-05-19 00:00","PO30 2GG","S","N","F","11","","LARKSPUR CLOSE","","NEWPORT","ISLE OF WIGHT","ISLE OF WIGHT","A","A"
"{3B5CE841-D541-EE3A-E063-4804A8C0D6F1}","260000","2023-03-22 00:00","PO30 2GG","T","N","F","14","","LARKSPUR CLOSE","","NEWPORT","ISLE OF WIGHT","ISLE OF WIGHT","A","C"
"{4777E0AF-8F09-5D59-E063-4804A8C09F8E}","182000","2024-01-17 00:00","PO36 8EB","O","N","F","UNITY MOTORS","","COLLEGE CLOSE","","SANDOWN","ISLE OF WIGHT","ISLE OF WIGHT","B","A"
"{4777E0AF-8EF0-5D59-E063-4804A8C09F8E}","260000","2025-12-18 00:00","PO31 7TD","T","N","F","24","","CROSS STREET","","COWES","ISLE OF WIGHT","ISLE OF WIGHT","B","A"
"{4777E0AF-8EF1-5D59-E063-4804A8C09F8E}","550000","2025-01-10 00:00","PO38 1BT","D","N","F","21 - 23","","ALPINE ROAD","","VENTNOR","ISLE OF WIGHT","ISLE OF WIGHT","B","A"
"{4777E0AF-8EF2-5D59-E063-4804A8C09F8E}","725000","2025-07-31 00:00","PO37 6BN","D","N","F","NORFOLK HOUSE, 19","","ESPLANADE","","SHANKLIN","ISLE OF WIGHT","ISLE OF WIGHT","B","A"
"{4777E0AF-8EF3-5D59-E063-4804A8C09F8E}","121000","2025-02-12 00:00","PO33 2JE","F","N","L","CROFTON HOUSE, 105","FLAT 4","GEORGE STREET","","RYDE","ISLE OF WIGHT","ISLE OF WIGHT","B","A"
"{4777E0AF-8EF4-5D59-E063-4804A8C09F8E}","455000","2025-01-24 00:00","PO31 7SF","T","N","F","6","","WEST HILL ROAD","","COWES","ISLE OF WIGHT","ISLE OF WIGHT","B","A"
"{4777E0AF-8EF5-5D59-E063-4804A8C09F8E}","400000","2025-12-02 00:00","PO41 0PX","O","N","F","MALAYA","","TENNYSON ROAD","","YARMOUTH","ISLE OF WIGHT","ISLE OF WIGHT","B","A"
"{4777E0AF-8EF6-5D59-E063-4804A8C09F8E}","51000","2025-07-01 00:00","PO36 8QP","O","N","L","SANDOWN BAY HOLIDAY CENTRE","CHALET 80","YAVERLAND ROAD","","SANDOWN","ISLE OF WIGHT","ISLE OF WIGHT","B","A"
"{4777E0AF-8EF7-5D59-E063-4804A8C09F8E}","80000","2025-11-20 00:00","PO30 5UX","O","N","F","UNIT 5","","RIVER WAY","","NEWPORT","ISLE OF WIGHT","ISLE OF WIGHT","B","A"
"{4777E0AF-8EF8-5D59-E063-4804A8C09F8E}","475000","2025-03-20 00:00","PO30 2AL","O","N","F","2","","JOHN STREET","","NEWPORT","ISLE OF WIGHT","ISLE OF WIGHT","B","A"
"{4777E0AF-8EF9-5D59-E063-4804A8C09F8E}","385000","2025-12-05 00:00","PO30 5XA","D","N","F","32","","DODNOR LANE","","NEWPORT","ISLE OF WIGHT","ISLE OF WIGHT","B","A"
"{4777E0AF-8EFA-5D59-E063-4804A8C09F8E}","150000","2025-01-30 00:00","PO38 1SQ","F","N","L","PALMERSTON HOUSE","FLAT 5","HAMBROUGH ROAD","","VENTNOR","ISLE OF WIGHT","ISLE OF WIGHT","B","A"
"{4777E0AF-8EFB-5D59-E063-4804A8C09F8E}","44000","2025-09-05 00:00","PO33 2AA","O","N","L","MONTANA HOUSE, 27","GROUND FLOOR SHOP","CROSS STREET","","RYDE","ISLE OF WIGHT","ISLE OF WIGHT","B","A"
"{4777E0AF-8EFC-5D59-E063-4804A8C09F8E}","220000","2025-12-16 00:00","PO33 2HZ","D","N","F","16","","WARWICK STREET","","RYDE","ISLE OF WIGHT","ISLE OF WIGHT","B","A"
"{4777E0AF-8EFD-5D59-E063-4804A8C09F8E}","281250","2025-02-07 00:00","PO38 1HR","D","N","F","5","","VENTNOR VILLAS","","VENTNOR","ISLE OF WIGHT","ISLE OF WIGHT","B","A"
"{4777E0AF-8EFE-5D59-E063-4804A8C09F8E}","90000","2025-02-12 00:00","PO31 8AD","S","N","F","54","","NODES ROAD","NORTHWOOD","COWES","ISLE OF WIGHT","ISLE OF WIGHT","B","A"
"{4777E0AF-8EFF-5D59-E063-4804A8C09F8E}","74000","2025-11-27 00:00","PO33 1JD","F","N","L","RICHMOND HOUSE, 4 - 5","FLAT 3","THE STRAND","","RYDE","ISLE OF WIGHT","ISLE OF WIGHT","B","A"
"{4777E0AF-8F03-5D59-E063-4804A8C09F8E}","265000","2025-07-14 00:00","PO36 0DQ","O","N","F","67 - 68","","HIGH STREET","BRADING","SANDOWN","ISLE OF WIGHT","ISLE OF WIGHT","B","A"
"{4777E0AF-8F00-5D59-E063-4804A8C09F8E}","2300000","2025-12-15 00:00","PO36 0NB","O","N","F","WACKLAND FARMHOUSE","","WACKLAND LANE","NEWCHURCH","SANDOWN","ISLE OF WIGHT","ISLE OF WIGHT","B","A"
"{4777E0AF-8F01-5D59-E063-4804A8C09F8E}","185000","2025-11-28 00:00","PO36 9LF","S","N","F","57","","SANDOWN ROAD","LAKE","SANDOWN","ISLE OF WIGHT","ISLE OF WIGHT","B","A"
"{4777E0AF-8F02-5D59-E063-4804A8C09F8E}","65000","2025-07-14 00:00","PO33 2EP","F","N","L","46","FLAT 5","CASTLE STREET","","RYDE","ISLE OF WIGHT","ISLE OF WIGHT","B","A"
"{4777E0AF-8F04-5D59-E063-4804A8C09F8E}","15000","2025-01-27 00:00","","O","N","F","GARAGE AT","","FIELD PLACE","","NEWPORT","ISLE OF WIGHT","ISLE OF WIGHT","B","A"
"{4777E0AF-8F05-5D59-E063-4804A8C09F8E}","96500","2025-11-07 00:00","PO33 2QH","T","N","L","13","","STATION STREET","","RYDE","ISLE OF WIGHT","ISLE OF WIGHT","B","A"
"{4777E0AF-8F06-5D59-E063-4804A8C09F8E}","524000","2025-07-18 00:00","PO38 1AQ","O","N","F","17","","NEWPORT ROAD","","VENTNOR","ISLE OF WIGHT","ISLE OF WIGHT","B","A"
"{4777E0AF-8F07-5D59-E063-4804A8C09F8E}","785000","2025-11-12 00:00","PO40 9NX","O","N","F","SHEEPWASH FARMHOUSE","","MIDDLETON","","FRESHWATER","ISLE OF WIGHT","ISLE OF WIGHT","B","A"
"{4777E0AF-8F08-5D59-E063-4804A8C09F8E}","865000","2025-07-07 00:00","PO32 6BD","O","N","F","OSBORNE COTTAGE","UNIT 5","YORK AVENUE","","EAST COWES","ISLE OF WIGHT","ISLE OF WIGHT","B","A"
"{4777E0AF-8F0A-5D59-E063-4804A8C09F8E}","78000","2025-11-28 00:00","PO32 6ET","O","N","F","61","","CLARENCE ROAD","","EAST COWES","ISLE OF WIGHT","ISLE OF WIGHT","B","A"
"{4777E0AF-8F0B-5D59-E063-4804A8C09F8E}","112000","2025-12-08 00:00","PO36 8NS","F","N","L","COTTAGE ON THE CLIFF, 6","FLAT 2","CLIFF ROAD","","SANDOWN","ISLE OF WIGHT","ISLE OF WIGHT","B","A"
"{4777E0AF-8F0D-5D59-E063-4804A8C09F8E}","185000","2025-03-06 00:00","PO35 5AN","O","N","F","UNIT 10","","MARINE WAY","","BEMBRIDGE","ISLE OF WIGHT","ISLE OF WIGHT","B","A"
"{4777E0AF-8F0E-5D59-E063-4804A8C09F8E}","97000","2025-12-05 00:00","PO37 6NN","F","N","L","GRANGE COURT, 16","FLAT 16","GRANGE ROAD","","SHANKLIN","ISLE OF WIGHT","ISLE OF WIGHT","B","A"
"{4777E0AF-8F0F-5D59-E063-4804A8C09F8E}","5000","2025-12-08 00:00","PO40 9NH","O","N","F","2A","","ST ANDREWS WAY","","FRESHWATER","ISLE OF WIGHT","ISLE OF WIGHT","B","A"
"{4777E0AE-C41F-5D59-E063-4804A8C09F8E}","227500","2024-12-20 00:00","PO32 6EB","T","N","F","93","","UPPER YARBOROUGH ROAD","","EAST COWES","ISLE OF WIGHT","ISLE OF WIGHT","A","A"
"{4777E0AE-C3C4-5D59-E063-4804A8C09F8E}","157500","2024-10-04 00:00","PO36 9JN","S","N","F","29","","NEW ROAD","","SANDOWN","ISLE OF WIGHT","ISLE OF WIGHT","A","A"
"{4777E0AE-C40E-5D59-E063-4804A8C09F8E}","142730","2024-11-29 00:00","PO36 9DQ","F","N","L","GROSVENOR COURT, 9","FLAT 3","BROADWAY","","SANDOWN","ISLE OF WIGHT","ISLE OF WIGHT","A","A"
"{4777E0AE-C417-5D59-E063-4804A8C09F8E}","612000","2024-12-13 00:00","PO37 7NX","D","N","F","18","","ORCHARD ROAD","","SHANKLIN","ISLE OF WIGHT","ISLE OF WIGHT","A","A"
"{4777E0AE-C425-5D59-E063-4804A8C09F8E}","197500","2024-01-09 00:00","PO32 6GU","T","N","F","93","","CAPTAINS PARADE","","EAST COWES","ISLE OF WIGHT","ISLE OF WIGHT","A","A"
"{4777E0AE-C428-5D59-E063-4804A8C09F8E}","111300","2024-12-20 00:00","PO30 2JZ","T","N","L","9","","DORMOUSE DRIVE","","NEWPORT","ISLE OF WIGHT","ISLE OF WIGHT","A","A"
"{4777E0AE-C431-5D59-E063-4804A8C09F8E}","245000","2024-03-28 00:00","PO30 2GN","S","N","F","121","","WINTERGREEN GARDENS","","NEWPORT","ISLE OF WIGHT","ISLE OF WIGHT","A","A"
"{4777E0AE-C434-5D59-E063-4804A8C09F8E}","265000","2024-12-05 00:00","PO33 4DU","D","N","F","1","","ELIZABETH GARDENS","HAVENSTREET","RYDE","ISLE OF WIGHT","ISLE OF WIGHT","A","A"
"{4777E0AE-C436-5D59-E063-4804A8C09F8E}","125000","2024-09-20 00:00","PO30 5HE","F","N","L","STAR COURT, 11E","FLAT 2","ST JAMES STREET","","NEWPORT","ISLE OF WIGHT","ISLE OF WIGHT","A","A"
"{4777E0AE-C438-5D59-E063-4804A8C09F8E}","128500","2024-12-16 00:00","PO32 6TE","F","N","L","172","FLAT 6","YORK AVENUE","","EAST COWES","ISLE OF WIGHT","ISLE OF WIGHT","A","A"
"{4777E0AE-C439-5D59-E063-4804A8C09F8E}","102396","2024-04-12 00:00","PO40 9JP","S","N","L","44","","SUNSET CLOSE","","FRESHWATER","ISLE OF WIGHT","ISLE OF WIGHT","A","A"
"{4777E0AE-C446-5D59-E063-4804A8C09F8E}","145500","2024-11-27 00:00","PO33 1LU","F","N","L","SUTHERLAND LODGE","4","EAST HILL ROAD","","RYDE","ISLE OF WIGHT","ISLE OF WIGHT","A","A"
"{4777E0AE-C447-5D59-E063-4804A8C09F8E}","300000","2024-11-29 00:00","PO30 1RF","S","N","F","26","","WINSTON ROAD","","NEWPORT","ISLE OF WIGHT","ISLE OF WIGHT","A","A"
"{3DCCB7CA-04CC-5B9D-E063-4704A8C0331E}","775000","2024-11-01 00:00","PO30 5QN","D","N","F","GREEN PARK FARMHOUSE","","FOREST ROAD","","NEWPORT","ISLE OF WIGHT","ISLE OF WIGHT","A","C"
"{2ACACE8C-E9BC-295E-E063-4804A8C0B0EB}","145500","2024-11-27 00:00","PO33 1LU","F","N","L","SUTHERLAND LODGE","4","EAST HILL ROAD","","RYDE","ISLE OF WIGHT","ISLE OF WIGHT","A","D"
"{44F406B6-818A-1095-E063-4704A8C048D4}","433000","2024-10-31 00:00","SO32 2XB","D","Y","F","2","","GROUSE ROAD","BOTLEY","SOUTHAMPTON","ISLE OF WIGHT","ISLE OF WIGHT","A","D"
"{4777E0AF-8C50-5D59-E063-4804A8C09F8E}","130000","2025-12-11 00:00","PO33 2QD","S","N","F","23","","NEWPORT STREET","","RYDE","ISLE OF WIGHT","ISLE OF WIGHT","B","A"
"{4777E0AE-C3F3-5D59-E063-4804A8C09F8E}","238000","2025-11-19 00:00","PO32 6RY","T","N","F","42","","OSBORNE ROAD","","EAST COWES","ISLE OF WIGHT","ISLE OF WIGHT","A","A"
"{4777E0AE-C3F0-5D59-E063-4804A8C09F8E}","472500","2025-12-10 00:00","PO31 7FG","D","N","F","16","","THE CHANDLERS","","COWES","ISLE OF WIGHT","ISLE OF WIGHT","A","A"
"{4777E0AE-C3F1-5D59-E063-4804A8C09F8E}","390000","2025-12-16 00:00","PO38 1QP","D","N","F","26","","MADEIRA ROAD","","VENTNOR","ISLE OF WIGHT","ISLE OF WIGHT","A","A"
"{4777E0AE-C3F2-5D59-E063-4804A8C09F8E}","142500","2025-11-14 00:00","PO30 1YJ","F","N","L","SHIDE COURT","FLAT 7","SHIDE ROAD","","NEWPORT","ISLE OF WIGHT","ISLE OF WIGHT","A","A"
"{4777E0AE-C3F4-5D59-E063-4804A8C09F8E}","355000","2025-12-08 00:00","PO40 9NA","D","N","F","THE MOORINGS","","COLWELL CLOSE","","FRESHWATER","ISLE OF WIGHT","ISLE OF WIGHT","A","A"
"{4777E0AE-C3F5-5D59-E063-4804A8C09F8E}","135000","2025-08-15 00:00","PO33 1DT","F","N","L","40","FLAT 1","ALEXANDRA ROAD","","RYDE","ISLE OF WIGHT","ISLE OF WIGHT","A","A"
"{4777E0AE-C3F6-5D59-E063-4804A8C09F8E}","311100","2025-11-03 00:00","PO37 6QY","F","N","L","OLD SCHOOL HOUSE, 22","1","CHURCH ROAD","","SHANKLIN","ISLE OF WIGHT","ISLE OF WIGHT","A","A"
"{4777E0AE-C3F7-5D59-E063-4804A8C09F8E}","265000","2025-12-01 00:00","PO31 7JT","T","N","F","69","","ALEXANDRA ROAD","","COWES","ISLE OF WIGHT","ISLE OF WIGHT","A","A"
"{4777E0AE-C3F8-5D59-E063-4804A8C09F8E}","205000","2025-12-05 00:00","PO31 7DZ","F","N","L","ORCHARD HOUSE","FLAT 7","ORCHARD PLACE","","COWES","ISLE OF WIGHT","ISLE OF WIGHT","A","A"
"{4777E0AE-C3F9-5D59-E063-4804A8C09F8E}","146000","2025-11-18 00:00","PO38 1BT","F","N","L","ALGERNON HOUSE, 17","FLAT 4","ALPINE ROAD","","VENTNOR","ISLE OF WIGHT","ISLE OF WIGHT","A","A"
"{4777E0AE-C3FA-5D59-E063-4804A8C09F8E}","273000","2025-05-01 00:00","PO33 2QF","S","N","L","35","","WEST STREET","","RYDE","ISLE OF WIGHT","ISLE OF WIGHT","A","A"
"{4777E0AE-C3FB-5D59-E063-4804A8C09F8E}","310000","2025-11-07 00:00","PO36 0AT","D","N","F","14","","QUAY LANE","BRADING","SANDOWN","ISLE OF WIGHT","ISLE OF WIGHT","A","A"
"{4777E0AE-C3FC-5D59-E063-4804A8C09F8E}","175000","2025-11-21 00:00","PO33 2JU","T","N","L","75","","PARK ROAD","","RYDE","ISLE OF WIGHT","ISLE OF WIGHT","A","A"
"{4777E0AE-C3FD-5D59-E063-4804A8C09F8E}","180000","2025-11-19 00:00","PO32 6SA","T","N","F","15","","ALFRED STREET","","EAST COWES","ISLE OF WIGHT","ISLE OF WIGHT","A","A"
"{4777E0AE-C3FE-5D59-E063-4804A8C09F8E}","200000","2025-11-21 00:00","PO31 8BD","F","N","L","SHARON COURT","FLAT 2","QUEENS ROAD","","COWES","ISLE OF WIGHT","ISLE OF WIGHT","A","A"
"{4777E0AE-C3FF-5D59-E063-4804A8C09F8E}","145000","2025-11-14 00:00","PO30 2HP","S","N","F","29","","SCHOOL LANE","BARTON","NEWPORT","ISLE OF WIGHT","ISLE OF WIGHT","A","A"
"{4777E0AE-C400-5D59-E063-4804A8C09F8E}","154000","2025-10-24 00:00","PO30 2HD","S","N","F","13","","ST PAULS VIEW ROAD","","NEWPORT","ISLE OF WIGHT","ISLE OF WIGHT","A","A"
"{4777E0AE-C401-5D59-E063-4804A8C09F8E}","380000","2025-11-28 00:00","PO36 9EF","D","N","F","33","","THE FAIRWAY","LAKE","SANDOWN","ISLE OF WIGHT","ISLE OF WIGHT","A","A"
"{4777E0AE-C402-5D59-E063-4804A8C09F8E}","140000","2025-11-28 00:00","PO30 1BY","F","N","L","WESTMONT HOUSE, 82","18","CARISBROOKE ROAD","","NEWPORT","ISLE OF WIGHT","ISLE OF WIGHT","A","A"
"{4777E0AE-C403-5D59-E063-4804A8C09F8E}","167500","2025-06-30 00:00","PO38 1AA","T","N","L","29","","OCEAN VIEW ROAD","","VENTNOR","ISLE OF WIGHT","ISLE OF WIGHT","A","A"
"{4777E0AE-C404-5D59-E063-4804A8C09F8E}","182000","2025-11-21 00:00","PO37 7NP","T","N","F","5","","ORCHARDLEIGH ROAD","","SHANKLIN","ISLE OF WIGHT","ISLE OF WIGHT","A","A"
"{4777E0AE-C405-5D59-E063-4804A8C09F8E}","182500","2025-02-28 00:00","PO37 7JU","S","N","F","47","","LANDGUARD ROAD","","SHANKLIN","ISLE OF WIGHT","ISLE OF WIGHT","A","A"
"{4777E0AE-C406-5D59-E063-4804A8C09F8E}","205000","2025-11-28 00:00","PO31 7PJ","S","N","F","242","","ARCTIC ROAD","","COWES","ISLE OF WIGHT","ISLE OF WIGHT","A","A"
"{4777E0AE-C407-5D59-E063-4804A8C09F8E}","275000","2025-12-11 00:00","PO38 1LG","S","N","F","KEEP COTTAGES","1","CASTLE ROAD","","VENTNOR","ISLE OF WIGHT","ISLE OF WIGHT","A","A"
"{4777E0AE-C408-5D59-E063-4804A8C09F8E}","185000","2025-12-12 00:00","PO33 3NN","T","N","F","15","","MEADOWBROOK","","RYDE","ISLE OF WIGHT","ISLE OF WIGHT","A","A"
"{4777E0AE-C409-5D59-E063-4804A8C09F8E}","254000","2025-12-15 00:00","PO38 1AL","T","N","F","19","","DOWNSIDE","","VENTNOR","ISLE OF WIGHT","ISLE OF WIGHT","A","A"
"{4777E0AE-C40A-5D59-E063-4804A8C09F8E}","200000","2025-12-12 00:00","PO35 5TB","F","N","L","DRIFTWOOD","1","LANE END ROAD","","BEMBRIDGE","ISLE OF WIGHT","ISLE OF WIGHT","A","A"
"{4777E0AE-C40B-5D59-E063-4804A8C09F8E}","310000","2025-02-25 00:00","PO37 7NX","D","N","F","45","","ORCHARD ROAD","","SHANKLIN","ISLE OF WIGHT","ISLE OF WIGHT","A","A"
"{4777E0AE-C40C-5D59-E063-4804A8C09F8E}","650000","2025-06-19 00:00","PO33 1DR","S","N","F","23","","GREAT PRESTON ROAD","","RYDE","ISLE OF WIGHT","ISLE OF WIGHT","A","A"
"{4777E0AE-C40D-5D59-E063-4804A8C09F8E}","674000","2025-11-26 00:00","PO36 0JD","D","N","F","21","","WOODSIDE AVENUE","ALVERSTONE GARDEN VILLAGE","SANDOWN","ISLE OF WIGHT","ISLE OF WIGHT","A","A"
"{4777E0AE-C40F-5D59-E063-4804A8C09F8E}","187550","2025-11-26 00:00","PO30 5JF","T","N","F","1B","","WORSLEY ROAD","","NEWPORT","ISLE OF WIGHT","ISLE OF WIGHT","A","A"
"{4777E0AE-C410-5D59-E063-4804A8C09F8E}","320000","2025-12-10 00:00","PO37 7NT","S","N","F","2E","COPPERFIELD","SIBDEN ROAD","","SHANKLIN","ISLE OF WIGHT","ISLE OF WIGHT","A","A"
"{4777E0AE-C411-5D59-E063-4804A8C09F8E}","190000","2025-07-09 00:00","PO33 1EH","S","N","L","10","","CROSS STREET","OAKFIELD","RYDE","ISLE OF WIGHT","ISLE OF WIGHT","A","A"
"{4777E0AE-C412-5D59-E063-4804A8C09F8E}","317500","2025-07-18 00:00","PO30 1YG","S","N","F","12","","SYDNEY CLOSE","","NEWPORT","ISLE OF WIGHT","ISLE OF WIGHT","A","A"
"{4777E0AE-C416-5D59-E063-4804A8C09F8E}","300000","2025-10-29 00:00","PO33 2FS","S","N","F","1","","PARK CLOSE","","RYDE","ISLE OF WIGHT","ISLE OF WIGHT","A","A"
"{4777E0AE-C413-5D59-E063-4804A8C09F8E}","225000","2025-05-28 00:00","PO30 5FR","T","N","F","48","","SYLVAN DRIVE","","NEWPORT","ISLE OF WIGHT","ISLE OF WIGHT","A","A"
"{4777E0AE-C414-5D59-E063-4804A8C09F8E}","960000","2025-12-09 00:00","PO31 8BY","F","N","L","VANTAGE POINT, 4A","FLAT 5","QUEENS ROAD","","COWES","ISLE OF WIGHT","ISLE OF WIGHT","A","A"
"{4777E0AE-C415-5D59-E063-4804A8C09F8E}","470000","2025-09-30 00:00","PO40 9QS","D","N","F","BAY COTTAGE","","BAY ROAD","","FRESHWATER","ISLE OF WIGHT","ISLE OF WIGHT","A","A"
"{4777E0AE-C418-5D59-E063-4804A8C09F8E}","170000","2025-10-21 00:00","PO36 8HQ","F","N","L","KINGS COURT, 49","FLAT 4","FITZROY STREET","","SANDOWN","ISLE OF WIGHT","ISLE OF WIGHT","A","A"
"{4777E0AE-C419-5D59-E063-4804A8C09F8E}","190000","2025-07-18 00:00","PO33 4LT","T","N","F","132","","MARY ROSE AVENUE","WOOTTON BRIDGE","RYDE","ISLE OF WIGHT","ISLE OF WIGHT","A","A"
"{4777E0AE-C41A-5D59-E063-4804A8C09F8E}","165000","2025-11-21 00:00","PO32 6RL","F","N","L","QUAY HOUSE, 24","APARTMENT 1","CHURCH PATH","","EAST COWES","ISLE OF WIGHT","ISLE OF WIGHT","A","A"
"{4777E0AE-C41B-5D59-E063-4804A8C09F8E}","215000","2025-12-09 00:00","PO30 5TJ","T","N","F","83","","HORSEBRIDGE HILL","","NEWPORT","ISLE OF WIGHT","ISLE OF WIGHT","A","A"
"{4777E0AE-C41C-5D59-E063-4804A8C09F8E}","332000","2025-11-20 00:00","PO40 9FT","D","N","F","11","","OLD SCHOOL CLOSE","","FRESHWATER","ISLE OF WIGHT","ISLE OF WIGHT","A","A"
"{4777E0AE-C41D-5D59-E063-4804A8C09F8E}","60000","2025-12-12 00:00","PO32 6GL","F","N","L","5","FLAT 5","HAVEN CLOSE","","EAST COWES","ISLE OF WIGHT","ISLE OF WIGHT","A","A"
"{4777E0AE-C41E-5D59-E063-4804A8C09F8E}","247500","2025-11-26 00:00","PO33 3HU","D","N","F","ROSEBUD RETREAT","","SALTERS ROAD","","RYDE","ISLE OF WIGHT","ISLE OF WIGHT","A","A"
"{4777E0AE-C420-5D59-E063-4804A8C09F8E}","865000","2025-07-07 00:00","PO32 6BD","T","N","F","OSBORNE COTTAGE","UNIT 5","YORK AVENUE","","EAST COWES","ISLE OF WIGHT","ISLE OF WIGHT","A","A"
"{4777E0AE-C421-5D59-E063-4804A8C09F8E}","485000","2025-11-27 00:00","PO31 8JN","S","N","F","14","","WORSLEY ROAD","GURNARD","COWES","ISLE OF WIGHT","ISLE OF WIGHT","A","A"
"{4777E0AE-C423-5D59-E063-4804A8C09F8E}","282500","2025-05-23 00:00","PO30 2NX","S","N","F","14","","POWELL CLOSE","","NEWPORT","ISLE OF WIGHT","ISLE OF WIGHT","A","A"
"{4777E0AE-C424-5D59-E063-4804A8C09F8E}","160000","2025-11-28 00:00","PO30 5HJ","T","N","L","19","","HUNNYHILL","","NEWPORT","ISLE OF WIGHT","ISLE OF WIGHT","A","A"
"{4777E0AE-C426-5D59-E063-4804A8C09F8E}","164000","2025-06-16 00:00","PO32 6GG","F","N","L","PRINCESS COURT, 41","APARTMENT 2","CASTLE STREET","","EAST COWES","ISLE OF WIGHT","ISLE OF WIGHT","A","A"
"{4777E0AE-C427-5D59-E063-4804A8C09F8E}","350000","2025-10-31 00:00","PO30 5TL","D","N","F","123","","HORSEBRIDGE HILL","","NEWPORT","ISLE OF WIGHT","ISLE OF WIGHT","A","A"
"{4777E0AE-C429-5D59-E063-4804A8C09F8E}","319000","2025-12-11 00:00","PO31 8LP","D","N","F","67","","PALLANCE ROAD","NORTHWOOD","COWES","ISLE OF WIGHT","ISLE OF WIGHT","A","A"
"{4777E0AE-C42A-5D59-E063-4804A8C09F8E}","230000","2025-10-30 00:00","PO30 2HF","T","N","F","7","","RED FOX SQUARE","","NEWPORT","ISLE OF WIGHT","ISLE OF WIGHT","A","A"
"{4777E0AE-C42B-5D59-E063-4804A8C09F8E}","390000","2025-12-12 00:00","PO30 2GZ","D","N","F","3","","POLECAT RISE","","NEWPORT","ISLE OF WIGHT","ISLE OF WIGHT","A","A"
"{4777E0AE-C42C-5D59-E063-4804A8C09F8E}","165000","2025-08-08 00:00","PO32 6QW","S","N","F","47","","BROADSMITH AVENUE","","EAST COWES","ISLE OF WIGHT","ISLE OF WIGHT","A","A"
"{4777E0AE-C42E-5D59-E063-4804A8C09F8E}","220000","2025-11-27 00:00","PO38 1DP","T","N","L","26","","MITCHELL AVENUE","","VENTNOR","ISLE OF WIGHT","ISLE OF WIGHT","A","A"
"{4777E0AE-C42F-5D59-E063-4804A8C09F8E}","210000","2025-11-21 00:00","PO31 7LZ","T","N","F","128","","PARK ROAD","","COWES","ISLE OF WIGHT","ISLE OF WIGHT","A","A"
"{4777E0AE-C430-5D59-E063-4804A8C09F8E}","120000","2025-11-18 00:00","PO30 1HW","F","N","L","MOUNT PLEASANT HOUSE","FLAT 6","HEATH CLOSE","","NEWPORT","ISLE OF WIGHT","ISLE OF WIGHT","A","A"
"{4777E0AE-C432-5D59-E063-4804A8C09F8E}","815000","2025-10-29 00:00","PO34 5AD","S","N","L","KASHMIR","","RYDE ROAD","","SEAVIEW","ISLE OF WIGHT","ISLE OF WIGHT","A","A"
"{4777E0AE-C433-5D59-E063-4804A8C09F8E}","125000","2025-08-11 00:00","PO30 4DW","T","N","L","12","","BURT CLOSE","SHALFLEET","NEWPORT","ISLE OF WIGHT","ISLE OF WIGHT","A","A"
"{4777E0AE-C435-5D59-E063-4804A8C09F8E}","114000","2025-06-24 00:00","PO33 2UH","S","N","L","58","","WEST STREET","","RYDE","ISLE OF WIGHT","ISLE OF WIGHT","A","A"
"{4777E0AE-C437-5D59-E063-4804A8C09F8E}","395000","2025-01-09 00:00","PO30 3BW","S","N","F","BIRCHMORE COTTAGES","4","BIRCHMORE LANE","BLACKWATER","NEWPORT","ISLE OF WIGHT","ISLE OF WIGHT","A","A"
"{4777E0AE-C43A-5D59-E063-4804A8C09F8E}","190500","2025-01-31 00:00","PO36 0LY","S","N","F","NORTH VIEW","3","HARBORS LAKE LANE","NEWCHURCH","SANDOWN","ISLE OF WIGHT","ISLE OF WIGHT","A","A"
"{4777E0AE-C43B-5D59-E063-4804A8C09F8E}","670000","2025-02-14 00:00","PO38 2QH","D","N","F","SOUTHFORD FARM","","GODSHILL ROAD","WHITWELL","VENTNOR","ISLE OF WIGHT","ISLE OF WIGHT","A","A"
"{4777E0AE-C43C-5D59-E063-4804A8C09F8E}","179950","2025-02-21 00:00","PO33 2TQ","S","N","F","39","","SWANMORE ROAD","","RYDE","ISLE OF WIGHT","ISLE OF WIGHT","A","A"
"{4777E0AE-C43D-5D59-E063-4804A8C09F8E}","72500","2025-02-24 00:00","PO33 2LG","F","N","L","FLAT 2, 61A","","UNION STREET","","RYDE","ISLE OF WIGHT","ISLE OF WIGHT","A","A"
"{4777E0AE-C43E-5D59-E063-4804A8C09F8E}","565000","2025-02-26 00:00","PO33 4RF","D","N","F","6","","GLENDALE CLOSE","WOOTTON BRIDGE","RYDE","ISLE OF WIGHT","ISLE OF WIGHT","A","A"
"{4777E0AE-BBE7-5D59-E063-4804A8C09F8E}","240000","2025-11-21 00:00","PO33 1YE","T","N","F","46","","DOWNS VIEW ROAD","ST HELENS","RYDE","ISLE OF WIGHT","ISLE OF WIGHT","A","A"
"{4777E0AE-C442-5D59-E063-4804A8C09F8E}","345000","2025-03-31 00:00","PO38 2BE","D","N","F","WENDOVER","","BARRACK SHUTE","NITON","VENTNOR","ISLE OF WIGHT","ISLE OF WIGHT","A","A"
"{4777E0AE-C43F-5D59-E063-4804A8C09F8E}","530000","2025-02-26 00:00","PO31 8DS","D","N","F","150","","BARING ROAD","","COWES","ISLE OF WIGHT","ISLE OF WIGHT","A","A"
"{4777E0AE-C440-5D59-E063-4804A8C09F8E}","300000","2025-08-08 00:00","PO33 2JF","S","N","L","83","","GEORGE STREET","","RYDE","ISLE OF WIGHT","ISLE OF WIGHT","A","A"
"{4777E0AE-C441-5D59-E063-4804A8C09F8E}","500000","2025-03-21 00:00","PO33 4DG","D","N","F","AQUARIUS","","CHURCH ROAD","HAVENSTREET","RYDE","ISLE OF WIGHT","ISLE OF WIGHT","A","A"
"{4777E0AE-C443-5D59-E063-4804A8C09F8E}","282500","2025-03-18 00:00","PO32 6GY","S","N","F","2","","KINGSTON FARM LANE","","EAST COWES","ISLE OF WIGHT","ISLE OF WIGHT","A","A"
"{4777E0AE-C444-5D59-E063-4804A8C09F8E}","265000","2025-03-07 00:00","PO30 4EN","T","Y","F","1","","WILLIAM FOX AVENUE","BRIGHSTONE","NEWPORT","ISLE OF WIGHT","ISLE OF WIGHT","A","A"
"{4777E0AE-C445-5D59-E063-4804A8C09F8E}","112000","2025-07-25 00:00","PO36 8NS","F","N","L","COTTAGE ON THE CLIFF, 6","FLAT 3","CLIFF ROAD","","SANDOWN","ISLE OF WIGHT","ISLE OF WIGHT","A","A"
"{4777E0AE-BC45-5D59-E063-4804A8C09F8E}","290000","2025-11-07 00:00","PO32 6QF","D","N","F","27","","HEFFORD ROAD","","EAST COWES","ISLE OF WIGHT","ISLE OF WIGHT","A","A"
"{4777E0AE-BA5C-5D59-E063-4804A8C09F8E}","325000","2025-11-05 00:00","PO38 3DB","D","N","F","28","","STENBURY VIEW","WROXALL","VENTNOR","ISLE OF WIGHT","ISLE OF WIGHT","A","A"
"{4777E0AE-BAC0-5D59-E063-4804A8C09F8E}","280000","2025-10-30 00:00","PO32 6QD","D","N","F","18","","VEREKER DRIVE","","EAST COWES","ISLE OF WIGHT","ISLE OF WIGHT","A","A"
"{4777E0AE-BB01-5D59-E063-4804A8C09F8E}","255000","2025-12-18 00:00","PO30 2LH","S","N","F","12","","ATKINSON DRIVE","","NEWPORT","ISLE OF WIGHT","ISLE OF WIGHT","A","A"
"{4777E0AE-BD6B-5D59-E063-4804A8C09F8E}","575000","2025-11-25 00:00","PO35 5TL","D","N","F","15","","PADDOCK DRIVE","","BEMBRIDGE","ISLE OF WIGHT","ISLE OF WIGHT","A","A"
"{4777E0AE-C399-5D59-E063-4804A8C09F8E}","245000","2025-11-05 00:00","PO37 7AQ","S","N","F","5","","SPRING GARDENS","","SHANKLIN","ISLE OF WIGHT","ISLE OF WIGHT","A","A"
"{4777E0AE-C39A-5D59-E063-4804A8C09F8E}","257000","2025-12-03 00:00","PO33 3SS","T","N","F","31","","VERWOOD DRIVE","BINSTEAD","RYDE","ISLE OF WIGHT","ISLE OF WIGHT","A","A"
"{4777E0AE-C39B-5D59-E063-4804A8C09F8E}","285000","2025-12-03 00:00","PO33 3TW","S","N","F","8","","BOURN CLOSE","BINSTEAD","RYDE","ISLE OF WIGHT","ISLE OF WIGHT","A","A"
"{4777E0AE-C39C-5D59-E063-4804A8C09F8E}","305000","2025-08-01 00:00","PO36 8QN","S","N","F","THATCH COTTAGE","","YAVERLAND ROAD","","SANDOWN","ISLE OF WIGHT","ISLE OF WIGHT","A","A"
"{4777E0AE-C39D-5D59-E063-4804A8C09F8E}","405000","2025-12-05 00:00","PO38 1AD","D","N","F","82","","GILLS CLIFF ROAD","","VENTNOR","ISLE OF WIGHT","ISLE OF WIGHT","A","A"
"{4777E0AE-C39E-5D59-E063-4804A8C09F8E}","190000","2025-11-20 00:00","PO30 1RW","T","N","F","21","","ELM GROVE","","NEWPORT","ISLE OF WIGHT","ISLE OF WIGHT","A","A"
"{4777E0AE-C39F-5D59-E063-4804A8C09F8E}","255000","2025-02-17 00:00","PO30 5SX","S","N","F","59","","PURDY ROAD","","NEWPORT","ISLE OF WIGHT","ISLE OF WIGHT","A","A"
"{4777E0AE-C3A0-5D59-E063-4804A8C09F8E}","217000","2025-12-16 00:00","PO38 3BJ","S","N","F","2","","STATION ROAD","WROXALL","VENTNOR","ISLE OF WIGHT","ISLE OF WIGHT","A","A"
"{4777E0AE-C3A1-5D59-E063-4804A8C09F8E}","400000","2025-11-04 00:00","PO40 9PP","D","N","F","LANGDALE","","VICTORIA ROAD","","FRESHWATER","ISLE OF WIGHT","ISLE OF WIGHT","A","A"
"{4777E0AE-C3A2-5D59-E063-4804A8C09F8E}","360000","2025-07-03 00:00","PO39 0DN","S","N","F","68","","THE AVENUE","","TOTLAND BAY","ISLE OF WIGHT","ISLE OF WIGHT","A","A"
"{4777E0AE-C3A3-5D59-E063-4804A8C09F8E}","100000","2025-07-02 00:00","PO33 1EH","S","N","L","18","","CROSS STREET","OAKFIELD","RYDE","ISLE OF WIGHT","ISLE OF WIGHT","A","A"
"{4777E0AE-C3A4-5D59-E063-4804A8C09F8E}","350000","2025-11-20 00:00","PO40 9PG","S","N","F","3","","LOCKSLEY CLOSE","","FRESHWATER","ISLE OF WIGHT","ISLE OF WIGHT","A","A"
"{4777E0AE-C3A5-5D59-E063-4804A8C09F8E}","230000","2025-11-13 00:00","PO36 9DZ","T","N","F","18","","HALFORD CLOSE","","SANDOWN","ISLE OF WIGHT","ISLE OF WIGHT","A","A"
"{4777E0AE-C3A6-5D59-E063-4804A8C09F8E}","397500","2025-11-28 00:00","PO37 7AW","S","N","F","15","","ST PAULS CRESCENT","","SHANKLIN","ISLE OF WIGHT","ISLE OF WIGHT","A","A"
"{4777E0AE-C3A7-5D59-E063-4804A8C09F8E}","152500","2025-08-11 00:00","PO33 1DR","F","N","L","ELM COURT","FLAT 1","GREAT PRESTON ROAD","","RYDE","ISLE OF WIGHT","ISLE OF WIGHT","A","A"
"{4777E0AE-C3A8-5D59-E063-4804A8C09F8E}","385000","2025-06-20 00:00","PO38 3BY","D","N","F","55","","CLARENCE ROAD","WROXALL","VENTNOR","ISLE OF WIGHT","ISLE OF WIGHT","A","A"
"{4777E0AE-C3A9-5D59-E063-4804A8C09F8E}","169995","2025-11-25 00:00","PO32 6EA","T","N","F","10","","GRANGE ROAD","","EAST COWES","ISLE OF WIGHT","ISLE OF WIGHT","A","A"
"{4777E0AE-C3AA-5D59-E063-4804A8C09F8E}","155000","2025-12-05 00:00","PO35 5XH","F","N","L","BIRDHAM COURT","FLAT 12","STEYNE ROAD","","BEMBRIDGE","ISLE OF WIGHT","ISLE OF WIGHT","A","A"
"{4777E0AE-C3AE-5D59-E063-4804A8C09F8E}","240000","2025-07-28 00:00","PO33 3UX","T","N","F","8","","PARKWAY","","RYDE","ISLE OF WIGHT","ISLE OF WIGHT","A","A"
"{4777E0AE-C3AB-5D59-E063-4804A8C09F8E}","535000","2025-01-10 00:00","PO41 0RX","D","N","F","GRASMERE","","GRAEME ROAD","NORTON","YARMOUTH","ISLE OF WIGHT","ISLE OF WIGHT","A","A"
"{4777E0AE-C3AC-5D59-E063-4804A8C09F8E}","575000","2025-12-10 00:00","PO38 1UX","D","N","F","20","","INGLEWOOD PARK","ST LAWRENCE","VENTNOR","ISLE OF WIGHT","ISLE OF WIGHT","A","A"
"{4777E0AE-C3AD-5D59-E063-4804A8C09F8E}","550000","2025-06-24 00:00","PO30 2NT","D","N","F","HOLMBUSH","","LONG LANE","","NEWPORT","ISLE OF WIGHT","ISLE OF WIGHT","A","A"
"{4777E0AE-C3AF-5D59-E063-4804A8C09F8E}","174000","2025-11-28 00:00","PO38 1XT","D","N","F","GLENHURST","","HUNTS ROAD","ST LAWRENCE","VENTNOR","ISLE OF WIGHT","ISLE OF WIGHT","A","A"
"{4777E0AE-C3B0-5D59-E063-4804A8C09F8E}","175000","2025-03-31 00:00","PO33 2RR","D","N","L","17","","ABINGDON ROAD","","RYDE","ISLE OF WIGHT","ISLE OF WIGHT","A","A"
"{4777E0AE-C3B1-5D59-E063-4804A8C09F8E}","675000","2025-07-11 00:00","PO39 0EL","D","N","F","SOLENT VISTA","","HEATHERWOOD PARK ROAD","","TOTLAND BAY","ISLE OF WIGHT","ISLE OF WIGHT","A","A"
"{4777E0AE-C3B2-5D59-E063-4804A8C09F8E}","172000","2025-05-30 00:00","PO30 2AR","S","N","F","2","","HOME MEADE","","NEWPORT","ISLE OF WIGHT","ISLE OF WIGHT","A","A"
"{4777E0AE-C3B3-5D59-E063-4804A8C09F8E}","345000","2025-12-04 00:00","PO30 5XP","D","N","F","1","","WINCHAT CLOSE","","NEWPORT","ISLE OF WIGHT","ISLE OF WIGHT","A","A"
"{4777E0AE-C3B4-5D59-E063-4804A8C09F8E}","289950","2025-06-26 00:00","PO37 7HB","D","N","F","6","","LARK RISE","","SHANKLIN","ISLE OF WIGHT","ISLE OF WIGHT","A","A"
"{4777E0AE-C3B5-5D59-E063-4804A8C09F8E}","230000","2025-01-22 00:00","PO38 3BU","S","N","F","26","","WEST STREET","WROXALL","VENTNOR","ISLE OF WIGHT","ISLE OF WIGHT","A","A"
"{4777E0AE-C3B6-5D59-E063-4804A8C09F8E}","65000","2025-04-15 00:00","PO38 3BH","F","N","L","WROXALL HOUSE","FLAT 6","HIGH STREET","WROXALL","VENTNOR","ISLE OF WIGHT","ISLE OF WIGHT","B","A"
"{4777E0AE-C3B7-5D59-E063-4804A8C09F8E}","97000","2025-12-05 00:00","PO36 9JX","F","N","L","ROSTREVOR COURT, 96","FLAT 2","SANDOWN ROAD","LAKE","SANDOWN","ISLE OF WIGHT","ISLE OF WIGHT","A","A"
"{4777E0AE-C3B8-5D59-E063-4804A8C09F8E}","340000","2025-12-05 00:00","PO31 7LH","D","N","F","26","","MOORGREEN ROAD","","COWES","ISLE OF WIGHT","ISLE OF WIGHT","A","A"
"{4777E0AE-C3B9-5D59-E063-4804A8C09F8E}","200000","2025-10-31 00:00","PO31 8BT","F","N","L","BRIARY COURT","FLAT 20","EGYPT ESPLANADE","","COWES","ISLE OF WIGHT","ISLE OF WIGHT","A","A"
"{4777E0AE-C3BA-5D59-E063-4804A8C09F8E}","320000","2025-05-16 00:00","PO37 6NN","S","N","L","13 - 15","","GRANGE ROAD","","SHANKLIN","ISLE OF WIGHT","ISLE OF WIGHT","A","A"
"{4777E0AE-C3BB-5D59-E063-4804A8C09F8E}","250000","2025-06-26 00:00","PO36 9EY","D","N","F","23","","FAIRFIELD GARDENS","","SANDOWN","ISLE OF WIGHT","ISLE OF WIGHT","A","A"
"{4777E0AE-C3BC-5D59-E063-4804A8C09F8E}","235000","2025-11-28 00:00","PO30 5NS","T","N","F","5A","","PARTRIDGE ROAD","","NEWPORT","ISLE OF WIGHT","ISLE OF WIGHT","A","A"
"{4777E0AE-C3BD-5D59-E063-4804A8C09F8E}","230000","2025-10-21 00:00","PO36 8BP","T","N","F","14","","CARTER STREET","","SANDOWN","ISLE OF WIGHT","ISLE OF WIGHT","A","A"
"{4777E0AE-C3BE-5D59-E063-4804A8C09F8E}","70750","2025-12-10 00:00","PO33 3LP","F","N","L","24","","TANDY CLOSE","","RYDE","ISLE OF WIGHT","ISLE OF WIGHT","A","A"
"{4777E0AE-C3BF-5D59-E063-4804A8C09F8E}","280000","2025-11-25 00:00","PO31 7LJ","D","N","F","17","","MOORGREEN ROAD","","COWES","ISLE OF WIGHT","ISLE OF WIGHT","A","A"
"{4777E0AE-C3C0-5D59-E063-4804A8C09F8E}","995000","2025-02-07 00:00","PO39 0JA","D","N","F","ALUM BAY COTTAGE","","ALUM BAY OLD ROAD","","TOTLAND BAY","ISLE OF WIGHT","ISLE OF WIGHT","A","A"
"{4777E0AE-C3C1-5D59-E063-4804A8C09F8E}","286000","2025-12-10 00:00","PO32 6DD","S","N","F","59","","ADELAIDE GROVE","","EAST COWES","ISLE OF WIGHT","ISLE OF WIGHT","A","A"
"{4777E0AE-C3C2-5D59-E063-4804A8C09F8E}","520000","2025-07-10 00:00","PO33 4RE","D","N","F","87","","STATION ROAD","WOOTTON BRIDGE","RYDE","ISLE OF WIGHT","ISLE OF WIGHT","A","A"
"{4777E0AE-C3C3-5D59-E063-4804A8C09F8E}","345000","2025-11-07 00:00","PO31 7PN","S","N","F","75","","NEWPORT ROAD","","COWES","ISLE OF WIGHT","ISLE OF WIGHT","A","A"
"{4777E0AE-C3C5-5D59-E063-4804A8C09F8E}","267500","2025-06-10 00:00","PO33 1LG","S","N","F","41","","WEST HILL ROAD","","RYDE","ISLE OF WIGHT","ISLE OF WIGHT","A","A"
"{4777E0AE-C3C6-5D59-E063-4804A8C09F8E}","400000","2025-11-19 00:00","PO31 7EQ","S","N","F","86","","MILL HILL ROAD","","COWES","ISLE OF WIGHT","ISLE OF WIGHT","A","A"
"{4777E0AE-C3C7-5D59-E063-4804A8C09F8E}","129000","2025-07-07 00:00","PO33 2NZ","F","N","L","6B","","SPENCER ROAD","","RYDE","ISLE OF WIGHT","ISLE OF WIGHT","A","A"
"{4777E0AE-C3C8-5D59-E063-4804A8C09F8E}","400000","2025-11-26 00:00","PO40 9LF","D","N","F","59","","GOLDEN RIDGE","","FRESHWATER","ISLE OF WIGHT","ISLE OF WIGHT","A","A"
"{4777E0AE-C3C9-5D59-E063-4804A8C09F8E}","175000","2025-11-26 00:00","PO32 6BE","F","N","L","PARK GATE, 193","FLAT 1","YORK AVENUE","","EAST COWES","ISLE OF WIGHT","ISLE OF WIGHT","A","A"
"{4777E0AE-C3CA-5D59-E063-4804A8C09F8E}","295000","2025-12-05 00:00","PO34 5EW","S","N","L","OWLS","","STEYNE ROAD","","SEAVIEW","ISLE OF WIGHT","ISLE OF WIGHT","A","A"
"{4777E0AE-C3CB-5D59-E063-4804A8C09F8E}","200000","2025-12-17 00:00","PO30 2BN","T","N","F","48","","GARDEN WAY","","NEWPORT","ISLE OF WIGHT","ISLE OF WIGHT","A","A"
"{4777E0AE-C3CC-5D59-E063-4804A8C09F8E}","130000","2025-12-11 00:00","PO30 5AD","T","N","F","25","","CLIFFORD STREET","","NEWPORT","ISLE OF WIGHT","ISLE OF WIGHT","A","A"
"{4777E0AE-C3CD-5D59-E063-4804A8C09F8E}","260000","2025-07-04 00:00","PO36 9NA","D","N","F","9","","PORTER AVENUE","LAKE","SANDOWN","ISLE OF WIGHT","ISLE OF WIGHT","A","A"
"{4777E0AE-C3D1-5D59-E063-4804A8C09F8E}","100000","2025-06-06 00:00","PO38 1DQ","T","N","F","14","","CHESTNUT CLOSE","","VENTNOR","ISLE OF WIGHT","ISLE OF WIGHT","A","A"
"{4777E0AE-C3CE-5D59-E063-4804A8C09F8E}","340000","2025-10-31 00:00","PO37 7DT","D","N","F","9","","SANDY LANE","","SHANKLIN","ISLE OF WIGHT","ISLE OF WIGHT","A","A"
"{4777E0AE-C3CF-5D59-E063-4804A8C09F8E}","445000","2025-01-24 00:00","PO35 5QN","S","N","F","35","","HOWGATE ROAD","","BEMBRIDGE","ISLE OF WIGHT","ISLE OF WIGHT","A","A"
"{4777E0AE-C3D0-5D59-E063-4804A8C09F8E}","175000","2025-11-27 00:00","PO33 2QR","T","N","F","1","","MOUNT STREET","","RYDE","ISLE OF WIGHT","ISLE OF WIGHT","A","A"
"{4777E0AE-C3D2-5D59-E063-4804A8C09F8E}","220000","2025-06-25 00:00","PO33 4JB","D","N","F","76","","ST EDMUNDS WALK","WOOTTON BRIDGE","RYDE","ISLE OF WIGHT","ISLE OF WIGHT","A","A"
"{4777E0AE-C3D3-5D59-E063-4804A8C09F8E}","135000","2025-01-23 00:00","PO36 8LY","F","N","L","FERNCLIFFE APARTMENTS","3","FERNCLIFF ROAD","","SANDOWN","ISLE OF WIGHT","ISLE OF WIGHT","A","A"
"{4777E0AE-C3D4-5D59-E063-4804A8C09F8E}","195000","2025-12-12 00:00","PO32 6ED","T","N","F","43","","ST DAVIDS ROAD","","EAST COWES","ISLE OF WIGHT","ISLE OF WIGHT","A","A"
"{4777E0AE-C3D5-5D59-E063-4804A8C09F8E}","560000","2025-10-22 00:00","PO38 1UU","D","N","F","5","","FISHERS","ST LAWRENCE","VENTNOR","ISLE OF WIGHT","ISLE OF WIGHT","A","A"
"{4777E0AE-C3D6-5D59-E063-4804A8C09F8E}","530000","2025-12-03 00:00","PO30 4BP","D","N","F","PIPPINS COTTAGE","","NEW ROAD","BRIGHSTONE","NEWPORT","ISLE OF WIGHT","ISLE OF WIGHT","A","A"
"{4777E0AE-C3D7-5D59-E063-4804A8C09F8E}","255000","2025-07-10 00:00","PO39 0EZ","S","N","F","13","","ST SAVIOURS ROAD","","TOTLAND BAY","ISLE OF WIGHT","ISLE OF WIGHT","A","A"
"{4777E0AE-C3D8-5D59-E063-4804A8C09F8E}","180000","2025-11-28 00:00","PO40 9JF","S","N","F","10","","JUBILEE CLOSE","","FRESHWATER","ISLE OF WIGHT","ISLE OF WIGHT","A","A"
"{4777E0AE-C3D9-5D59-E063-4804A8C09F8E}","245000","2025-10-17 00:00","PO36 9AQ","S","N","L","101","","BROADWAY","","SANDOWN","ISLE OF WIGHT","ISLE OF WIGHT","A","A"
"{4777E0AE-C3DA-5D59-E063-4804A8C09F8E}","272260","2025-12-03 00:00","PO30 2RD","T","N","F","1","","ORCHARD MEWS","","NEWPORT","ISLE OF WIGHT","ISLE OF WIGHT","A","A"
"{4777E0AE-C3DB-5D59-E063-4804A8C09F8E}","658500","2025-11-27 00:00","PO31 8DX","D","N","F","20","","PINE TREE CLOSE","","COWES","ISLE OF WIGHT","ISLE OF WIGHT","A","A"
"{4777E0AE-C3DC-5D59-E063-4804A8C09F8E}","230000","2025-11-25 00:00","PO33 2TW","S","N","F","38","","LONGMEAD ROAD","","RYDE","ISLE OF WIGHT","ISLE OF WIGHT","A","A"
"{4777E0AE-C3DD-5D59-E063-4804A8C09F8E}","360000","2025-10-24 00:00","PO30 1BW","T","N","F","68","","CARISBROOKE ROAD","","NEWPORT","ISLE OF WIGHT","ISLE OF WIGHT","A","A"
"{4777E0AE-C3DE-5D59-E063-4804A8C09F8E}","315000","2025-12-19 00:00","PO36 0JZ","D","N","F","53","","FOREST ROAD","WINFORD","SANDOWN","ISLE OF WIGHT","ISLE OF WIGHT","A","A"
"{4777E0AE-C3DF-5D59-E063-4804A8C09F8E}","260000","2025-11-12 00:00","PO33 2AE","T","N","F","5","","MELVILLE STREET","","RYDE","ISLE OF WIGHT","ISLE OF WIGHT","A","A"
"{4777E0AE-C3E0-5D59-E063-4804A8C09F8E}","113500","2025-12-17 00:00","PO33 2EY","F","N","L","29","","NELSON STREET","","RYDE","ISLE OF WIGHT","ISLE OF WIGHT","A","A"
"{4777E0AE-C3E1-5D59-E063-4804A8C09F8E}","205000","2025-11-28 00:00","PO30 5AE","T","N","F","24","","CAVENDISH PLACE","","NEWPORT","ISLE OF WIGHT","ISLE OF WIGHT","A","A"
"{4777E0AE-C3E2-5D59-E063-4804A8C09F8E}","327000","2025-11-28 00:00","PO36 8JS","F","N","L","NAPOLEONS LANDING","16","ESPLANADE","","SANDOWN","ISLE OF WIGHT","ISLE OF WIGHT","A","A"
"{4777E0AE-C3E3-5D59-E063-4804A8C09F8E}","72500","2025-12-19 00:00","PO33 2QA","F","N","L","8","","SHEPHERD MEWS","","RYDE","ISLE OF WIGHT","ISLE OF WIGHT","A","A"
"{4777E0AE-C3E4-5D59-E063-4804A8C09F8E}","164500","2025-11-21 00:00","PO36 8JD","T","N","F","2","","BENJAMIN MEWS","","SANDOWN","ISLE OF WIGHT","ISLE OF WIGHT","A","A"
"{4777E0AE-C3E5-5D59-E063-4804A8C09F8E}","258198","2025-11-21 00:00","PO41 0QD","D","N","F","OMDURMAN","","SOUTH STREET","","YARMOUTH","ISLE OF WIGHT","ISLE OF WIGHT","A","A"
"{4777E0AE-C3E6-5D59-E063-4804A8C09F8E}","225000","2025-02-27 00:00","PO32 6RY","S","N","F","33","","OSBORNE ROAD","","EAST COWES","ISLE OF WIGHT","ISLE OF WIGHT","A","A"
"{4777E0AE-C3E7-5D59-E063-4804A8C09F8E}","337000","2025-11-28 00:00","PO40 9PZ","S","N","F","4","","GUYERS ROAD","","FRESHWATER","ISLE OF WIGHT","ISLE OF WIGHT","A","A"
"{4777E0AE-C3E8-5D59-E063-4804A8C09F8E}","290000","2025-11-18 00:00","PO31 8QH","D","N","F","9","","HARRY CHEEK GARDENS","","COWES","ISLE OF WIGHT","ISLE OF WIGHT","A","A"
"{4777E0AE-C3E9-5D59-E063-4804A8C09F8E}","330000","2025-12-11 00:00","PO32 6HD","S","N","F","12","","MINERVA ROAD","","EAST COWES","ISLE OF WIGHT","ISLE OF WIGHT","A","A"
"{4777E0AE-C3EA-5D59-E063-4804A8C09F8E}","147500","2025-07-18 00:00","PO33 2SP","T","N","F","4","","STAINERS CLOSE","","RYDE","ISLE OF WIGHT","ISLE OF WIGHT","A","A"
"{4777E0AE-C3EB-5D59-E063-4804A8C09F8E}","525000","2025-06-05 00:00","PO35 5NN","F","N","F","HARBOUR HOUSE","FLAT 1","STATION ROAD","","BEMBRIDGE","ISLE OF WIGHT","ISLE OF WIGHT","A","A"
"{4777E0AE-C3EC-5D59-E063-4804A8C09F8E}","477500","2025-11-28 00:00","PO36 0LE","D","N","F","HILL COTTAGE","","ALVERSTONE ROAD","APSE HEATH","SANDOWN","ISLE OF WIGHT","ISLE OF WIGHT","A","A"
"{4777E0AE-C3ED-5D59-E063-4804A8C09F8E}","190000","2025-04-16 00:00","PO36 9BZ","D","N","F","44","","BROADWAY","","SANDOWN","ISLE OF WIGHT","ISLE OF WIGHT","A","A"
"{4777E0AE-C3EE-5D59-E063-4804A8C09F8E}","185000","2025-12-19 00:00","PO33 2FJ","T","N","F","3 THE OLD BREWERY, 11","","BENETT STREET","","RYDE","ISLE OF WIGHT","ISLE OF WIGHT","A","A"
"{4777E0AE-C3EF-5D59-E063-4804A8C09F8E}","400000","2025-12-04 00:00","PO32 6FF","D","N","F","91","","OSBORNE HEIGHTS","","EAST COWES","ISLE OF WIGHT","ISLE OF WIGHT","A","A"
"{3B5CE841-D52C-EE3A-E063-4804A8C0D6F1}","250000","2025-06-30 00:00","PO30 2FX","S","N","F","12","","SAXON CLOSE","","NEWPORT","ISLE OF WIGHT","ISLE OF WIGHT","A","C"
"{42C129E4-A97F-60A9-E063-4804A8C0C25D}","84999","2025-09-05 00:00","PO31 7NY","F","N","L","GRANVILLE COURT","3","BERNARD ROAD","","COWES","ISLE OF WIGHT","ISLE OF WIGHT","A","C"
