"{44F406B6-817D-1095-E063-4704A8C048D4}","177000","2021-06-23 00:00","PO30 2GW","F","N","F","4","","RED FOX APPROACH","","NEWPORT","ISLE OF WIGHT","ISLE OF WIGHT","A","A"
"{44F406B6-8185-1095-E063-4704A8C048D4}","197000","2021-08-27 00:00","PO30 2GN","S","N","F","6","","WINTERGREEN GARDENS","","NEWPORT","ISLE OF WIGHT","ISLE OF WIGHT","A","A"
"{CE384FB9-D21A-4D48-91FA-4850D8B78867}","134000","2007-05-11 00:00","PO33 1XF","F","N","L","1","","WOODBINE VILLAS","ST HELENS","RYDE","ISLE OF WIGHT","ISLE OF WIGHT","A","C"
"{44F406B6-8188-1095-E063-4704A8C048D4}","383500","2022-03-25 00:00","PO33 1GF","D","N","F","42","","MAPLE LEAF AVENUE","","RYDE","ISLE OF WIGHT","ISLE OF WIGHT","A","A"
"{44F406B6-8189-1095-E063-4704A8C048D4}","197000","2022-08-27 00:00","PO30 2GN","S","N","F","8","","WINTERGREEN GARDENS","","NEWPORT","ISLE OF WIGHT","ISLE OF WIGHT","B","A"
"{44F406B7-38A4-1095-E063-4704A8C048D4}","145000","2017-08-17 00:00","PO32 6RB","O","N","F","21","","CASTLE STREET","","EAST COWES","ISLE OF WIGHT","ISLE OF WIGHT","B","A"
"{D2F1FEB7-1E57-4E7A-B1AC-0F4D597E92F2}","98500","2005-01-04 00:00","PO33 1XF","F","N","L","1","","WOODBINE VILLAS","ST HELENS","RYDE","ISLE OF WIGHT","ISLE OF WIGHT","A","C"
"{44F406B6-80F4-1095-E063-4704A8C048D4}","345000","2023-02-02 00:00","PO36 0LR","D","N","F","37","","CHAMBERS DRIVE","APSE HEATH","SANDOWN","ISLE OF WIGHT","ISLE OF WIGHT","A","A"
"{44F406B6-8175-1095-E063-4704A8C048D4}","660000","2023-01-03 00:00","PO33 4NR","D","N","F","87A","","LUSHINGTON HILL","WOOTTON BRIDGE","RYDE","ISLE OF WIGHT","ISLE OF WIGHT","A","A"
"{44F406B6-8195-1095-E063-4704A8C048D4}","265000","2023-11-30 00:00","PO30 2FB","S","Y","F","8","","HOLLYHOCK CRESCENT","","NEWPORT","ISLE OF WIGHT","ISLE OF WIGHT","A","A"
"{AE4D86D4-A874-4619-E053-6C04A8C03CD0}","100000","2020-06-30 00:00","PO35 5SE","O","N","F","53A","","HIGH STREET","","BEMBRIDGE","ISLE OF WIGHT","ISLE OF WIGHT","B","C"
"{44F406B6-8102-1095-E063-4704A8C048D4}","55000","2011-09-16 00:00","PO37 6AA","F","N","L","3","FLAT 3","EASTCLIFF ROAD","","SHANKLIN","ISLE OF WIGHT","ISLE OF WIGHT","A","A"
"{44F406B7-38A1-1095-E063-4704A8C048D4}","500","2024-11-27 00:00","PO30 5HE","O","N","F","121","","ST JAMES STREET","","NEWPORT","ISLE OF WIGHT","ISLE OF WIGHT","B","A"
"{44F406B7-38B5-1095-E063-4704A8C048D4}","180000","2023-06-30 00:00","PO33 1PJ","O","N","F","PUCKPOOL HOUSE","","PUCKPOOL HILL","","RYDE","ISLE OF WIGHT","ISLE OF WIGHT","B","A"
"{BC910272-5233-4DD5-995B-11D5B864312D}","60000","2009-06-25 00:00","PO35 5SE","F","N","L","53A","","HIGH STREET","","BEMBRIDGE","ISLE OF WIGHT","ISLE OF WIGHT","A","C"
"{44F406B7-38AE-1095-E063-4704A8C048D4}","170000","2025-10-16 00:00","PO30 5HE","O","N","F","4 - 5","","ST JAMES STREET","","NEWPORT","ISLE OF WIGHT","ISLE OF WIGHT","B","A"
"{44F406B7-38AB-1095-E063-4704A8C048D4}","185000","2025-01-13 00:00","PO33 2LJ","O","N","F","38","","UNION STREET","","RYDE","ISLE OF WIGHT","ISLE OF WIGHT","B","A"
"{44F406B7-38AC-1095-E063-4704A8C048D4}","751000","2025-01-10 00:00","PO30 5ZD","O","N","F","RED CROSS HOUSE","","HUNNYCROSS WAY","","NEWPORT","ISLE OF WIGHT","ISLE OF WIGHT","B","A"
"{44F406B7-38AD-1095-E063-4704A8C048D4}","315000","2025-11-13 00:00","PO38 3BY","S","N","F","41","","CLARENCE ROAD","WROXALL","VENTNOR","ISLE OF WIGHT","ISLE OF WIGHT","B","A"
"{44F406B7-38AF-1095-E063-4704A8C048D4}","172000","2025-03-27 00:00","PO33 2DD","O","N","L","100","","MONKTON STREET","","RYDE","ISLE OF WIGHT","ISLE OF WIGHT","B","A"
"{44F406B7-38B0-1095-E063-4704A8C048D4}","95000","2025-10-17 00:00","PO38 1ST","F","N","L","1 - 3","FLAT 1","PIER STREET","","VENTNOR","ISLE OF WIGHT","ISLE OF WIGHT","B","A"
"{44F406B7-38B1-1095-E063-4704A8C048D4}","215000","2025-10-17 00:00","PO35 5AA","F","N","L","SILVER SANDS COURT","APARTMENT 31","CHURCH ROAD","","BEMBRIDGE","ISLE OF WIGHT","ISLE OF WIGHT","B","A"
"{44F406B7-38B4-1095-E063-4704A8C048D4}","158000","2025-10-23 00:00","PO33 2EE","F","N","L","PALMER HOUSE, 24","FLAT 3","CASTLE STREET","","RYDE","ISLE OF WIGHT","ISLE OF WIGHT","B","A"
"{44F406B7-38B8-1095-E063-4704A8C048D4}","115000","2025-06-16 00:00","PO35 5SD","O","N","F","8","","HIGH STREET","","BEMBRIDGE","ISLE OF WIGHT","ISLE OF WIGHT","B","A"
"{44F406B7-38B9-1095-E063-4704A8C048D4}","141000","2025-02-27 00:00","PO38 1EU","O","N","L","55","","ALBERT STREET","","VENTNOR","ISLE OF WIGHT","ISLE OF WIGHT","B","A"
"{44F406B7-38BA-1095-E063-4704A8C048D4}","522000","2025-11-07 00:00","PO30 5QJ","O","N","F","HANGAR PARK","UNIT 2","FOREST ROAD","","NEWPORT","ISLE OF WIGHT","ISLE OF WIGHT","B","A"
"{44F406B7-38BB-1095-E063-4704A8C048D4}","95000","2025-10-16 00:00","PO30 2HP","S","N","F","6","","SCHOOL LANE","BARTON","NEWPORT","ISLE OF WIGHT","ISLE OF WIGHT","B","A"
"{44F406B7-38B3-1095-E063-4704A8C048D4}","220000","2023-02-10 00:00","PO32 6GU","T","N","F","95","","CAPTAINS PARADE","","EAST COWES","ISLE OF WIGHT","ISLE OF WIGHT","B","A"
"{44F406B7-38B2-1095-E063-4704A8C048D4}","85000","2024-10-15 00:00","PO36 8DF","O","N","F","32 - 34","","HIGH STREET","","SANDOWN","ISLE OF WIGHT","ISLE OF WIGHT","B","A"
"{44F406B7-38B6-1095-E063-4704A8C048D4}","250000","2024-12-12 00:00","PO37 6AS","O","N","F","16B","","PALMERSTON ROAD","","SHANKLIN","ISLE OF WIGHT","ISLE OF WIGHT","B","A"
"{44F406B7-38B7-1095-E063-4704A8C048D4}","170000","2024-12-12 00:00","PO30 1SN","O","N","L","4 - 5","","ST THOMAS SQUARE","","NEWPORT","ISLE OF WIGHT","ISLE OF WIGHT","B","A"
"{44F406B6-8106-1095-E063-4704A8C048D4}","228000","2024-11-08 00:00","PO32 6BW","S","N","F","6","","GRENVILLE CLOSE","","EAST COWES","ISLE OF WIGHT","ISLE OF WIGHT","A","A"
"{44F406B6-815B-1095-E063-4704A8C048D4}","192500","2024-12-20 00:00","PO30 5EB","T","N","F","65","","CAESARS ROAD","","NEWPORT","ISLE OF WIGHT","ISLE OF WIGHT","A","A"
"{44F406B6-812A-1095-E063-4704A8C048D4}","360000","2024-12-13 00:00","PO38 3AS","S","N","F","4","","LESSLAND COTTAGES","SANDFORD","VENTNOR","ISLE OF WIGHT","ISLE OF WIGHT","A","A"
"{44F406B6-812C-1095-E063-4704A8C048D4}","195000","2024-12-13 00:00","PO38 3BU","T","N","F","9","","WEST STREET","WROXALL","VENTNOR","ISLE OF WIGHT","ISLE OF WIGHT","A","A"
"{44F406B6-812E-1095-E063-4704A8C048D4}","180000","2024-11-25 00:00","PO30 5JD","T","N","F","48","","WORSLEY ROAD","","NEWPORT","ISLE OF WIGHT","ISLE OF WIGHT","A","A"
"{44F406B6-8162-1095-E063-4704A8C048D4}","99000","2024-12-09 00:00","PO30 2GB","S","N","L","30","","WELLESLEY WAY","","NEWPORT","ISLE OF WIGHT","ISLE OF WIGHT","A","A"
"{44F406B6-8164-1095-E063-4704A8C048D4}","161500","2024-11-29 00:00","PO30 2FR","F","N","L","2D","","GODRIC ROAD","","NEWPORT","ISLE OF WIGHT","ISLE OF WIGHT","A","A"
"{44F406B6-8165-1095-E063-4704A8C048D4}","265000","2024-12-06 00:00","PO30 5QQ","T","N","F","84","","SNOWBERRY ROAD","","NEWPORT","ISLE OF WIGHT","ISLE OF WIGHT","A","A"
"{44F406B6-816A-1095-E063-4704A8C048D4}","450000","2024-10-04 00:00","PO33 3TF","D","N","F","74","","NEWNHAM ROAD","BINSTEAD","RYDE","ISLE OF WIGHT","ISLE OF WIGHT","A","A"
"{44F406B6-8178-1095-E063-4704A8C048D4}","131250","2024-11-22 00:00","PO32 6GG","F","N","L","PRINCESS COURT, 41","APARTMENT 7","CASTLE STREET","","EAST COWES","ISLE OF WIGHT","ISLE OF WIGHT","A","A"
"{44F406B6-818A-1095-E063-4704A8C048D4}","433000","2024-10-31 00:00","SO32 2XB","D","Y","F","2","","GROUSE ROAD","BOTLEY","SOUTHAMPTON","ISLE OF WIGHT","ISLE OF WIGHT","A","A"
"{44F406B6-818B-1095-E063-4704A8C048D4}","235500","2024-11-28 00:00","PO37 6RQ","F","N","L","BEECH COURT, 10A","FLAT 10","LUCCOMBE ROAD","","SHANKLIN","ISLE OF WIGHT","ISLE OF WIGHT","A","A"
"{44F406B6-818C-1095-E063-4704A8C048D4}","150000","2024-12-20 00:00","PO37 7DD","T","N","F","66","","OAKLYN GARDENS","","SHANKLIN","ISLE OF WIGHT","ISLE OF WIGHT","A","A"
"{44F406B6-818D-1095-E063-4704A8C048D4}","300000","2024-12-13 00:00","PO31 7QS","F","N","L","OSBORNE COURT","FLAT 7","THE PARADE","","COWES","ISLE OF WIGHT","ISLE OF WIGHT","A","A"
"{44F406B6-818E-1095-E063-4704A8C048D4}","210000","2024-12-20 00:00","PO38 3NE","S","N","F","4","","PAGHAM PLACE","ROOKLEY","VENTNOR","ISLE OF WIGHT","ISLE OF WIGHT","A","A"
"{44F406B6-8192-1095-E063-4704A8C048D4}","210000","2024-07-26 00:00","PO35 5SE","F","N","L","53A","","HIGH STREET","","BEMBRIDGE","ISLE OF WIGHT","ISLE OF WIGHT","A","A"
"{44F406B6-8194-1095-E063-4704A8C048D4}","95000","2024-09-13 00:00","PO30 2PT","F","N","L","THE LAWNS","FLAT 20","FAIRLEE ROAD","","NEWPORT","ISLE OF WIGHT","ISLE OF WIGHT","A","A"
"{44F406B7-38A0-1095-E063-4704A8C048D4}","190000","2025-11-11 00:00","PO30 5NF","T","N","F","9","","PARK CLOSE","","NEWPORT","ISLE OF WIGHT","ISLE OF WIGHT","B","A"
"{44F406B7-38A2-1095-E063-4704A8C048D4}","205000","2025-10-28 00:00","PO30 2EZ","S","N","F","54","","HALBERRY LANE","","NEWPORT","ISLE OF WIGHT","ISLE OF WIGHT","B","A"
"{44F406B7-38A3-1095-E063-4704A8C048D4}","78000","2025-10-30 00:00","PO33 1JD","F","N","L","RICHMOND HOUSE, 4 - 5","FLAT 12A","THE STRAND","","RYDE","ISLE OF WIGHT","ISLE OF WIGHT","B","A"
"{44F406B7-38A5-1095-E063-4704A8C048D4}","875000","2025-10-23 00:00","PO34 5HB","O","N","F","OLD FORT INN & WARDROOM RESTAURANT","","ESPLANADE","","SEAVIEW","ISLE OF WIGHT","ISLE OF WIGHT","B","A"
"{44F406B7-38A6-1095-E063-4704A8C048D4}","145000","2025-06-02 00:00","PO36 9AR","O","N","F","5","","THE CLOISTERS","","SANDOWN","ISLE OF WIGHT","ISLE OF WIGHT","B","A"
"{44F406B7-38A7-1095-E063-4704A8C048D4}","200000","2025-11-12 00:00","PO30 5XA","T","N","F","38","","DODNOR LANE","","NEWPORT","ISLE OF WIGHT","ISLE OF WIGHT","B","A"
"{44F406B7-38A8-1095-E063-4704A8C048D4}","155000","2025-10-30 00:00","PO30 1JN","T","N","F","10A","","EAST STREET","","NEWPORT","ISLE OF WIGHT","ISLE OF WIGHT","B","A"
"{44F406B7-38A9-1095-E063-4704A8C048D4}","210000","2025-07-10 00:00","PO30 1JW","O","N","F","30 - 31","","PYLE STREET","","NEWPORT","ISLE OF WIGHT","ISLE OF WIGHT","B","A"
"{44F406B7-38AA-1095-E063-4704A8C048D4}","215500","2025-10-15 00:00","PO36 9QJ","D","N","F","26","","MERRIE GARDENS","LAKE","SANDOWN","ISLE OF WIGHT","ISLE OF WIGHT","B","A"
"{2131FCF6-19D3-86E8-E063-4804A8C0372B}","210000","2024-07-26 00:00","PO35 5SE","F","N","L","53A","FIRST FLOOR","HIGH STREET","","BEMBRIDGE","ISLE OF WIGHT","ISLE OF WIGHT","A","D"
"{2859C1AC-0243-52B4-E063-4804A8C05948}","645000","2024-11-01 00:00","PO33 2DN","D","N","L","PORTSDOWN","","BUCKINGHAM CLOSE","","RYDE","ISLE OF WIGHT","ISLE OF WIGHT","A","D"
"{3B5CE842-9351-EE3A-E063-4804A8C0D6F1}","19000","2024-07-01 00:00","PO38 1LZ","O","N","L","142","","HIGH STREET","","VENTNOR","ISLE OF WIGHT","ISLE OF WIGHT","B","D"
"{44F406B6-7558-1095-E063-4704A8C048D4}","225000","2025-11-13 00:00","PO38 1RG","D","N","F","UNDERMOUNT LODGE","","BONCHURCH VILLAGE ROAD","","VENTNOR","ISLE OF WIGHT","ISLE OF WIGHT","A","A"
"{44F406B6-777F-1095-E063-4704A8C048D4}","325000","2025-10-15 00:00","PO33 3JR","S","N","L","46","","MONTEREY ROAD","","RYDE","ISLE OF WIGHT","ISLE OF WIGHT","A","A"
"{44F406B6-79D9-1095-E063-4704A8C048D4}","263000","2025-10-24 00:00","PO33 4JD","S","N","F","7","","WOODLANDS CRESCENT","WOOTTON BRIDGE","RYDE","ISLE OF WIGHT","ISLE OF WIGHT","A","A"
"{44F406B6-77DB-1095-E063-4704A8C048D4}","385000","2025-11-06 00:00","PO31 8HE","D","N","F","9","","MOUNTBATTEN AVENUE","","COWES","ISLE OF WIGHT","ISLE OF WIGHT","A","A"
"{44F406B6-80E7-1095-E063-4704A8C048D4}","210000","2025-10-24 00:00","PO37 7NR","S","N","F","2","","ST JOHNS ROAD","","SHANKLIN","ISLE OF WIGHT","ISLE OF WIGHT","A","A"
"{44F406B6-80E8-1095-E063-4704A8C048D4}","220000","2025-09-11 00:00","PO36 9DW","S","N","F","23","","CENTRAL WAY","","SANDOWN","ISLE OF WIGHT","ISLE OF WIGHT","A","A"
"{44F406B6-80E9-1095-E063-4704A8C048D4}","382500","2025-11-25 00:00","PO33 1PD","D","N","F","1","","PUCKPOOL CLOSE","","RYDE","ISLE OF WIGHT","ISLE OF WIGHT","A","A"
"{44F406B6-80EA-1095-E063-4704A8C048D4}","254000","2025-10-14 00:00","PO30 2BJ","S","N","F","85","","MANOR CRESCENT","","NEWPORT","ISLE OF WIGHT","ISLE OF WIGHT","A","A"
"{44F406B6-80EB-1095-E063-4704A8C048D4}","450000","2025-10-02 00:00","PO31 7NH","D","N","F","PINECROFT","","PARKLANDS AVENUE","","COWES","ISLE OF WIGHT","ISLE OF WIGHT","A","A"
"{44F406B6-80EC-1095-E063-4704A8C048D4}","225000","2025-10-17 00:00","PO33 4JB","T","N","F","90","","ST EDMUNDS WALK","WOOTTON BRIDGE","RYDE","ISLE OF WIGHT","ISLE OF WIGHT","A","A"
"{44F406B6-80ED-1095-E063-4704A8C048D4}","168500","2025-11-04 00:00","PO30 1QY","T","N","F","59","","MELBOURNE STREET","","NEWPORT","ISLE OF WIGHT","ISLE OF WIGHT","A","A"
"{44F406B6-77E3-1095-E063-4704A8C048D4}","259000","2025-09-01 00:00","PO33 3QG","S","N","F","23","","WINSTON AVENUE","BINSTEAD","RYDE","ISLE OF WIGHT","ISLE OF WIGHT","A","A"
"{44F406B6-77F2-1095-E063-4704A8C048D4}","328500","2025-11-21 00:00","PO31 8EL","D","N","F","59","","CROSSFIELD AVENUE","","COWES","ISLE OF WIGHT","ISLE OF WIGHT","A","A"
"{44F406B6-80F1-1095-E063-4704A8C048D4}","215000","2025-05-01 00:00","PO32 6RU","S","N","F","46","","YORK AVENUE","","EAST COWES","ISLE OF WIGHT","ISLE OF WIGHT","A","A"
"{44F406B6-80EE-1095-E063-4704A8C048D4}","123000","2025-11-07 00:00","PO37 6BU","F","N","L","CORINTHIAN COURT","FLAT 1","CROSS STREET","","SHANKLIN","ISLE OF WIGHT","ISLE OF WIGHT","A","A"
"{44F406B6-80EF-1095-E063-4704A8C048D4}","68000","2025-06-03 00:00","PO33 3AE","F","N","L","CONISTON HOUSE","FLAT 2","CONISTON DRIVE","","RYDE","ISLE OF WIGHT","ISLE OF WIGHT","A","A"
"{44F406B6-80F0-1095-E063-4704A8C048D4}","765000","2025-11-10 00:00","PO33 3BG","D","N","F","31","","QUEENS ROAD","","RYDE","ISLE OF WIGHT","ISLE OF WIGHT","A","A"
"{44F406B6-80F2-1095-E063-4704A8C048D4}","640000","2025-06-19 00:00","PO31 8JR","S","N","F","45","","WORSLEY ROAD","GURNARD","COWES","ISLE OF WIGHT","ISLE OF WIGHT","A","A"
"{44F406B6-80F3-1095-E063-4704A8C048D4}","355000","2025-10-27 00:00","PO30 2PX","D","N","F","64","","COOPER ROAD","","NEWPORT","ISLE OF WIGHT","ISLE OF WIGHT","A","A"
"{44F406B6-80F5-1095-E063-4704A8C048D4}","240000","2025-10-31 00:00","PO30 5NS","T","N","F","7","","PARTRIDGE ROAD","","NEWPORT","ISLE OF WIGHT","ISLE OF WIGHT","A","A"
"{44F406B6-80F6-1095-E063-4704A8C048D4}","361000","2025-01-24 00:00","PO34 5HJ","D","N","F","53","","SOLENT VIEW ROAD","","SEAVIEW","ISLE OF WIGHT","ISLE OF WIGHT","A","A"
"{44F406B6-80F7-1095-E063-4704A8C048D4}","475000","2025-11-12 00:00","PO34 5DB","D","N","F","38","","HORESTONE RISE","","SEAVIEW","ISLE OF WIGHT","ISLE OF WIGHT","A","A"
"{44F406B6-80F8-1095-E063-4704A8C048D4}","265000","2025-10-10 00:00","PO38 3BX","S","N","F","34","","MOUNTFIELD ROAD","WROXALL","VENTNOR","ISLE OF WIGHT","ISLE OF WIGHT","A","A"
"{44F406B6-80F9-1095-E063-4704A8C048D4}","305000","2025-08-15 00:00","PO33 3SP","D","N","F","16","","VERWOOD DRIVE","BINSTEAD","RYDE","ISLE OF WIGHT","ISLE OF WIGHT","A","A"
"{44F406B6-80FA-1095-E063-4704A8C048D4}","80500","2025-10-08 00:00","PO33 1LT","F","N","L","KEMERTON HOUSE, 11","FLAT D","ALEXANDRA ROAD","","RYDE","ISLE OF WIGHT","ISLE OF WIGHT","A","A"
"{44F406B6-80FB-1095-E063-4704A8C048D4}","182000","2025-11-11 00:00","PO36 0EA","T","N","F","64","","LOWER FURLONGS","BRADING","SANDOWN","ISLE OF WIGHT","ISLE OF WIGHT","A","A"
"{44F406B6-80FC-1095-E063-4704A8C048D4}","300000","2025-11-24 00:00","PO30 1BU","T","N","F","59","","CARISBROOKE ROAD","","NEWPORT","ISLE OF WIGHT","ISLE OF WIGHT","A","A"
"{44F406B6-80FD-1095-E063-4704A8C048D4}","222000","2025-03-07 00:00","PO31 7DP","T","N","F","3","","SOUTH ROAD","","COWES","ISLE OF WIGHT","ISLE OF WIGHT","A","A"
"{44F406B6-80FE-1095-E063-4704A8C048D4}","166500","2025-11-21 00:00","PO38 1NQ","T","N","L","25","","WEST STREET","","VENTNOR","ISLE OF WIGHT","ISLE OF WIGHT","A","A"
"{44F406B6-80FF-1095-E063-4704A8C048D4}","205000","2025-10-21 00:00","PO41 0QZ","F","N","L","TIDES REACH","1","MILL ROAD","","YARMOUTH","ISLE OF WIGHT","ISLE OF WIGHT","A","A"
"{44F406B6-8100-1095-E063-4704A8C048D4}","265000","2025-05-30 00:00","PO30 5NS","S","N","F","20","","PARTRIDGE ROAD","","NEWPORT","ISLE OF WIGHT","ISLE OF WIGHT","A","A"
"{44F406B6-8101-1095-E063-4704A8C048D4}","275000","2025-10-17 00:00","PO33 4RA","S","N","F","41","","STATION ROAD","WOOTTON BRIDGE","RYDE","ISLE OF WIGHT","ISLE OF WIGHT","A","A"
"{44F406B6-8103-1095-E063-4704A8C048D4}","345000","2025-11-05 00:00","PO31 8LS","D","N","F","129","","PALLANCE ROAD","NORTHWOOD","COWES","ISLE OF WIGHT","ISLE OF WIGHT","A","A"
"{44F406B6-8104-1095-E063-4704A8C048D4}","300000","2025-11-17 00:00","PO33 4QZ","D","N","F","CHERRY TREES","","PACKSFIELD LANE","WOOTTON BRIDGE","RYDE","ISLE OF WIGHT","ISLE OF WIGHT","A","A"
"{44F406B6-8105-1095-E063-4704A8C048D4}","169000","2025-11-14 00:00","PO30 1PX","T","N","F","35","","NEW STREET","","NEWPORT","ISLE OF WIGHT","ISLE OF WIGHT","A","A"
"{44F406B6-8107-1095-E063-4704A8C048D4}","200000","2025-09-12 00:00","PO30 5GR","T","N","F","9","","KESTREL WAY","","NEWPORT","ISLE OF WIGHT","ISLE OF WIGHT","A","A"
"{44F406B6-8108-1095-E063-4704A8C048D4}","650000","2025-10-30 00:00","PO33 4EJ","D","N","F","7","","THE POPLARS","","RYDE","ISLE OF WIGHT","ISLE OF WIGHT","A","A"
"{44F406B6-8109-1095-E063-4704A8C048D4}","142000","2025-10-29 00:00","PO37 6LT","F","N","L","AMBERLEY, 47","FLAT 7","VICTORIA AVENUE","","SHANKLIN","ISLE OF WIGHT","ISLE OF WIGHT","A","A"
"{44F406B6-810A-1095-E063-4704A8C048D4}","250000","2025-11-19 00:00","PO31 7JY","S","N","F","30","","CORONATION ROAD","","COWES","ISLE OF WIGHT","ISLE OF WIGHT","A","A"
"{44F406B6-810B-1095-E063-4704A8C048D4}","325000","2025-10-30 00:00","PO36 9EG","S","N","F","44","","THE FAIRWAY","LAKE","SANDOWN","ISLE OF WIGHT","ISLE OF WIGHT","A","A"
"{44F406B6-810C-1095-E063-4704A8C048D4}","212500","2025-01-10 00:00","PO33 1BS","S","N","F","1","","ARUNDEL CLOSE","","RYDE","ISLE OF WIGHT","ISLE OF WIGHT","A","A"
"{44F406B6-810D-1095-E063-4704A8C048D4}","365000","2025-10-30 00:00","PO31 7NH","D","N","F","2A","","PARKLANDS AVENUE","","COWES","ISLE OF WIGHT","ISLE OF WIGHT","A","A"
"{44F406B6-810E-1095-E063-4704A8C048D4}","255000","2025-11-10 00:00","PO30 1NH","S","N","F","116","","WHITEPIT LANE","","NEWPORT","ISLE OF WIGHT","ISLE OF WIGHT","A","A"
"{44F406B6-810F-1095-E063-4704A8C048D4}","470000","2025-11-05 00:00","PO30 5TY","D","N","F","17","","NOKE COMMON","","NEWPORT","ISLE OF WIGHT","ISLE OF WIGHT","A","A"
"{44F406B6-8110-1095-E063-4704A8C048D4}","150000","2025-06-09 00:00","PO30 5GJ","T","N","F","41","","PINEVIEW DRIVE","","NEWPORT","ISLE OF WIGHT","ISLE OF WIGHT","A","A"
"{44F406B6-8111-1095-E063-4704A8C048D4}","235000","2025-11-24 00:00","PO30 5GT","S","N","F","16","","LINNET CLOSE","","NEWPORT","ISLE OF WIGHT","ISLE OF WIGHT","A","A"
"{44F406B6-8112-1095-E063-4704A8C048D4}","72500","2025-11-07 00:00","PO33 2NQ","F","N","L","6","FLAT 3","LIND STREET","","RYDE","ISLE OF WIGHT","ISLE OF WIGHT","A","A"
"{44F406B6-8116-1095-E063-4704A8C048D4}","390000","2025-10-10 00:00","PO33 3BY","D","N","F","44","","ARGYLL STREET","","RYDE","ISLE OF WIGHT","ISLE OF WIGHT","A","A"
"{44F406B6-8113-1095-E063-4704A8C048D4}","330000","2025-10-29 00:00","PO38 3EQ","D","N","F","THE FIRS","","PARK VIEW CLOSE","WROXALL","VENTNOR","ISLE OF WIGHT","ISLE OF WIGHT","A","A"
"{44F406B6-8114-1095-E063-4704A8C048D4}","465000","2025-11-03 00:00","PO37 6HB","S","N","F","6","","ST MARTINS AVENUE","","SHANKLIN","ISLE OF WIGHT","ISLE OF WIGHT","A","A"
"{44F406B6-8115-1095-E063-4704A8C048D4}","400000","2025-01-31 00:00","PO36 8AL","D","N","F","42","","VICTORIA ROAD","","SANDOWN","ISLE OF WIGHT","ISLE OF WIGHT","A","A"
"{44F406B6-8117-1095-E063-4704A8C048D4}","245000","2025-10-31 00:00","PO30 5JA","S","N","F","21","","ALBANY ROAD","","NEWPORT","ISLE OF WIGHT","ISLE OF WIGHT","A","A"
"{44F406B6-8118-1095-E063-4704A8C048D4}","165000","2025-10-30 00:00","PO30 2HL","D","N","F","70","","BARTON ROAD","","NEWPORT","ISLE OF WIGHT","ISLE OF WIGHT","A","A"
"{44F406B6-8119-1095-E063-4704A8C048D4}","70000","2025-11-14 00:00","PO40 9SY","S","N","F","179","","BRAMBLES CHINE","","FRESHWATER","ISLE OF WIGHT","ISLE OF WIGHT","A","A"
"{44F406B6-811A-1095-E063-4704A8C048D4}","210000","2025-11-21 00:00","PO30 5AD","T","N","F","23","","CLIFFORD STREET","","NEWPORT","ISLE OF WIGHT","ISLE OF WIGHT","A","A"
"{44F406B6-811B-1095-E063-4704A8C048D4}","340000","2025-11-25 00:00","PO33 1NU","S","N","F","20","","GRASMERE AVENUE","","RYDE","ISLE OF WIGHT","ISLE OF WIGHT","A","A"
"{44F406B6-811C-1095-E063-4704A8C048D4}","275000","2025-10-30 00:00","PO39 0BE","T","N","F","54","","LANES END","","TOTLAND BAY","ISLE OF WIGHT","ISLE OF WIGHT","A","A"
"{44F406B6-811D-1095-E063-4704A8C048D4}","362500","2025-10-16 00:00","PO34 5JN","D","N","F","30","","ORCHARD ROAD","","SEAVIEW","ISLE OF WIGHT","ISLE OF WIGHT","A","A"
"{44F406B6-811E-1095-E063-4704A8C048D4}","153000","2025-10-10 00:00","PO30 1QP","T","N","F","11","","SOUTH VIEW","","NEWPORT","ISLE OF WIGHT","ISLE OF WIGHT","A","A"
"{44F406B6-811F-1095-E063-4704A8C048D4}","695000","2025-11-14 00:00","PO37 7PS","D","N","F","CORBIERE","","UPPER HYDE FARM LANE","","SHANKLIN","ISLE OF WIGHT","ISLE OF WIGHT","A","A"
"{44F406B6-8120-1095-E063-4704A8C048D4}","145000","2025-11-07 00:00","PO38 1RP","S","N","L","28","","WESTFIELD BUNGALOWS","","VENTNOR","ISLE OF WIGHT","ISLE OF WIGHT","A","A"
"{44F406B6-8121-1095-E063-4704A8C048D4}","600000","2025-10-30 00:00","PO38 2PP","D","N","F","HIGHFIELD","","ASHKNOWLE LANE","WHITWELL","VENTNOR","ISLE OF WIGHT","ISLE OF WIGHT","A","A"
"{44F406B6-8122-1095-E063-4704A8C048D4}","250000","2025-05-28 00:00","PO38 1QD","D","N","F","MOONSHINE, 70A","","LEESON ROAD","BONCHURCH","VENTNOR","ISLE OF WIGHT","ISLE OF WIGHT","A","A"
"{44F406B6-8123-1095-E063-4704A8C048D4}","345000","2025-10-20 00:00","PO33 1PA","T","N","F","9","","PAVILION RISE","","RYDE","ISLE OF WIGHT","ISLE OF WIGHT","A","A"
"{44F406B6-8124-1095-E063-4704A8C048D4}","185000","2025-06-06 00:00","PO31 7XS","T","N","F","153","","ARCTIC ROAD","","COWES","ISLE OF WIGHT","ISLE OF WIGHT","A","A"
"{44F406B6-8125-1095-E063-4704A8C048D4}","210000","2025-10-31 00:00","PO30 5SQ","T","N","F","6","","MACHIN CLOSE","","NEWPORT","ISLE OF WIGHT","ISLE OF WIGHT","A","A"
"{44F406B6-8126-1095-E063-4704A8C048D4}","425000","2025-11-17 00:00","PO38 1NQ","S","N","F","14","","WEST STREET","","VENTNOR","ISLE OF WIGHT","ISLE OF WIGHT","A","A"
"{44F406B6-8127-1095-E063-4704A8C048D4}","265000","2025-11-20 00:00","PO33 2AQ","F","N","L","DEAN COURT, 2","FLAT 6","DOVER STREET","","RYDE","ISLE OF WIGHT","ISLE OF WIGHT","A","A"
"{44F406B6-8128-1095-E063-4704A8C048D4}","140000","2025-03-27 00:00","PO33 2ER","T","N","F","6","","UNION ROAD","","RYDE","ISLE OF WIGHT","ISLE OF WIGHT","A","A"
"{44F406B6-8129-1095-E063-4704A8C048D4}","315000","2025-11-07 00:00","PO33 1UP","D","N","F","PEAR TREE COTTAGE","","THE DIGGINGS","ST HELENS","RYDE","ISLE OF WIGHT","ISLE OF WIGHT","A","A"
"{44F406B6-812B-1095-E063-4704A8C048D4}","295000","2025-10-20 00:00","PO37 6NX","S","N","F","5","","RECTORY ROAD","","SHANKLIN","ISLE OF WIGHT","ISLE OF WIGHT","A","A"
"{44F406B6-812D-1095-E063-4704A8C048D4}","300000","2025-11-14 00:00","PO32 6QQ","S","N","F","9","","HENDY ROAD","","EAST COWES","ISLE OF WIGHT","ISLE OF WIGHT","A","A"
"{44F406B6-812F-1095-E063-4704A8C048D4}","875000","2025-11-04 00:00","PO31 8DS","D","N","F","115","","BARING ROAD","","COWES","ISLE OF WIGHT","ISLE OF WIGHT","A","A"
"{44F406B6-8130-1095-E063-4704A8C048D4}","270000","2025-11-12 00:00","PO33 4JA","D","N","F","ST JOHNS","","RED ROAD","WOOTTON BRIDGE","RYDE","ISLE OF WIGHT","ISLE OF WIGHT","A","A"
"{44F406B6-8131-1095-E063-4704A8C048D4}","115000","2025-10-03 00:00","PO33 2LW","F","N","L","78","FLAT 1","UNION STREET","","RYDE","ISLE OF WIGHT","ISLE OF WIGHT","A","A"
"{44F406B6-8132-1095-E063-4704A8C048D4}","269950","2025-04-23 00:00","PO30 5JG","D","N","F","4A","","HEYTESBURY ROAD","","NEWPORT","ISLE OF WIGHT","ISLE OF WIGHT","A","A"
"{44F406B6-8133-1095-E063-4704A8C048D4}","675000","2025-10-21 00:00","PO41 0SZ","D","N","F","LIME BARN","","MAIN ROAD","WELLOW","YARMOUTH","ISLE OF WIGHT","ISLE OF WIGHT","A","A"
"{44F406B6-8134-1095-E063-4704A8C048D4}","220000","2025-08-13 00:00","PO33 2JT","T","N","L","26","","RIBOLEAU STREET","","RYDE","ISLE OF WIGHT","ISLE OF WIGHT","A","A"
"{44F406B6-8135-1095-E063-4704A8C048D4}","450000","2025-10-17 00:00","PO33 4NE","D","N","F","84","","PALMERS ROAD","WOOTTON BRIDGE","RYDE","ISLE OF WIGHT","ISLE OF WIGHT","A","A"
"{44F406B6-8136-1095-E063-4704A8C048D4}","247000","2025-03-28 00:00","PO31 7UZ","T","N","F","3","","ENSIGN CLOSE","","COWES","ISLE OF WIGHT","ISLE OF WIGHT","B","A"
"{44F406B6-8137-1095-E063-4704A8C048D4}","380000","2025-10-30 00:00","PO30 4BT","D","N","F","THE BEECHES","","GALLEY LANE","BRIGHSTONE","NEWPORT","ISLE OF WIGHT","ISLE OF WIGHT","A","A"
"{44F406B6-7608-1095-E063-4704A8C048D4}","600000","2025-11-03 00:00","PO38 1UD","D","N","F","11","","CASTLE CLOSE","","VENTNOR","ISLE OF WIGHT","ISLE OF WIGHT","A","A"
"{44F406B6-813B-1095-E063-4704A8C048D4}","925000","2025-11-14 00:00","PO35 5QW","T","N","F","24","","HOWGATE ROAD","","BEMBRIDGE","ISLE OF WIGHT","ISLE OF WIGHT","A","A"
"{44F406B6-8138-1095-E063-4704A8C048D4}","120000","2025-10-17 00:00","PO30 5ZF","F","N","L","57","","WESTMINSTER LANE","","NEWPORT","ISLE OF WIGHT","ISLE OF WIGHT","A","A"
"{44F406B6-8139-1095-E063-4704A8C048D4}","230000","2025-10-13 00:00","PO30 1ER","T","N","F","66","","CLARENCE ROAD","","NEWPORT","ISLE OF WIGHT","ISLE OF WIGHT","A","A"
"{44F406B6-813A-1095-E063-4704A8C048D4}","270000","2025-10-17 00:00","PO36 8QJ","S","N","F","47","","CULVER WAY","YAVERLAND","SANDOWN","ISLE OF WIGHT","ISLE OF WIGHT","A","A"
"{44F406B6-813C-1095-E063-4704A8C048D4}","305000","2025-11-21 00:00","PO36 0AT","D","N","F","3","","QUAY LANE","BRADING","SANDOWN","ISLE OF WIGHT","ISLE OF WIGHT","A","A"
"{44F406B6-813D-1095-E063-4704A8C048D4}","300000","2025-05-16 00:00","PO33 4JD","D","N","F","6","","WOODLANDS CRESCENT","WOOTTON BRIDGE","RYDE","ISLE OF WIGHT","ISLE OF WIGHT","A","A"
"{44F406B6-813E-1095-E063-4704A8C048D4}","375000","2025-10-10 00:00","PO38 2BE","S","N","F","CROSSBANKS","","BARRACK SHUTE","NITON","VENTNOR","ISLE OF WIGHT","ISLE OF WIGHT","A","A"
"{44F406B6-813F-1095-E063-4704A8C048D4}","228000","2025-11-14 00:00","PO32 6ET","T","N","L","63","","CLARENCE ROAD","","EAST COWES","ISLE OF WIGHT","ISLE OF WIGHT","A","A"
"{44F406B6-8140-1095-E063-4704A8C048D4}","144000","2025-10-03 00:00","PO36 8HR","F","N","L","WINCHESTER PARK COURT, 60","FLAT 1","FITZROY STREET","","SANDOWN","ISLE OF WIGHT","ISLE OF WIGHT","A","A"
"{44F406B6-8141-1095-E063-4704A8C048D4}","174500","2025-11-10 00:00","PO33 3NH","F","N","L","STONEPITTS HOUSE","FLAT 3","STONEPITTS CLOSE","","RYDE","ISLE OF WIGHT","ISLE OF WIGHT","A","A"
"{44F406B6-8142-1095-E063-4704A8C048D4}","287500","2025-11-20 00:00","PO33 2PX","D","N","F","6A","","VICTORIA PLACE","","RYDE","ISLE OF WIGHT","ISLE OF WIGHT","A","A"
"{44F406B6-8143-1095-E063-4704A8C048D4}","355000","2025-10-27 00:00","PO33 3HP","S","N","L","IVY HATCH, 289","","UPTON ROAD","","RYDE","ISLE OF WIGHT","ISLE OF WIGHT","A","A"
"{44F406B6-8144-1095-E063-4704A8C048D4}","272500","2025-10-31 00:00","PO30 1DS","D","N","F","97","","CASTLE ROAD","","NEWPORT","ISLE OF WIGHT","ISLE OF WIGHT","A","A"
"{44F406B6-8145-1095-E063-4704A8C048D4}","156000","2025-10-31 00:00","PO33 1JQ","S","N","F","9","","SIMEON STREET","","RYDE","ISLE OF WIGHT","ISLE OF WIGHT","A","A"
"{44F406B6-8146-1095-E063-4704A8C048D4}","275000","2025-11-12 00:00","PO30 4EY","T","N","L","SEA BREEZE COTTAGES","7","MILITARY ROAD","BRIGHSTONE","NEWPORT","ISLE OF WIGHT","ISLE OF WIGHT","A","A"
"{44F406B6-8147-1095-E063-4704A8C048D4}","185000","2025-05-16 00:00","PO38 1NQ","T","N","L","23","","WEST STREET","","VENTNOR","ISLE OF WIGHT","ISLE OF WIGHT","A","A"
"{44F406B6-8148-1095-E063-4704A8C048D4}","210000","2025-10-17 00:00","PO30 5HN","T","N","F","94","","HUNNYHILL","","NEWPORT","ISLE OF WIGHT","ISLE OF WIGHT","A","A"
"{44F406B6-8149-1095-E063-4704A8C048D4}","145000","2025-10-31 00:00","PO30 1UJ","F","N","L","69A","","PYLE STREET","","NEWPORT","ISLE OF WIGHT","ISLE OF WIGHT","A","A"
"{44F406B6-814A-1095-E063-4704A8C048D4}","157500","2025-11-14 00:00","PO32 6SA","T","N","F","19","","ALFRED STREET","","EAST COWES","ISLE OF WIGHT","ISLE OF WIGHT","A","A"
"{44F406B6-814B-1095-E063-4704A8C048D4}","128000","2025-10-22 00:00","PO41 0XE","S","N","L","2","","THE VINEYARD","BOULDNOR","YARMOUTH","ISLE OF WIGHT","ISLE OF WIGHT","A","A"
"{44F406B6-814C-1095-E063-4704A8C048D4}","77000","2025-10-31 00:00","PO33 1DT","F","N","L","40","FLAT 5","ALEXANDRA ROAD","","RYDE","ISLE OF WIGHT","ISLE OF WIGHT","A","A"
"{44F406B6-814D-1095-E063-4704A8C048D4}","270000","2025-10-21 00:00","PO36 9EZ","D","N","F","94","","FAIRFIELD GARDENS","","SANDOWN","ISLE OF WIGHT","ISLE OF WIGHT","A","A"
"{44F406B6-814E-1095-E063-4704A8C048D4}","135000","2025-05-16 00:00","PO30 1YG","F","N","L","22","","SYDNEY CLOSE","","NEWPORT","ISLE OF WIGHT","ISLE OF WIGHT","A","A"
"{44F406B6-814F-1095-E063-4704A8C048D4}","275000","2025-11-11 00:00","PO33 2DL","F","N","L","VICTORIA LODGE, 20","6","ST THOMAS STREET","","RYDE","ISLE OF WIGHT","ISLE OF WIGHT","A","A"
"{44F406B6-8150-1095-E063-4704A8C048D4}","440000","2025-11-21 00:00","PO34 5AT","F","N","L","SPRINGFIELD COURT","APARTMENT 1","SPRINGVALE ROAD","","SEAVIEW","ISLE OF WIGHT","ISLE OF WIGHT","A","A"
"{44F406B6-8151-1095-E063-4704A8C048D4}","145000","2025-11-07 00:00","PO30 2EE","F","N","L","CARSON MEWS","13","FAIRLEE ROAD","","NEWPORT","ISLE OF WIGHT","ISLE OF WIGHT","A","A"
"{44F406B6-8152-1095-E063-4704A8C048D4}","167000","2025-11-14 00:00","PO33 3PW","T","N","F","80","","SHERBOURNE AVENUE","","RYDE","ISLE OF WIGHT","ISLE OF WIGHT","A","A"
"{44F406B6-8153-1095-E063-4704A8C048D4}","365000","2025-05-23 00:00","PO30 5AR","T","N","F","55","","ALVINGTON ROAD","","NEWPORT","ISLE OF WIGHT","ISLE OF WIGHT","A","A"
"{44F406B6-8154-1095-E063-4704A8C048D4}","320000","2025-11-14 00:00","PO32 6PL","S","N","F","7","","OAK TREE WAY","","EAST COWES","ISLE OF WIGHT","ISLE OF WIGHT","A","A"
"{44F406B6-8155-1095-E063-4704A8C048D4}","180000","2025-10-28 00:00","PO32 6SE","T","N","F","29","","KINGS ROAD","","EAST COWES","ISLE OF WIGHT","ISLE OF WIGHT","A","A"
"{44F406B6-8156-1095-E063-4704A8C048D4}","53760","2025-06-30 00:00","PO36 9NY","F","N","L","4","","DOWNSVIEW","","SANDOWN","ISLE OF WIGHT","ISLE OF WIGHT","A","A"
"{44F406B6-8157-1095-E063-4704A8C048D4}","162500","2025-03-26 00:00","PO37 6DD","S","N","L","10","","SCINDE CRESCENT","","SHANKLIN","ISLE OF WIGHT","ISLE OF WIGHT","A","A"
"{44F406B6-8158-1095-E063-4704A8C048D4}","185000","2025-10-27 00:00","PO30 5EZ","T","N","F","60","","SNOWBERRY ROAD","","NEWPORT","ISLE OF WIGHT","ISLE OF WIGHT","A","A"
"{44F406B6-8159-1095-E063-4704A8C048D4}","198000","2025-10-31 00:00","PO31 7QA","T","N","F","20","","TENNYSON ROAD","","COWES","ISLE OF WIGHT","ISLE OF WIGHT","A","A"
"{44F406B6-815E-1095-E063-4704A8C048D4}","183500","2025-06-12 00:00","PO39 0AH","F","N","L","LINSTONE","FLAT 2","COLWELL ROAD","","TOTLAND BAY","ISLE OF WIGHT","ISLE OF WIGHT","A","A"
"{44F406B6-815A-1095-E063-4704A8C048D4}","470000","2025-05-13 00:00","PO30 5UD","D","N","F","MYRTLE COTTAGE","","","MARKS CORNER","NEWPORT","ISLE OF WIGHT","ISLE OF WIGHT","A","A"
"{44F406B6-815C-1095-E063-4704A8C048D4}","136000","2025-10-03 00:00","PO33 2TB","F","N","L","1","","SUN PLACE","","RYDE","ISLE OF WIGHT","ISLE OF WIGHT","A","A"
"{44F406B6-815D-1095-E063-4704A8C048D4}","225000","2025-10-20 00:00","PO38 3DS","S","N","F","BILLBARA","","CASTLE ROAD","WROXALL","VENTNOR","ISLE OF WIGHT","ISLE OF WIGHT","A","A"
"{44F406B6-815F-1095-E063-4704A8C048D4}","225000","2025-01-06 00:00","PO33 2EN","F","N","L","ROCK HOUSE, 50","FLAT B","GEORGE STREET","","RYDE","ISLE OF WIGHT","ISLE OF WIGHT","A","A"
"{44F406B6-8160-1095-E063-4704A8C048D4}","57000","2025-08-29 00:00","PO38 1ST","F","N","L","16C","","PIER STREET","","VENTNOR","ISLE OF WIGHT","ISLE OF WIGHT","B","A"
"{44F406B6-8161-1095-E063-4704A8C048D4}","262000","2025-11-12 00:00","PO31 7LH","S","N","F","36","","MOORGREEN ROAD","","COWES","ISLE OF WIGHT","ISLE OF WIGHT","A","A"
"{44F406B6-8163-1095-E063-4704A8C048D4}","96000","2025-09-12 00:00","PO30 2GA","T","N","L","35","","WELLESLEY WAY","","NEWPORT","ISLE OF WIGHT","ISLE OF WIGHT","A","A"
"{44F406B6-8166-1095-E063-4704A8C048D4}","372000","2025-01-14 00:00","PO31 8PT","D","N","F","63","","OXFORD STREET","","COWES","ISLE OF WIGHT","ISLE OF WIGHT","A","A"
"{44F406B6-8167-1095-E063-4704A8C048D4}","199000","2025-03-07 00:00","PO36 9AP","T","N","F","4","","BRIDGE MEAD MEWS","","SANDOWN","ISLE OF WIGHT","ISLE OF WIGHT","A","A"
"{44F406B6-8168-1095-E063-4704A8C048D4}","315000","2025-07-25 00:00","PO32 6FL","S","N","F","15","","ROYAL ARCHITECTS ROAD","","EAST COWES","ISLE OF WIGHT","ISLE OF WIGHT","A","A"
"{44F406B6-8169-1095-E063-4704A8C048D4}","127000","2025-11-12 00:00","PO34 5AJ","S","N","F","60","","SALTERNS BEACH BUNGALOWS","","SEAVIEW","ISLE OF WIGHT","ISLE OF WIGHT","A","A"
"{44F406B6-816B-1095-E063-4704A8C048D4}","425000","2025-05-30 00:00","PO41 0XY","D","N","F","TREE TOPS","","SOLENT ROAD","CRANMORE","YARMOUTH","ISLE OF WIGHT","ISLE OF WIGHT","A","A"
"{44F406B6-816C-1095-E063-4704A8C048D4}","130000","2025-10-24 00:00","PO37 6JN","F","N","L","42B","","HIGH STREET","","SHANKLIN","ISLE OF WIGHT","ISLE OF WIGHT","A","A"
"{44F406B6-816D-1095-E063-4704A8C048D4}","303000","2025-03-19 00:00","PO33 4DR","D","N","F","WOODVALE","","MAIN ROAD","HAVENSTREET","RYDE","ISLE OF WIGHT","ISLE OF WIGHT","A","A"
"{44F406B6-816E-1095-E063-4704A8C048D4}","222000","2025-10-31 00:00","PO32 6AJ","T","N","F","8","","OLD ROAD","","EAST COWES","ISLE OF WIGHT","ISLE OF WIGHT","A","A"
"{44F406B6-816F-1095-E063-4704A8C048D4}","268000","2025-11-07 00:00","PO30 2FX","S","N","F","8","","SAXON CLOSE","","NEWPORT","ISLE OF WIGHT","ISLE OF WIGHT","A","A"
"{44F406B6-8170-1095-E063-4704A8C048D4}","310000","2025-10-10 00:00","PO31 8LS","S","N","F","139D","","PALLANCE ROAD","NORTHWOOD","COWES","ISLE OF WIGHT","ISLE OF WIGHT","A","A"
"{44F406B6-8171-1095-E063-4704A8C048D4}","510000","2025-10-10 00:00","PO32 6FQ","D","N","F","14","","GRACE WOODFORD DRIVE","","EAST COWES","ISLE OF WIGHT","ISLE OF WIGHT","A","A"
"{44F406B6-8172-1095-E063-4704A8C048D4}","113000","2025-10-23 00:00","PO33 2SU","F","N","F","77A","","HIGH STREET","","RYDE","ISLE OF WIGHT","ISLE OF WIGHT","A","A"
"{44F406B6-8173-1095-E063-4704A8C048D4}","510000","2025-03-14 00:00","PO30 1AL","D","N","F","11A","","DAIRY LANE","","NEWPORT","ISLE OF WIGHT","ISLE OF WIGHT","A","A"
"{44F406B6-8174-1095-E063-4704A8C048D4}","85000","2025-11-07 00:00","PO37 7AP","F","N","L","76A","","REGENT STREET","","SHANKLIN","ISLE OF WIGHT","ISLE OF WIGHT","A","A"
"{44F406B6-8176-1095-E063-4704A8C048D4}","95000","2025-10-31 00:00","PO39 0BD","F","N","L","LILLIPUT COURT","FLAT 10","WARD ROAD","","TOTLAND BAY","ISLE OF WIGHT","ISLE OF WIGHT","A","A"
"{44F406B6-8177-1095-E063-4704A8C048D4}","170000","2025-03-26 00:00","PO30 2NJ","D","N","F","SEDUM COTTAGE","","BUCKBURY LANE","","NEWPORT","ISLE OF WIGHT","ISLE OF WIGHT","B","A"
"{44F406B6-8179-1095-E063-4704A8C048D4}","210000","2025-10-31 00:00","PO31 7QS","F","N","L","OSBORNE COURT","FLAT 27","THE PARADE","","COWES","ISLE OF WIGHT","ISLE OF WIGHT","A","A"
"{44F406B6-817A-1095-E063-4704A8C048D4}","500000","2025-11-20 00:00","PO38 1PT","D","N","F","12","","LEESON ROAD","BONCHURCH","VENTNOR","ISLE OF WIGHT","ISLE OF WIGHT","A","A"
"{44F406B6-817B-1095-E063-4704A8C048D4}","585000","2025-11-18 00:00","PO33 4AF","D","N","F","7","","HUNTERS MOON CLOSE","WOOTTON BRIDGE","RYDE","ISLE OF WIGHT","ISLE OF WIGHT","A","A"
"{44F406B6-817C-1095-E063-4704A8C048D4}","237000","2025-11-03 00:00","PO30 2GN","T","N","F","109","","WINTERGREEN GARDENS","","NEWPORT","ISLE OF WIGHT","ISLE OF WIGHT","A","A"
"{44F406B6-817E-1095-E063-4704A8C048D4}","115000","2025-08-26 00:00","PO30 5NZ","S","N","L","80","","ALVINGTON MANOR VIEW","","NEWPORT","ISLE OF WIGHT","ISLE OF WIGHT","A","A"
"{44F406B6-817F-1095-E063-4704A8C048D4}","274375","2025-10-27 00:00","PO37 6QN","D","N","F","105","","VICTORIA AVENUE","","SHANKLIN","ISLE OF WIGHT","ISLE OF WIGHT","A","A"
"{44F406B6-8180-1095-E063-4704A8C048D4}","117000","2025-03-31 00:00","PO33 1GF","T","N","L","32","","MAPLE LEAF AVENUE","","RYDE","ISLE OF WIGHT","ISLE OF WIGHT","A","A"
"{44F406B6-8181-1095-E063-4704A8C048D4}","310000","2025-06-02 00:00","PO33 3UT","D","N","F","152","","BINSTEAD LODGE ROAD","BINSTEAD","RYDE","ISLE OF WIGHT","ISLE OF WIGHT","A","A"
"{44F406B6-8182-1095-E063-4704A8C048D4}","117000","2025-01-24 00:00","PO33 1LF","F","N","L","RAVENSWOOD","FLAT F","APPLEY RISE","","RYDE","ISLE OF WIGHT","ISLE OF WIGHT","A","A"
"{44F406B6-8187-1095-E063-4704A8C048D4}","175000","2025-06-27 00:00","PO33 2PB","F","N","L","RYDE COURT","FLAT 8","ST THOMAS STREET","","RYDE","ISLE OF WIGHT","ISLE OF WIGHT","A","A"
"{44F406B6-8183-1095-E063-4704A8C048D4}","166000","2025-04-25 00:00","PO32 6QL","S","N","L","5","","PRINCESS CLOSE","","EAST COWES","ISLE OF WIGHT","ISLE OF WIGHT","A","A"
"{44F406B6-8184-1095-E063-4704A8C048D4}","238000","2025-10-31 00:00","PO31 7HB","S","N","F","30","","ELM GROVE","","COWES","ISLE OF WIGHT","ISLE OF WIGHT","A","A"
"{44F406B6-8186-1095-E063-4704A8C048D4}","400000","2025-10-31 00:00","PO31 7EB","S","N","F","17","","MILL HILL ROAD","","COWES","ISLE OF WIGHT","ISLE OF WIGHT","A","A"
"{44F406B6-818F-1095-E063-4704A8C048D4}","303000","2025-01-13 00:00","PO37 6EA","S","N","F","13","","HOPE ROAD","","SHANKLIN","ISLE OF WIGHT","ISLE OF WIGHT","A","A"
"{44F406B6-8190-1095-E063-4704A8C048D4}","210000","2025-01-31 00:00","PO37 7NP","T","N","L","9","","ORCHARDLEIGH ROAD","","SHANKLIN","ISLE OF WIGHT","ISLE OF WIGHT","A","A"
"{44F406B6-8191-1095-E063-4704A8C048D4}","290000","2025-02-14 00:00","PO30 5AR","D","N","F","69","","ALVINGTON ROAD","","NEWPORT","ISLE OF WIGHT","ISLE OF WIGHT","A","A"
"{44F406B6-8193-1095-E063-4704A8C048D4}","510000","2025-06-30 00:00","PO33 4DD","D","N","F","RONDAVEL","","PONDCAST LANE","HAVENSTREET","RYDE","ISLE OF WIGHT","ISLE OF WIGHT","A","A"
"{44F406B6-8196-1095-E063-4704A8C048D4}","197500","2025-03-25 00:00","PO40 9DN","S","N","F","45","","EDINBURGH ROAD","","FRESHWATER","ISLE OF WIGHT","ISLE OF WIGHT","A","A"
"{44F406B6-8197-1095-E063-4704A8C048D4}","152500","2025-10-24 00:00","PO37 7DZ","T","N","F","30","","CORONATION GARDENS","","SHANKLIN","ISLE OF WIGHT","ISLE OF WIGHT","A","A"
"{44F406B6-769A-1095-E063-4704A8C048D4}","260000","2025-04-30 00:00","PO30 2JA","S","N","F","12","","CYNTHIA GROVE","","NEWPORT","ISLE OF WIGHT","ISLE OF WIGHT","A","A"
"{44F406B6-7919-1095-E063-4704A8C048D4}","165000","2025-11-10 00:00","PO33 1JH","F","N","L","SALSETTE COURT, 30","FLAT 1","THE STRAND","","RYDE","ISLE OF WIGHT","ISLE OF WIGHT","A","A"
"{44F406B6-7932-1095-E063-4704A8C048D4}","230000","2025-01-06 00:00","PO33 4JB","S","N","F","17","","ST EDMUNDS WALK","WOOTTON BRIDGE","RYDE","ISLE OF WIGHT","ISLE OF WIGHT","A","A"
"{44F406B6-7934-1095-E063-4704A8C048D4}","460000","2025-10-31 00:00","PO33 3BJ","D","N","F","3","","WESTWOOD ROAD","","RYDE","ISLE OF WIGHT","ISLE OF WIGHT","A","A"
"{44F406B6-7938-1095-E063-4704A8C048D4}","115000","2025-10-16 00:00","PO33 1JH","F","N","L","SALSETTE COURT, 30","FLAT 3","THE STRAND","","RYDE","ISLE OF WIGHT","ISLE OF WIGHT","A","A"
"{44F406B6-772A-1095-E063-4704A8C048D4}","320000","2025-11-03 00:00","PO38 1TQ","S","N","F","2","","SUSSEX VILLAS","","VENTNOR","ISLE OF WIGHT","ISLE OF WIGHT","A","A"
"{36A61A94-A33A-DEF2-E063-4704A8C046AE}","475000","2025-03-31 00:00","PO31 8BB","F","N","L","GRANTHAM COURT, 10","FLAT 3","QUEENS ROAD","","COWES","ISLE OF WIGHT","ISLE OF WIGHT","A","C"
"{2F7F2B43-D227-E08F-E063-4804A8C05A49}","767500","2025-02-07 00:00","PO37 6HS","O","N","F","37","","LITTLESTAIRS ROAD","","SHANKLIN","ISLE OF WIGHT","ISLE OF WIGHT","B","C"
"{3B5CE841-D4CD-EE3A-E063-4804A8C0D6F1}","145000","2025-06-02 00:00","PO36 9AR","T","N","F","5","","THE CLOISTERS","","SANDOWN","ISLE OF WIGHT","ISLE OF WIGHT","A","D"
"{42C129E4-A986-60A9-E063-4804A8C0C25D}","145000","2025-10-08 00:00","PO33 2PU","T","N","L","23","","VICTORIA STREET","","RYDE","ISLE OF WIGHT","ISLE OF WIGHT","A","D"
