"{A5D6F2A8-2236-4C0E-8B81-B3F1C153C737}","185000","2004-01-14 00:00","PO41 0QJ","D","N","F","NORTON COTTAGE","","TENNYSON ROAD","","YARMOUTH","ISLE OF WIGHT","ISLE OF WIGHT","A","C"
"{585C6318-1B8A-4D13-94EA-29D9D16272A9}","72500","2004-03-26 00:00","PO38 1LT","F","N","L","50A","FLAT 2","HIGH STREET","","VENTNOR","ISLE OF WIGHT","ISLE OF WIGHT","A","C"
"{D2C20CB6-7EFA-4E8C-A0D4-EAD3AD81F005}","77000","2003-04-17 00:00","PO38 1LT","F","N","L","50A","FLAT 1","HIGH STREET","","VENTNOR","ISLE OF WIGHT","ISLE OF WIGHT","A","C"
"{25EA59F9-D225-4D50-E050-A8C0630562D0}","275000","2007-05-14 00:00","PO32 6BD","S","N","L","THE VICTORIA CENTRE","","YORK AVENUE","","EAST COWES","ISLE OF WIGHT","ISLE OF WIGHT","A","C"
"{25EA59F9-D226-4D50-E050-A8C0630562D0}","450000","2007-10-03 00:00","PO32 6BD","S","N","L","THE VICTORIA CENTRE","","YORK AVENUE","","EAST COWES","ISLE OF WIGHT","ISLE OF WIGHT","A","C"
"{8986E82B-AD3B-4C3D-8428-7BA6167A8D24}","495000","2007-04-30 00:00","PO30 1AY","D","N","F","CASTLE VIEW","3","CLATTERFORD ROAD","","NEWPORT","ISLE OF WIGHT","ISLE OF WIGHT","A","C"
"{C4B36DAC-84E1-450F-98A1-F165E55FBCAF}","155000","2003-05-14 00:00","PO41 0QN","S","N","F","SOUTHFORD","1","TENNYSON ROAD","","YARMOUTH","ISLE OF WIGHT","ISLE OF WIGHT","A","C"
"{064ECECD-4FBB-407F-9465-FE7F1D6A9EF0}","390000","2001-07-31 00:00","PO30 1AY","D","N","F","CASTLE VIEW","3","CLATTERFORD ROAD","","NEWPORT","ISLE OF WIGHT","ISLE OF WIGHT","A","C"
"{34222872-61E8-4D2B-E063-4704A8C07853}","368000","2022-10-13 00:00","PO32 6GQ","D","N","F","29","","ST WILFRED DRIVE","","EAST COWES","ISLE OF WIGHT","ISLE OF WIGHT","A","A"
"{4ABE1A21-061C-4975-B7D8-89723CA14CCB}","85000","2005-06-01 00:00","PO38 1LT","F","N","L","50A","FLAT 1","HIGH STREET","","VENTNOR","ISLE OF WIGHT","ISLE OF WIGHT","A","C"
"{34222873-235C-4D2B-E063-4704A8C07853}","435000","2022-03-18 00:00","PO30 1UX","D","N","F","19","","ST JAMES SQUARE","","NEWPORT","ISLE OF WIGHT","ISLE OF WIGHT","B","A"
"{55BDCAE6-D8B5-521D-E053-6B04A8C0DD7A}","575000","2017-06-30 00:00","PO30 1AY","O","N","F","CASTLE VIEW","3","CLATTERFORD ROAD","","NEWPORT","ISLE OF WIGHT","ISLE OF WIGHT","B","C"
"{045A1898-ACD3-9A24-E063-4804A8C048EA}","330000","2022-01-25 00:00","PO32 6BD","T","N","F","OSBORNE COTTAGE","THISTLEDOWN","YORK AVENUE","","EAST COWES","ISLE OF WIGHT","ISLE OF WIGHT","A","C"
"{34222873-2365-4D2B-E063-4704A8C07853}","355000","2019-04-23 00:00","PO38 3LH","O","N","F","BRIARS BARN","","","ROUD","VENTNOR","ISLE OF WIGHT","ISLE OF WIGHT","B","A"
"{666758D6-E6C0-3363-E053-6B04A8C0D74E}","50000","2017-11-08 00:00","PO32 6BD","F","N","L","OSBORNE COTTAGE","MEADOW VIEW","YORK AVENUE","","EAST COWES","ISLE OF WIGHT","ISLE OF WIGHT","A","C"
"{81EAEB91-8891-4DFC-995A-D9B62CB5AB64}","28500","2000-02-24 00:00","PO38 1LT","F","N","L","50A","FLAT 1","HIGH STREET","","VENTNOR","ISLE OF WIGHT","ISLE OF WIGHT","A","C"
"{57E018DC-6C90-40A9-91DA-266E8FC4CEDF}","55000","1997-02-18 00:00","PO32 6BD","D","N","F","155","","YORK AVENUE","","EAST COWES","ISLE OF WIGHT","ISLE OF WIGHT","A","C"
"{484F4A20-30A1-4712-ABB0-F3137734144B}","17000","1996-01-12 00:00","PO38 1LT","F","N","L","50A","FLAT 1","HIGH STREET","","VENTNOR","ISLE OF WIGHT","ISLE OF WIGHT","A","C"
"{2D1E4B26-673F-FCD1-E050-A8C0630544EC}","100000","2015-08-27 00:00","PO32 6BD","T","N","L","THE VICTORIA CENTRE","","YORK AVENUE","","EAST COWES","ISLE OF WIGHT","ISLE OF WIGHT","A","C"
"{34222873-2359-4D2B-E063-4704A8C07853}","25000","2023-09-22 00:00","PO33 2DU","O","N","F","19","","UNION STREET","","RYDE","ISLE OF WIGHT","ISLE OF WIGHT","B","A"
"{34222873-109B-4D2B-E063-4704A8C07853}","233","2023-12-01 00:00","","O","N","F","PLOT C015","","ISLE OF WIGHT LANE","KENSWORTH","DUNSTABLE","CENTRAL BEDFORDSHIRE","CENTRAL BEDFORDSHIRE","B","A"
"{F8B88665-248C-455B-B30F-96E987ADF285}","11250","1995-03-07 00:00","PO38 1LT","F","N","L","50A","FLAT 2","HIGH STREET","","VENTNOR","ISLE OF WIGHT","ISLE OF WIGHT","A","C"
"{FAC30767-2D97-5E20-E053-4704A8C004EE}","425000","2021-07-23 00:00","PO38 2PY","D","N","F","WHITWELL FARM","","HIGH STREET","WHITWELL","VENTNOR","ISLE OF WIGHT","ISLE OF WIGHT","A","C"
"{D4D42646-C71E-27F6-E053-6C04A8C0A572}","540000","2021-06-24 00:00","PO30 1AY","O","N","F","CASTLE VIEW","3","CLATTERFORD ROAD","","NEWPORT","ISLE OF WIGHT","ISLE OF WIGHT","B","C"
"{34222872-587C-4D2B-E063-4704A8C07853}","350000","2024-03-07 00:00","PO33 4NJ","D","N","F","11","","NORMAN WAY","WOOTTON BRIDGE","RYDE","ISLE OF WIGHT","ISLE OF WIGHT","A","A"
"{34222872-58B1-4D2B-E063-4704A8C07853}","264000","2024-05-09 00:00","PO33 4QQ","D","N","F","10","","RECTORY DRIVE","WOOTTON BRIDGE","RYDE","ISLE OF WIGHT","ISLE OF WIGHT","A","A"
"{34222872-61E3-4D2B-E063-4704A8C07853}","285000","2023-09-15 00:00","PO32 6BD","F","N","F","OSBORNE COTTAGE","OSBORNE VIEW","YORK AVENUE","","EAST COWES","ISLE OF WIGHT","ISLE OF WIGHT","A","A"
"{34222872-61F7-4D2B-E063-4704A8C07853}","115000","2023-07-07 00:00","PO36 8LT","F","N","L","17","FLAT 3","BEACHFIELD ROAD","","SANDOWN","ISLE OF WIGHT","ISLE OF WIGHT","A","A"
"{2E5DCB88-D3EB-4465-A1BA-2F0527D6D8A8}","325000","2009-10-26 00:00","PO41 0QN","S","N","F","SOUTHFORD","1","TENNYSON ROAD","","YARMOUTH","ISLE OF WIGHT","ISLE OF WIGHT","A","C"
"{25E9DA81-D9BD-555E-E063-4704A8C066F2}","180000","2023-03-09 00:00","PO31 7QJ","O","N","L","NUMBER ONE","UNIT 5","THE PARADE","","COWES","ISLE OF WIGHT","ISLE OF WIGHT","B","D"
"{25E9DA81-D9BE-555E-E063-4704A8C066F2}","65000","2023-03-09 00:00","PO31 7QJ","O","N","L","NUMBER ONE","UNIT 5","THE PARADE","","COWES","ISLE OF WIGHT","ISLE OF WIGHT","B","D"
"{34222872-6155-4D2B-E063-4704A8C07853}","425000","2024-08-12 00:00","PO37 7JG","D","N","F","13","","PIERRELLEN GARDENS","","SHANKLIN","ISLE OF WIGHT","ISLE OF WIGHT","A","A"
"{34222872-615C-4D2B-E063-4704A8C07853}","445000","2024-12-17 00:00","PO37 7DT","D","N","F","41","","SANDY LANE","","SHANKLIN","ISLE OF WIGHT","ISLE OF WIGHT","A","A"
"{34222872-6169-4D2B-E063-4704A8C07853}","228000","2024-07-08 00:00","PO38 1AP","S","N","F","24","","LOWTHERVILLE ROAD","","VENTNOR","ISLE OF WIGHT","ISLE OF WIGHT","A","A"
"{34222872-616C-4D2B-E063-4704A8C07853}","212500","2024-11-01 00:00","PO30 1EE","T","N","F","17","","TERRACE ROAD","","NEWPORT","ISLE OF WIGHT","ISLE OF WIGHT","A","A"
"{34222872-6172-4D2B-E063-4704A8C07853}","180000","2024-11-21 00:00","PO36 9HN","S","N","F","45","","LAKE GREEN ROAD","","SANDOWN","ISLE OF WIGHT","ISLE OF WIGHT","A","A"
"{34222872-6177-4D2B-E063-4704A8C07853}","779000","2024-11-14 00:00","PO37 7PN","S","N","F","APSEWOOD COTTAGE","","APSE MANOR ROAD","","SHANKLIN","ISLE OF WIGHT","ISLE OF WIGHT","A","A"
"{34222872-6192-4D2B-E063-4704A8C07853}","360000","2024-07-31 00:00","PO31 7TR","D","N","F","REGENT HOUSE","","MARKET HILL","","COWES","ISLE OF WIGHT","ISLE OF WIGHT","A","A"
"{34222872-6179-4D2B-E063-4704A8C07853}","310000","2024-06-04 00:00","PO30 5DR","S","N","F","21","","ALDERBURY ROAD","","NEWPORT","ISLE OF WIGHT","ISLE OF WIGHT","A","A"
"{34222872-617C-4D2B-E063-4704A8C07853}","215000","2024-08-01 00:00","PO36 8NL","T","N","F","3","","SUNNYSIDE GARDENS","","SANDOWN","ISLE OF WIGHT","ISLE OF WIGHT","A","A"
"{34222872-6186-4D2B-E063-4704A8C07853}","260000","2024-06-19 00:00","PO33 1DB","D","N","F","127","","GREAT PRESTON ROAD","","RYDE","ISLE OF WIGHT","ISLE OF WIGHT","B","A"
"{34222872-619E-4D2B-E063-4704A8C07853}","300000","2024-12-09 00:00","PO40 9LT","S","N","F","6","","HEATH VILLAS","","FRESHWATER","ISLE OF WIGHT","ISLE OF WIGHT","A","A"
"{34222872-61A3-4D2B-E063-4704A8C07853}","380000","2024-12-05 00:00","PO37 7LD","D","N","F","45","","BROOK ROAD","","SHANKLIN","ISLE OF WIGHT","ISLE OF WIGHT","A","A"
"{34222872-61A4-4D2B-E063-4704A8C07853}","191500","2024-02-09 00:00","PO33 2PD","T","N","L","37","","BRIGSTOCKE TERRACE","","RYDE","ISLE OF WIGHT","ISLE OF WIGHT","A","A"
"{34222872-61A6-4D2B-E063-4704A8C07853}","600000","2024-11-29 00:00","PO35 5XW","S","N","F","34","","FORELAND ROAD","","BEMBRIDGE","ISLE OF WIGHT","ISLE OF WIGHT","A","A"
"{34222872-61B1-4D2B-E063-4704A8C07853}","215000","2024-11-25 00:00","PO30 5PQ","S","N","F","56","","STANDEN AVENUE","CAMP HILL","NEWPORT","ISLE OF WIGHT","ISLE OF WIGHT","A","A"
"{34222872-61B2-4D2B-E063-4704A8C07853}","332500","2024-07-30 00:00","PO37 7PR","D","N","F","5","","UPPER HYDE LANE","","SHANKLIN","ISLE OF WIGHT","ISLE OF WIGHT","A","A"
"{34222872-61B4-4D2B-E063-4704A8C07853}","520000","2024-11-15 00:00","PO40 9SL","D","N","F","BRAMBLES CORNER","","COLWELL ROAD","","FRESHWATER","ISLE OF WIGHT","ISLE OF WIGHT","A","A"
"{34222872-61BD-4D2B-E063-4704A8C07853}","229500","2024-12-05 00:00","PO38 1NE","T","N","F","17","","CLARENCE ROAD","","VENTNOR","ISLE OF WIGHT","ISLE OF WIGHT","A","A"
"{34222872-61C7-4D2B-E063-4704A8C07853}","165000","2024-10-21 00:00","PO30 5PW","F","N","L","MEDINA COURT","2","OLD WESTMINSTER LANE","","NEWPORT","ISLE OF WIGHT","ISLE OF WIGHT","A","A"
"{34222872-61CA-4D2B-E063-4704A8C07853}","580000","2024-02-23 00:00","PO33 3SU","T","N","F","THE PITTS","THE COTTAGE","PITTS LANE","","RYDE","ISLE OF WIGHT","ISLE OF WIGHT","A","A"
"{34222872-61CC-4D2B-E063-4704A8C07853}","680000","2024-12-04 00:00","PO33 3AQ","D","N","F","9A","","NORTHWOOD DRIVE","","RYDE","ISLE OF WIGHT","ISLE OF WIGHT","A","A"
"{34222872-61CF-4D2B-E063-4704A8C07853}","467000","2024-08-16 00:00","PO36 0EN","D","N","F","ANEMOEN","","MORTON OLD ROAD","BRADING","SANDOWN","ISLE OF WIGHT","ISLE OF WIGHT","A","A"
"{34222872-61D0-4D2B-E063-4704A8C07853}","235000","2024-12-10 00:00","PO36 9LF","S","N","F","71","","SANDOWN ROAD","LAKE","SANDOWN","ISLE OF WIGHT","ISLE OF WIGHT","A","A"
"{34222872-61D8-4D2B-E063-4704A8C07853}","1115000","2024-11-28 00:00","PO31 8JY","D","N","F","21","","SOLENT VIEW ROAD","GURNARD","COWES","ISLE OF WIGHT","ISLE OF WIGHT","A","A"
"{34222872-61DE-4D2B-E063-4704A8C07853}","117250","2024-11-27 00:00","PO30 1LW","F","N","L","53A","","ST JOHNS ROAD","","NEWPORT","ISLE OF WIGHT","ISLE OF WIGHT","A","A"
"{34222872-61E2-4D2B-E063-4704A8C07853}","217000","2024-12-11 00:00","PO38 1PL","F","N","L","MERTOUN","FLAT 2","ST BONIFACE ROAD","","VENTNOR","ISLE OF WIGHT","ISLE OF WIGHT","A","A"
"{34222872-61E7-4D2B-E063-4704A8C07853}","200000","2024-03-22 00:00","PO30 2FE","T","N","F","9","","BEAUCHAMP DRIVE","","NEWPORT","ISLE OF WIGHT","ISLE OF WIGHT","A","A"
"{34222872-61E9-4D2B-E063-4704A8C07853}","109000","2024-09-20 00:00","PO40 9SZ","S","N","F","207","","BRAMBLES CHINE","","FRESHWATER","ISLE OF WIGHT","ISLE OF WIGHT","A","A"
"{34222872-61EC-4D2B-E063-4704A8C07853}","355000","2024-07-02 00:00","PO34 5BA","F","N","L","DUDLEY HOUSE","FLAT 1","MADEIRA ROAD","","SEAVIEW","ISLE OF WIGHT","ISLE OF WIGHT","A","A"
"{34222872-61EE-4D2B-E063-4704A8C07853}","495000","2024-10-30 00:00","PO30 4LT","D","N","F","MIGHTY FINE","","NEW ROAD","PORCHFIELD","NEWPORT","ISLE OF WIGHT","ISLE OF WIGHT","A","A"
"{34222872-61F5-4D2B-E063-4704A8C07853}","260000","2024-08-19 00:00","PO31 8JG","D","N","F","36","","LOWER CHURCH ROAD","","COWES","ISLE OF WIGHT","ISLE OF WIGHT","A","A"
"{34222872-61F9-4D2B-E063-4704A8C07853}","895000","2024-03-05 00:00","PO31 8JQ","D","N","F","63","","MARSH ROAD","","COWES","ISLE OF WIGHT","ISLE OF WIGHT","A","A"
"{34222872-61FA-4D2B-E063-4704A8C07853}","135000","2024-03-15 00:00","PO37 6JY","F","N","L","26A","","HIGH STREET","","SHANKLIN","ISLE OF WIGHT","ISLE OF WIGHT","A","A"
"{34222872-61FB-4D2B-E063-4704A8C07853}","87500","2024-02-23 00:00","PO30 5LT","F","N","L","52A","","ASH LANE","","NEWPORT","ISLE OF WIGHT","ISLE OF WIGHT","A","A"
"{34222872-61FC-4D2B-E063-4704A8C07853}","230000","2024-03-28 00:00","PO38 3NN","S","N","F","3","","HIGHWOOD LANE","ROOKLEY","VENTNOR","ISLE OF WIGHT","ISLE OF WIGHT","A","A"
"{34222872-61FD-4D2B-E063-4704A8C07853}","145000","2024-04-11 00:00","PO30 5TY","D","N","F","PLOT 4","","NOKE COMMON","","NEWPORT","ISLE OF WIGHT","ISLE OF WIGHT","A","A"
"{34222872-61FE-4D2B-E063-4704A8C07853}","205000","2024-03-22 00:00","PO31 7EL","S","N","F","144","","MILL HILL ROAD","","COWES","ISLE OF WIGHT","ISLE OF WIGHT","A","A"
"{34222872-61FF-4D2B-E063-4704A8C07853}","240000","2024-03-28 00:00","PO31 7UB","S","N","F","50","","PLACE ROAD","","COWES","ISLE OF WIGHT","ISLE OF WIGHT","A","A"
"{34222872-6200-4D2B-E063-4704A8C07853}","130000","2024-03-27 00:00","PO30 5QR","F","N","L","8A","","SYLVAN DRIVE","","NEWPORT","ISLE OF WIGHT","ISLE OF WIGHT","A","A"
"{34222872-6201-4D2B-E063-4704A8C07853}","235000","2024-02-19 00:00","PO35 5NN","D","N","F","SEAFOLD","","STATION ROAD","","BEMBRIDGE","ISLE OF WIGHT","ISLE OF WIGHT","A","A"
"{34222872-6205-4D2B-E063-4704A8C07853}","380000","2024-05-31 00:00","PO30 1AY","S","N","F","CASTLE VIEW","4","CLATTERFORD ROAD","","NEWPORT","ISLE OF WIGHT","ISLE OF WIGHT","A","A"
"{34222872-6202-4D2B-E063-4704A8C07853}","190000","2024-03-28 00:00","PO40 9DQ","D","N","F","3","","PARKWAY","","FRESHWATER","ISLE OF WIGHT","ISLE OF WIGHT","A","A"
"{34222872-6203-4D2B-E063-4704A8C07853}","129925","2024-04-05 00:00","PO38 3LU","S","N","L","ROOKLEY COUNTRY PARK","UNIT 37","MAIN ROAD","ROOKLEY","VENTNOR","ISLE OF WIGHT","ISLE OF WIGHT","A","A"
"{34222872-6204-4D2B-E063-4704A8C07853}","450000","2024-04-12 00:00","PO36 8QD","D","N","F","1","","MEADOW WAY","","SANDOWN","ISLE OF WIGHT","ISLE OF WIGHT","A","A"
"{34222872-6206-4D2B-E063-4704A8C07853}","322500","2024-06-12 00:00","PO30 4EN","D","Y","F","15","","WILLIAM FOX AVENUE","BRIGHSTONE","NEWPORT","ISLE OF WIGHT","ISLE OF WIGHT","A","A"
"{34222872-6207-4D2B-E063-4704A8C07853}","203000","2024-11-29 00:00","PO30 5GZ","T","N","F","18","","BOWDENS MEAD CLOSE","","NEWPORT","ISLE OF WIGHT","ISLE OF WIGHT","A","A"
"{34222872-6208-4D2B-E063-4704A8C07853}","735000","2024-07-19 00:00","PO33 1FS","D","N","F","17","","WISHING WELL CLOSE","","RYDE","ISLE OF WIGHT","ISLE OF WIGHT","A","A"
"{34222872-620A-4D2B-E063-4704A8C07853}","206000","2024-10-01 00:00","PO33 3NN","S","Y","F","14","","MEADOWBROOK","","RYDE","ISLE OF WIGHT","ISLE OF WIGHT","A","A"
"{34222872-620B-4D2B-E063-4704A8C07853}","145000","2024-11-12 00:00","PO30 5TY","D","N","F","33","","NOKE COMMON","","NEWPORT","ISLE OF WIGHT","ISLE OF WIGHT","A","A"
"{34222872-620C-4D2B-E063-4704A8C07853}","495000","2024-12-13 00:00","PO35 5PP","D","N","F","8","","TURNSTONE DRIVE","","BEMBRIDGE","ISLE OF WIGHT","ISLE OF WIGHT","A","A"
"{34222872-5C0A-4D2B-E063-4704A8C07853}","130000","2024-11-18 00:00","PO32 6LS","F","N","L","53","","BARTON CLOSE","WHIPPINGHAM","EAST COWES","ISLE OF WIGHT","ISLE OF WIGHT","A","A"
"{34222872-5C0B-4D2B-E063-4704A8C07853}","215000","2024-08-16 00:00","PO31 7NS","T","N","F","15","","WESTWOOD CLOSE","","COWES","ISLE OF WIGHT","ISLE OF WIGHT","A","A"
"{34222873-21D8-4D2B-E063-4704A8C07853}","440000","2025-03-31 00:00","PO35 5QS","D","N","F","5","","DOWNS VIEW ROAD","","BEMBRIDGE","ISLE OF WIGHT","ISLE OF WIGHT","B","A"
"{34222873-2351-4D2B-E063-4704A8C07853}","413000","2025-01-31 00:00","PO37 6PW","O","N","F","21","","VICTORIA AVENUE","","SHANKLIN","ISLE OF WIGHT","ISLE OF WIGHT","B","A"
"{34222873-2355-4D2B-E063-4704A8C07853}","277000","2025-03-31 00:00","PO36 9DQ","D","N","F","5","","BROADWAY","","SANDOWN","ISLE OF WIGHT","ISLE OF WIGHT","B","A"
"{34222873-2358-4D2B-E063-4704A8C07853}","135000","2025-03-31 00:00","PO38 1SQ","F","N","L","PALMERSTON HOUSE","FLAT 1","HAMBROUGH ROAD","","VENTNOR","ISLE OF WIGHT","ISLE OF WIGHT","B","A"
"{34222873-235A-4D2B-E063-4704A8C07853}","495000","2025-03-12 00:00","PO31 8BN","O","N","F","4","FLAT 1","CLIFF ROAD","","COWES","ISLE OF WIGHT","ISLE OF WIGHT","B","A"
"{34222873-235B-4D2B-E063-4704A8C07853}","175000","2025-03-03 00:00","PO33 1DR","F","N","L","ELM COURT","FLAT 3","GREAT PRESTON ROAD","","RYDE","ISLE OF WIGHT","ISLE OF WIGHT","B","A"
"{34222873-235D-4D2B-E063-4704A8C07853}","550000","2025-03-31 00:00","PO33 3FF","D","N","F","FAIRWAYS","","RYDE HOUSE DRIVE","","RYDE","ISLE OF WIGHT","ISLE OF WIGHT","B","A"
"{34222873-235F-4D2B-E063-4704A8C07853}","102000","2025-02-28 00:00","PO30 1JA","F","N","L","PROVIDENCE CORNER, 37","FLAT 11","PYLE STREET","","NEWPORT","ISLE OF WIGHT","ISLE OF WIGHT","B","A"
"{34222873-2360-4D2B-E063-4704A8C07853}","225000","2025-04-02 00:00","PO31 7FX","T","N","F","16","","THE SIDINGS","","COWES","ISLE OF WIGHT","ISLE OF WIGHT","B","A"
"{34222873-2363-4D2B-E063-4704A8C07853}","285000","2025-03-31 00:00","PO36 8HL","S","N","F","67","","STATION AVENUE","","SANDOWN","ISLE OF WIGHT","ISLE OF WIGHT","B","A"
"{34222873-2364-4D2B-E063-4704A8C07853}","69000","2025-04-16 00:00","PO33 1GD","F","N","L","32","FLAT 10","OAK VALE","OAKFIELD","RYDE","ISLE OF WIGHT","ISLE OF WIGHT","B","A"
"{34222873-2369-4D2B-E063-4704A8C07853}","395000","2025-03-31 00:00","PO33 1DQ","D","N","F","HONEY SUCKLE","","VICTORIA CRESCENT","ELMFIELD","RYDE","ISLE OF WIGHT","ISLE OF WIGHT","B","A"
"{2131FCF6-1971-86E8-E063-4804A8C0372B}","94000","2024-08-09 00:00","PO37 7JE","F","N","L","LANGTHORNE, 3","FLAT 6","WITBANK GARDENS","","SHANKLIN","ISLE OF WIGHT","ISLE OF WIGHT","A","A"
"{34222872-5A93-4D2B-E063-4704A8C07853}","255000","2025-03-31 00:00","PO36 9BX","D","N","F","47","","PEROWNE WAY","","SANDOWN","ISLE OF WIGHT","ISLE OF WIGHT","A","A"
"{34222872-5A94-4D2B-E063-4704A8C07853}","260000","2025-03-07 00:00","PO36 9BX","D","N","F","35","","PEROWNE WAY","","SANDOWN","ISLE OF WIGHT","ISLE OF WIGHT","A","A"
"{34222873-2352-4D2B-E063-4704A8C07853}","1550000","2024-07-24 00:00","PO37 6BJ","O","N","L","35","","ESPLANADE","","SHANKLIN","ISLE OF WIGHT","ISLE OF WIGHT","B","A"
"{34222873-2353-4D2B-E063-4704A8C07853}","470000","2024-11-13 00:00","PO39 0EU","O","N","F","CORNERBROOK","","CHURCH HILL","","TOTLAND BAY","ISLE OF WIGHT","ISLE OF WIGHT","B","A"
"{34222873-2354-4D2B-E063-4704A8C07853}","170000","2024-12-18 00:00","PO30 5SA","S","N","F","23","","NORTHUMBERLAND ROAD","","NEWPORT","ISLE OF WIGHT","ISLE OF WIGHT","B","A"
"{34222873-2356-4D2B-E063-4704A8C07853}","275000","2024-10-22 00:00","PO30 1TX","O","N","F","135","","HIGH STREET","","NEWPORT","ISLE OF WIGHT","ISLE OF WIGHT","B","A"
"{34222873-2357-4D2B-E063-4704A8C07853}","12000","2024-04-03 00:00","PO38 3HT","O","N","L","GARAGE","","WORSLEY ROAD","GODSHILL","VENTNOR","ISLE OF WIGHT","ISLE OF WIGHT","B","A"
"{34222873-235E-4D2B-E063-4704A8C07853}","85000","2024-08-30 00:00","PO30 1QN","T","N","F","68","","TRAFALGAR ROAD","","NEWPORT","ISLE OF WIGHT","ISLE OF WIGHT","B","A"
"{34222873-2361-4D2B-E063-4704A8C07853}","415000","2024-12-04 00:00","PO33 2QJ","O","N","F","ARGYLL HOUSE, 78","","WEST STREET","","RYDE","ISLE OF WIGHT","ISLE OF WIGHT","B","A"
"{34222873-2362-4D2B-E063-4704A8C07853}","205000","2024-07-25 00:00","PO33 4PA","T","N","F","150","","MARY ROSE AVENUE","WOOTTON BRIDGE","RYDE","ISLE OF WIGHT","ISLE OF WIGHT","B","A"
"{34222873-2366-4D2B-E063-4704A8C07853}","10000","2024-03-04 00:00","PO36 8AE","O","N","L","OCEAN DECK INN, 50","","HIGH STREET","","SANDOWN","ISLE OF WIGHT","ISLE OF WIGHT","B","A"
"{34222873-2367-4D2B-E063-4704A8C07853}","111000","2024-04-05 00:00","PO40 9UU","O","N","F","VECTIS ELECTRICAL","","AVENUE ROAD","","FRESHWATER","ISLE OF WIGHT","ISLE OF WIGHT","B","A"
"{34222873-2368-4D2B-E063-4704A8C07853}","12000","2024-04-03 00:00","PO38 3HT","O","N","F","GARAGE","","WORSLEY ROAD","GODSHILL","VENTNOR","ISLE OF WIGHT","ISLE OF WIGHT","B","A"
"{34222872-5AA5-4D2B-E063-4704A8C07853}","247000","2025-03-31 00:00","PO32 6QF","S","N","F","19","","HEFFORD ROAD","","EAST COWES","ISLE OF WIGHT","ISLE OF WIGHT","A","A"
"{34222872-6150-4D2B-E063-4704A8C07853}","180000","2025-03-07 00:00","PO30 5FJ","T","N","F","12","","ASPEN CLOSE","","NEWPORT","ISLE OF WIGHT","ISLE OF WIGHT","A","A"
"{34222872-6151-4D2B-E063-4704A8C07853}","230000","2025-03-26 00:00","PO33 3BU","S","N","L","54","","ARTHUR STREET","","RYDE","ISLE OF WIGHT","ISLE OF WIGHT","A","A"
"{34222872-6152-4D2B-E063-4704A8C07853}","240000","2025-03-28 00:00","PO36 9NA","D","N","F","8","","PORTER AVENUE","LAKE","SANDOWN","ISLE OF WIGHT","ISLE OF WIGHT","A","A"
"{34222872-6153-4D2B-E063-4704A8C07853}","395000","2025-02-13 00:00","PO36 0AH","D","N","F","29","","NEW ROAD","BRADING","SANDOWN","ISLE OF WIGHT","ISLE OF WIGHT","A","A"
"{34222872-6154-4D2B-E063-4704A8C07853}","330000","2025-03-24 00:00","PO38 3LL","S","N","F","45A","","MOOR VIEW","GODSHILL","VENTNOR","ISLE OF WIGHT","ISLE OF WIGHT","A","A"
"{34222872-6156-4D2B-E063-4704A8C07853}","85000","2025-03-28 00:00","PO30 5GA","F","N","L","HOMEWIGHT HOUSE","FLAT 6","CROCKER STREET","","NEWPORT","ISLE OF WIGHT","ISLE OF WIGHT","A","A"
"{34222872-6157-4D2B-E063-4704A8C07853}","275000","2025-03-28 00:00","PO30 2HD","S","N","F","12","","ST PAULS VIEW ROAD","","NEWPORT","ISLE OF WIGHT","ISLE OF WIGHT","A","A"
"{34222872-6158-4D2B-E063-4704A8C07853}","98000","2025-03-25 00:00","PO33 2EW","F","N","L","29","","GEORGE STREET","","RYDE","ISLE OF WIGHT","ISLE OF WIGHT","A","A"
"{34222872-6159-4D2B-E063-4704A8C07853}","296000","2025-03-28 00:00","PO40 9HP","S","N","F","2","","MAPLE VILLAS","","FRESHWATER","ISLE OF WIGHT","ISLE OF WIGHT","A","A"
"{34222872-615A-4D2B-E063-4704A8C07853}","355000","2025-01-30 00:00","PO36 9NQ","D","N","F","14","","LAMORBEY ROAD","","SANDOWN","ISLE OF WIGHT","ISLE OF WIGHT","A","A"
"{34222872-615B-4D2B-E063-4704A8C07853}","300000","2025-03-26 00:00","PO31 7HZ","T","N","F","CROWN COURT","6","SUN HILL","","COWES","ISLE OF WIGHT","ISLE OF WIGHT","A","A"
"{34222872-615D-4D2B-E063-4704A8C07853}","345000","2025-03-28 00:00","PO40 9RG","D","N","F","12","","SELWOOD ROAD","","FRESHWATER","ISLE OF WIGHT","ISLE OF WIGHT","A","A"
"{34222872-6161-4D2B-E063-4704A8C07853}","475000","2025-03-28 00:00","PO31 7HJ","D","N","F","38","","BELLEVUE ROAD","","COWES","ISLE OF WIGHT","ISLE OF WIGHT","A","A"
"{34222872-615E-4D2B-E063-4704A8C07853}","155000","2025-04-04 00:00","PO33 2TL","S","N","F","32","","WEEKS ROAD","","RYDE","ISLE OF WIGHT","ISLE OF WIGHT","A","A"
"{34222872-615F-4D2B-E063-4704A8C07853}","505000","2025-03-14 00:00","PO30 1EY","D","N","F","11","","CYPRESS ROAD","","NEWPORT","ISLE OF WIGHT","ISLE OF WIGHT","A","A"
"{34222872-6160-4D2B-E063-4704A8C07853}","233500","2025-04-04 00:00","PO33 3EE","S","N","F","7","","SOUTHFIELD GARDENS","","RYDE","ISLE OF WIGHT","ISLE OF WIGHT","A","A"
"{34222872-6162-4D2B-E063-4704A8C07853}","152000","2025-03-20 00:00","PO33 3UH","T","N","F","69","","HILLRISE AVENUE","BINSTEAD","RYDE","ISLE OF WIGHT","ISLE OF WIGHT","A","A"
"{34222872-6163-4D2B-E063-4704A8C07853}","200000","2025-03-19 00:00","PO30 1PX","T","N","F","66","","NEW STREET","","NEWPORT","ISLE OF WIGHT","ISLE OF WIGHT","A","A"
"{34222872-6164-4D2B-E063-4704A8C07853}","170000","2025-03-21 00:00","PO37 6EA","F","N","L","14","FLAT 4","HOPE ROAD","","SHANKLIN","ISLE OF WIGHT","ISLE OF WIGHT","A","A"
"{34222872-6165-4D2B-E063-4704A8C07853}","185000","2025-03-31 00:00","PO33 2EP","T","N","F","1A","","CASTLE STREET","","RYDE","ISLE OF WIGHT","ISLE OF WIGHT","A","A"
"{34222872-6166-4D2B-E063-4704A8C07853}","220000","2025-03-31 00:00","PO41 0QZ","F","N","L","TIDES REACH","5","MILL ROAD","","YARMOUTH","ISLE OF WIGHT","ISLE OF WIGHT","A","A"
"{34222872-6167-4D2B-E063-4704A8C07853}","250000","2025-03-20 00:00","PO30 2QE","T","N","F","12","","BITTERN PLACE","","NEWPORT","ISLE OF WIGHT","ISLE OF WIGHT","A","A"
"{34222872-6168-4D2B-E063-4704A8C07853}","699950","2025-03-31 00:00","PO36 9BY","D","N","F","13","","BROADWAY","","SANDOWN","ISLE OF WIGHT","ISLE OF WIGHT","A","A"
"{34222872-616A-4D2B-E063-4704A8C07853}","295000","2025-03-28 00:00","PO38 3EH","S","N","F","ST JOHNS","","ST JOHNS ROAD","WROXALL","VENTNOR","ISLE OF WIGHT","ISLE OF WIGHT","A","A"
"{34222872-616B-4D2B-E063-4704A8C07853}","223250","2025-03-26 00:00","PO33 3EZ","S","N","F","6","","FIELD VIEW","","RYDE","ISLE OF WIGHT","ISLE OF WIGHT","A","A"
"{34222872-616D-4D2B-E063-4704A8C07853}","270000","2025-03-24 00:00","PO30 3JY","S","N","F","3","","BUTTS WAY","SHORWELL","NEWPORT","ISLE OF WIGHT","ISLE OF WIGHT","A","A"
"{34222872-616E-4D2B-E063-4704A8C07853}","407500","2025-01-20 00:00","PO36 0LE","S","N","F","SUNNY PATCH","","ALVERSTONE ROAD","APSE HEATH","SANDOWN","ISLE OF WIGHT","ISLE OF WIGHT","A","A"
"{34222872-616F-4D2B-E063-4704A8C07853}","128500","2025-03-21 00:00","PO30 1RH","F","N","L","5","","CHANDLER CLOSE","","NEWPORT","ISLE OF WIGHT","ISLE OF WIGHT","A","A"
"{34222872-6170-4D2B-E063-4704A8C07853}","208000","2025-03-31 00:00","PO32 6RZ","S","N","F","66","","OSBORNE ROAD","","EAST COWES","ISLE OF WIGHT","ISLE OF WIGHT","A","A"
"{34222872-6171-4D2B-E063-4704A8C07853}","385000","2025-03-20 00:00","PO30 1BW","T","N","F","70","","CARISBROOKE ROAD","","NEWPORT","ISLE OF WIGHT","ISLE OF WIGHT","A","A"
"{34222872-6173-4D2B-E063-4704A8C07853}","199500","2025-03-27 00:00","PO33 2JD","S","N","F","1","","ROUNDHOUSE MEWS","","RYDE","ISLE OF WIGHT","ISLE OF WIGHT","A","A"
"{34222872-6174-4D2B-E063-4704A8C07853}","160000","2025-03-07 00:00","PO38 3EE","T","N","F","5","","APPULDURCOMBE TERRACE","WROXALL","VENTNOR","ISLE OF WIGHT","ISLE OF WIGHT","A","A"
"{34222872-6175-4D2B-E063-4704A8C07853}","347000","2025-04-23 00:00","PO30 2NH","D","N","F","40","","LONG LANE","","NEWPORT","ISLE OF WIGHT","ISLE OF WIGHT","A","A"
"{34222872-6176-4D2B-E063-4704A8C07853}","368000","2025-03-28 00:00","PO35 5QL","D","N","F","2","","LINCOLN WAY","","BEMBRIDGE","ISLE OF WIGHT","ISLE OF WIGHT","A","A"
"{34222872-6178-4D2B-E063-4704A8C07853}","190000","2025-03-20 00:00","PO31 7QB","T","N","F","38","","FRASER CLOSE","","COWES","ISLE OF WIGHT","ISLE OF WIGHT","A","A"
"{34222872-617A-4D2B-E063-4704A8C07853}","150000","2025-03-31 00:00","PO37 7JW","T","N","F","6","","DENNY GARDENS","","SHANKLIN","ISLE OF WIGHT","ISLE OF WIGHT","A","A"
"{34222872-617B-4D2B-E063-4704A8C07853}","750000","2025-03-28 00:00","PO38 1UT","D","N","F","2","","BARN CLOSE","ST LAWRENCE","VENTNOR","ISLE OF WIGHT","ISLE OF WIGHT","A","A"
"{34222872-617D-4D2B-E063-4704A8C07853}","349950","2025-03-12 00:00","PO38 2QA","D","N","F","13","","NETTLECOMBE LANE","WHITWELL","VENTNOR","ISLE OF WIGHT","ISLE OF WIGHT","A","A"
"{34222872-617E-4D2B-E063-4704A8C07853}","455000","2025-03-28 00:00","PO35 5UT","T","N","F","10","","QUEENS ROAD","","BEMBRIDGE","ISLE OF WIGHT","ISLE OF WIGHT","A","A"
"{34222872-617F-4D2B-E063-4704A8C07853}","250000","2025-03-26 00:00","PO32 6AA","T","N","F","4","","ALBANY ROAD","","EAST COWES","ISLE OF WIGHT","ISLE OF WIGHT","A","A"
"{34222872-6180-4D2B-E063-4704A8C07853}","260000","2025-03-28 00:00","PO40 9JW","S","N","F","65","","COLLARDS CLOSE","","FRESHWATER","ISLE OF WIGHT","ISLE OF WIGHT","A","A"
"{34222872-6181-4D2B-E063-4704A8C07853}","310000","2025-03-07 00:00","PO40 9NW","D","N","F","14","","GOLDINGS WAY","","FRESHWATER","ISLE OF WIGHT","ISLE OF WIGHT","A","A"
"{34222872-6182-4D2B-E063-4704A8C07853}","83635","2025-03-10 00:00","PO30 5NL","S","N","F","2","","HEWITT CRESCENT","","NEWPORT","ISLE OF WIGHT","ISLE OF WIGHT","A","A"
"{34222872-6183-4D2B-E063-4704A8C07853}","250000","2025-03-27 00:00","PO37 6NX","T","N","F","17","","RECTORY ROAD","","SHANKLIN","ISLE OF WIGHT","ISLE OF WIGHT","A","A"
"{34222872-6184-4D2B-E063-4704A8C07853}","430000","2025-03-26 00:00","PO40 9DP","D","N","F","5","","THE CRUNDLES","","FRESHWATER","ISLE OF WIGHT","ISLE OF WIGHT","A","A"
"{34222872-6185-4D2B-E063-4704A8C07853}","305000","2025-03-14 00:00","PO37 7NX","D","N","F","47","","ORCHARD ROAD","","SHANKLIN","ISLE OF WIGHT","ISLE OF WIGHT","A","A"
"{34222872-5654-4D2B-E063-4704A8C07853}","470000","2025-03-31 00:00","PO38 1XA","D","N","F","HIGH RIDGE","","SEVEN SISTERS ROAD","ST LAWRENCE","VENTNOR","ISLE OF WIGHT","ISLE OF WIGHT","A","A"
"{34222872-590F-4D2B-E063-4704A8C07853}","383000","2025-03-28 00:00","PO31 7NP","D","N","F","207","","PARK ROAD","","COWES","ISLE OF WIGHT","ISLE OF WIGHT","A","A"
"{34222872-59BA-4D2B-E063-4704A8C07853}","249500","2025-03-27 00:00","PO38 2BL","S","N","F","15","","GLEN APPROACH","NITON","VENTNOR","ISLE OF WIGHT","ISLE OF WIGHT","A","A"
"{34222872-5A07-4D2B-E063-4704A8C07853}","500000","2025-03-28 00:00","PO38 1UE","D","N","F","28","","CASTLE COURT","","VENTNOR","ISLE OF WIGHT","ISLE OF WIGHT","A","A"
"{34222872-5793-4D2B-E063-4704A8C07853}","228500","2025-03-21 00:00","PO33 3QG","S","N","F","26","","WINSTON AVENUE","BINSTEAD","RYDE","ISLE OF WIGHT","ISLE OF WIGHT","A","A"
"{34222872-618A-4D2B-E063-4704A8C07853}","110000","2025-04-04 00:00","PO33 3BQ","F","N","L","46","FLAT 1","QUEENS ROAD","","RYDE","ISLE OF WIGHT","ISLE OF WIGHT","A","A"
"{34222872-6187-4D2B-E063-4704A8C07853}","264000","2025-03-28 00:00","PO33 2UU","T","N","F","2","","ASHEY CLOSE","","RYDE","ISLE OF WIGHT","ISLE OF WIGHT","A","A"
"{34222872-6188-4D2B-E063-4704A8C07853}","152000","2025-03-31 00:00","PO35 5SE","F","N","L","34","","HIGH STREET","","BEMBRIDGE","ISLE OF WIGHT","ISLE OF WIGHT","A","A"
"{34222872-6189-4D2B-E063-4704A8C07853}","188000","2025-04-11 00:00","PO30 1QN","S","N","F","62","","TRAFALGAR ROAD","","NEWPORT","ISLE OF WIGHT","ISLE OF WIGHT","A","A"
"{34222872-618B-4D2B-E063-4704A8C07853}","260000","2025-03-25 00:00","PO32 6DN","S","N","F","20","","MAYFIELD ROAD","","EAST COWES","ISLE OF WIGHT","ISLE OF WIGHT","A","A"
"{34222872-618C-4D2B-E063-4704A8C07853}","186000","2025-03-19 00:00","PO33 3NG","T","N","F","2","","RYDE MEWS","","RYDE","ISLE OF WIGHT","ISLE OF WIGHT","A","A"
"{34222872-618D-4D2B-E063-4704A8C07853}","250000","2025-03-24 00:00","PO32 6JW","S","N","F","51","","KINGSLEA PARK","","EAST COWES","ISLE OF WIGHT","ISLE OF WIGHT","A","A"
"{34222872-618E-4D2B-E063-4704A8C07853}","320000","2025-03-28 00:00","PO30 5YD","D","N","F","23","","FIELDFARE ROAD","CARISBROOKE","NEWPORT","ISLE OF WIGHT","ISLE OF WIGHT","A","A"
"{34222872-618F-4D2B-E063-4704A8C07853}","233000","2025-04-04 00:00","PO33 4PL","T","N","F","28","","HIGH STREET","WOOTTON BRIDGE","RYDE","ISLE OF WIGHT","ISLE OF WIGHT","A","A"
"{34222872-6190-4D2B-E063-4704A8C07853}","370000","2025-03-07 00:00","PO38 1NP","D","N","F","SARNIA","","ST BONIFACE ROAD","","VENTNOR","ISLE OF WIGHT","ISLE OF WIGHT","A","A"
"{34222872-6191-4D2B-E063-4704A8C07853}","515000","2025-03-24 00:00","PO33 4NT","D","N","F","31","","LUSHINGTON HILL","WOOTTON BRIDGE","RYDE","ISLE OF WIGHT","ISLE OF WIGHT","A","A"
"{34222872-6193-4D2B-E063-4704A8C07853}","373600","2025-03-28 00:00","PO33 4BA","D","N","F","THE GUILD HOUSE","","ASHEY ROAD","","RYDE","ISLE OF WIGHT","ISLE OF WIGHT","A","A"
"{34222872-6194-4D2B-E063-4704A8C07853}","925000","2025-03-28 00:00","PO31 8AY","D","N","F","6","","WARD AVENUE","","COWES","ISLE OF WIGHT","ISLE OF WIGHT","A","A"
"{34222872-6195-4D2B-E063-4704A8C07853}","145000","2025-03-31 00:00","PO38 3BX","F","N","L","53","","MOUNTFIELD ROAD","WROXALL","VENTNOR","ISLE OF WIGHT","ISLE OF WIGHT","A","A"
"{34222872-6196-4D2B-E063-4704A8C07853}","330000","2025-03-28 00:00","PO30 4EX","S","N","F","BROOK GREEN COTTAGES","2","MILITARY ROAD","BROOK","NEWPORT","ISLE OF WIGHT","ISLE OF WIGHT","A","A"
"{34222872-6197-4D2B-E063-4704A8C07853}","252500","2025-04-07 00:00","PO30 5LS","S","N","F","209","","GUNVILLE ROAD","","NEWPORT","ISLE OF WIGHT","ISLE OF WIGHT","A","A"
"{34222872-6198-4D2B-E063-4704A8C07853}","630000","2025-03-28 00:00","PO30 4LS","D","N","F","TANGLEFOOT","","NEW ROAD","PORCHFIELD","NEWPORT","ISLE OF WIGHT","ISLE OF WIGHT","A","A"
"{34222872-6199-4D2B-E063-4704A8C07853}","450000","2025-03-17 00:00","PO30 2LA","S","N","F","BINFIELD COTTAGES","2","MILL LANE","BINFIELD","NEWPORT","ISLE OF WIGHT","ISLE OF WIGHT","A","A"
"{34222872-619A-4D2B-E063-4704A8C07853}","250000","2025-03-12 00:00","PO32 6BD","S","N","F","143","","YORK AVENUE","","EAST COWES","ISLE OF WIGHT","ISLE OF WIGHT","A","A"
"{34222872-619B-4D2B-E063-4704A8C07853}","422500","2025-03-28 00:00","PO30 1XR","D","N","F","23","","CHATFIELD LODGE","","NEWPORT","ISLE OF WIGHT","ISLE OF WIGHT","A","A"
"{34222872-619C-4D2B-E063-4704A8C07853}","455000","2025-03-31 00:00","PO37 6RF","D","N","F","9","","POPHAM ROAD","","SHANKLIN","ISLE OF WIGHT","ISLE OF WIGHT","A","A"
"{34222872-619D-4D2B-E063-4704A8C07853}","143500","2025-03-21 00:00","PO34 5BL","F","N","L","WEST FLATLET","","PIER ROAD","","SEAVIEW","ISLE OF WIGHT","ISLE OF WIGHT","A","A"
"{34222872-619F-4D2B-E063-4704A8C07853}","305000","2025-03-28 00:00","PO32 6BD","D","N","F","157","","YORK AVENUE","","EAST COWES","ISLE OF WIGHT","ISLE OF WIGHT","A","A"
"{34222872-61A0-4D2B-E063-4704A8C07853}","410000","2025-03-25 00:00","PO30 5RT","D","N","F","8","","REDWOOD CLOSE","","NEWPORT","ISLE OF WIGHT","ISLE OF WIGHT","A","A"
"{34222872-61A1-4D2B-E063-4704A8C07853}","220000","2025-03-18 00:00","PO32 6RT","S","N","F","49","","YORK AVENUE","","EAST COWES","ISLE OF WIGHT","ISLE OF WIGHT","A","A"
"{34222872-61A2-4D2B-E063-4704A8C07853}","395000","2025-03-28 00:00","PO37 7ER","D","N","F","43","","WHITECROSS AVENUE","","SHANKLIN","ISLE OF WIGHT","ISLE OF WIGHT","A","A"
"{34222872-61A5-4D2B-E063-4704A8C07853}","480000","2025-03-31 00:00","PO34 5EA","D","N","F","THE FOLLY","","PRIORY DRIVE","","SEAVIEW","ISLE OF WIGHT","ISLE OF WIGHT","A","A"
"{34222872-61A7-4D2B-E063-4704A8C07853}","230000","2025-03-28 00:00","PO37 7LZ","T","N","L","3","","BROOK ROAD","","SHANKLIN","ISLE OF WIGHT","ISLE OF WIGHT","A","A"
"{34222872-61A8-4D2B-E063-4704A8C07853}","145000","2025-03-21 00:00","PO30 1JZ","T","N","F","38","","ORCHARD STREET","","NEWPORT","ISLE OF WIGHT","ISLE OF WIGHT","A","A"
"{34222872-61A9-4D2B-E063-4704A8C07853}","350000","2025-03-24 00:00","PO36 9EZ","D","N","F","88","","FAIRFIELD GARDENS","","SANDOWN","ISLE OF WIGHT","ISLE OF WIGHT","A","A"
"{34222872-61AA-4D2B-E063-4704A8C07853}","438000","2025-03-31 00:00","PO33 1NJ","D","N","F","36","","MARINA AVENUE","","RYDE","ISLE OF WIGHT","ISLE OF WIGHT","A","A"
"{34222872-61AB-4D2B-E063-4704A8C07853}","415000","2025-03-31 00:00","PO41 0RN","D","N","F","7","","BRAXTON MEADOW","NORTON","YARMOUTH","ISLE OF WIGHT","ISLE OF WIGHT","A","A"
"{34222872-61AC-4D2B-E063-4704A8C07853}","210000","2025-03-26 00:00","PO30 5FG","T","N","F","3","","HAZEL CLOSE","","NEWPORT","ISLE OF WIGHT","ISLE OF WIGHT","A","A"
"{34222872-61AD-4D2B-E063-4704A8C07853}","301250","2025-02-21 00:00","PO36 9HU","S","N","F","36","","ALFRED ROAD","","SANDOWN","ISLE OF WIGHT","ISLE OF WIGHT","A","A"
"{34222872-61B3-4D2B-E063-4704A8C07853}","79000","2025-04-15 00:00","PO36 8LZ","F","N","L","2","2 NEWLANDS VILLA APARTMENTS","ROYAL CRESCENT","","SANDOWN","ISLE OF WIGHT","ISLE OF WIGHT","A","A"
"{34222872-61AE-4D2B-E063-4704A8C07853}","440000","2025-03-26 00:00","PO34 5AT","F","N","L","SPRINGFIELD COURT","APARTMENT 13","SPRINGVALE ROAD","","SEAVIEW","ISLE OF WIGHT","ISLE OF WIGHT","A","A"
"{34222872-61AF-4D2B-E063-4704A8C07853}","530000","2025-03-28 00:00","PO30 1DP","D","N","F","54","","CASTLE ROAD","","NEWPORT","ISLE OF WIGHT","ISLE OF WIGHT","A","A"
"{34222872-61B0-4D2B-E063-4704A8C07853}","535000","2025-03-27 00:00","PO33 1XJ","T","N","F","3","","NORTH QUAY","ST HELENS","RYDE","ISLE OF WIGHT","ISLE OF WIGHT","A","A"
"{34222872-61B5-4D2B-E063-4704A8C07853}","360000","2025-03-21 00:00","PO40 9PF","D","N","F","WOOTTON END","","QUEENS ROAD","","FRESHWATER","ISLE OF WIGHT","ISLE OF WIGHT","A","A"
"{34222872-61B6-4D2B-E063-4704A8C07853}","118500","2025-04-15 00:00","PO33 1FE","F","N","L","93","","AMHERST PLACE","","RYDE","ISLE OF WIGHT","ISLE OF WIGHT","A","A"
"{34222872-61B7-4D2B-E063-4704A8C07853}","390000","2025-03-20 00:00","PO38 3NF","D","N","F","PARKSIDE","","MAIN ROAD","ROOKLEY","VENTNOR","ISLE OF WIGHT","ISLE OF WIGHT","A","A"
"{34222872-61B8-4D2B-E063-4704A8C07853}","215000","2025-03-31 00:00","PO33 2TH","T","N","L","14","","OSBORNE ROAD","","RYDE","ISLE OF WIGHT","ISLE OF WIGHT","A","A"
"{34222872-61B9-4D2B-E063-4704A8C07853}","225000","2025-03-26 00:00","PO36 9NL","T","N","F","144","","GREEN LANE","","SANDOWN","ISLE OF WIGHT","ISLE OF WIGHT","A","A"
"{34222872-61BA-4D2B-E063-4704A8C07853}","235000","2025-03-12 00:00","PO31 8NZ","T","N","F","3","","WYATTS CLOSE","NORTHWOOD","COWES","ISLE OF WIGHT","ISLE OF WIGHT","A","A"
"{34222872-61BB-4D2B-E063-4704A8C07853}","98000","2025-04-04 00:00","PO36 8HD","F","N","L","91","FLAT 6","STATION AVENUE","","SANDOWN","ISLE OF WIGHT","ISLE OF WIGHT","A","A"
"{34222872-61BC-4D2B-E063-4704A8C07853}","220000","2025-03-26 00:00","PO30 2JN","D","N","F","23B","","BELLMEAD LANE","","NEWPORT","ISLE OF WIGHT","ISLE OF WIGHT","A","A"
"{34222872-61BE-4D2B-E063-4704A8C07853}","110000","2025-03-17 00:00","PO37 6NN","F","N","L","GRANGE COURT, 16","FLAT 5","GRANGE ROAD","","SHANKLIN","ISLE OF WIGHT","ISLE OF WIGHT","A","A"
"{34222872-61BF-4D2B-E063-4704A8C07853}","139000","2025-04-04 00:00","PO30 5XT","F","N","L","CARPENTERS QUAY","FLAT 4","LITTLE LONDON","","NEWPORT","ISLE OF WIGHT","ISLE OF WIGHT","A","A"
"{34222872-61C0-4D2B-E063-4704A8C07853}","210000","2025-03-28 00:00","PO31 7SQ","F","N","L","8E","FLAT 1","CONSORT ROAD","","COWES","ISLE OF WIGHT","ISLE OF WIGHT","A","A"
"{34222872-61C1-4D2B-E063-4704A8C07853}","229950","2025-04-01 00:00","PO37 7NJ","S","N","F","22","","BLYTHE WAY","","SHANKLIN","ISLE OF WIGHT","ISLE OF WIGHT","A","A"
"{34222872-61C2-4D2B-E063-4704A8C07853}","285000","2025-03-24 00:00","PO33 1UZ","S","N","F","BECKETTS","","WESTFIELD ROAD","ST HELENS","RYDE","ISLE OF WIGHT","ISLE OF WIGHT","A","A"
"{34222872-61C3-4D2B-E063-4704A8C07853}","207500","2025-03-31 00:00","PO37 7BE","T","N","F","29","","ATHERLEY PARK CLOSE","","SHANKLIN","ISLE OF WIGHT","ISLE OF WIGHT","A","A"
"{34222872-61C4-4D2B-E063-4704A8C07853}","315000","2025-02-21 00:00","PO36 8AW","D","N","F","11","","ALBERT ROAD","","SANDOWN","ISLE OF WIGHT","ISLE OF WIGHT","A","A"
"{34222872-61C5-4D2B-E063-4704A8C07853}","165000","2025-03-21 00:00","PO30 5JG","T","N","F","15","","HEYTESBURY ROAD","","NEWPORT","ISLE OF WIGHT","ISLE OF WIGHT","A","A"
"{34222872-61C6-4D2B-E063-4704A8C07853}","423000","2025-03-10 00:00","PO31 8AU","F","N","L","3","","MORNINGTON MEWS","","COWES","ISLE OF WIGHT","ISLE OF WIGHT","A","A"
"{34222872-61C8-4D2B-E063-4704A8C07853}","350000","2025-03-31 00:00","PO30 5TP","D","N","F","62","","COWES ROAD","","NEWPORT","ISLE OF WIGHT","ISLE OF WIGHT","A","A"
"{34222872-61C9-4D2B-E063-4704A8C07853}","130000","2025-03-27 00:00","PO32 6GT","T","N","F","24","","CAPTAINS PARADE","","EAST COWES","ISLE OF WIGHT","ISLE OF WIGHT","A","A"
"{34222872-61CB-4D2B-E063-4704A8C07853}","283500","2025-03-28 00:00","PO32 6GL","S","N","F","9","","HAVEN CLOSE","","EAST COWES","ISLE OF WIGHT","ISLE OF WIGHT","A","A"
"{34222872-61CD-4D2B-E063-4704A8C07853}","461000","2025-03-27 00:00","PO39 0DJ","D","N","F","WESTLANDS HOUSE","","WESTLANDS","","TOTLAND BAY","ISLE OF WIGHT","ISLE OF WIGHT","A","A"
"{34222872-61CE-4D2B-E063-4704A8C07853}","285000","2025-03-27 00:00","PO38 1TE","T","N","F","ST. CATHERINES COTTAGES","3","MARLBOROUGH ROAD","","VENTNOR","ISLE OF WIGHT","ISLE OF WIGHT","A","A"
"{34222872-61D1-4D2B-E063-4704A8C07853}","250000","2025-03-13 00:00","PO30 2GB","S","N","F","24","","WELLESLEY WAY","","NEWPORT","ISLE OF WIGHT","ISLE OF WIGHT","A","A"
"{34222872-61D2-4D2B-E063-4704A8C07853}","230000","2025-02-28 00:00","PO30 5NR","T","N","F","6","","JOHNSON ROAD","PARKHURST","NEWPORT","ISLE OF WIGHT","ISLE OF WIGHT","A","A"
"{34222872-61D3-4D2B-E063-4704A8C07853}","380000","2025-03-28 00:00","PO33 3AJ","D","N","F","16","","SPENCER GLADE","","RYDE","ISLE OF WIGHT","ISLE OF WIGHT","A","A"
"{34222872-61D4-4D2B-E063-4704A8C07853}","122500","2025-03-31 00:00","PO32 6GA","F","N","L","ANCHORAGE COURT, 19","FLAT 4","ALBERT WAY","","EAST COWES","ISLE OF WIGHT","ISLE OF WIGHT","A","A"
"{34222872-61D5-4D2B-E063-4704A8C07853}","117500","2025-04-01 00:00","PO32 6GA","F","N","L","ANCHORAGE COURT, 19","FLAT 9","ALBERT WAY","","EAST COWES","ISLE OF WIGHT","ISLE OF WIGHT","A","A"
"{34222872-61D6-4D2B-E063-4704A8C07853}","400000","2025-04-28 00:00","PO31 7TP","T","N","F","18","","UNION ROAD","","COWES","ISLE OF WIGHT","ISLE OF WIGHT","A","A"
"{34222872-61D7-4D2B-E063-4704A8C07853}","280000","2025-03-27 00:00","PO38 2QX","T","N","F","2","","PRIMROSE VILLAS","WHITWELL","VENTNOR","ISLE OF WIGHT","ISLE OF WIGHT","A","A"
"{34222872-61DC-4D2B-E063-4704A8C07853}","345000","2025-03-26 00:00","PO39 0HA","S","N","F","THE NOOK","","WESTON ROAD","","TOTLAND BAY","ISLE OF WIGHT","ISLE OF WIGHT","A","A"
"{34222872-61D9-4D2B-E063-4704A8C07853}","280000","2025-03-19 00:00","PO33 3EJ","S","N","F","80","","BETTESWORTH ROAD","","RYDE","ISLE OF WIGHT","ISLE OF WIGHT","A","A"
"{34222872-61DA-4D2B-E063-4704A8C07853}","199000","2025-03-07 00:00","PO36 9AP","T","N","F","4","","BRIDGE MEAD MEWS","","SANDOWN","ISLE OF WIGHT","ISLE OF WIGHT","A","A"
"{34222872-61DB-4D2B-E063-4704A8C07853}","176000","2025-03-28 00:00","PO33 2TH","T","N","L","34","","OSBORNE ROAD","","RYDE","ISLE OF WIGHT","ISLE OF WIGHT","A","A"
"{34222872-61DD-4D2B-E063-4704A8C07853}","250000","2025-03-12 00:00","PO30 3BF","T","N","F","16","","WHITECROFT PARK","","NEWPORT","ISLE OF WIGHT","ISLE OF WIGHT","A","A"
"{34222872-61DF-4D2B-E063-4704A8C07853}","320000","2025-03-19 00:00","PO35 5QL","D","N","F","9","","LINCOLN WAY","","BEMBRIDGE","ISLE OF WIGHT","ISLE OF WIGHT","A","A"
"{34222872-61E0-4D2B-E063-4704A8C07853}","152000","2025-03-26 00:00","PO37 6FF","F","N","L","BEATRICE COURT, 16","APARTMENT 6","HOPE ROAD","","SHANKLIN","ISLE OF WIGHT","ISLE OF WIGHT","A","A"
"{34222872-61E1-4D2B-E063-4704A8C07853}","197000","2025-03-28 00:00","PO32 6BH","F","N","L","ARTHUR COTTAGE","FLAT 4","YORK AVENUE","","EAST COWES","ISLE OF WIGHT","ISLE OF WIGHT","A","A"
"{34222872-61E4-4D2B-E063-4704A8C07853}","328000","2025-03-31 00:00","PO31 7UD","S","N","F","45","","BROADFIELDS AVENUE","","COWES","ISLE OF WIGHT","ISLE OF WIGHT","A","A"
"{34222872-61E5-4D2B-E063-4704A8C07853}","370000","2025-04-07 00:00","PO30 2NH","D","N","F","46","","LONG LANE","","NEWPORT","ISLE OF WIGHT","ISLE OF WIGHT","A","A"
"{34222872-61E6-4D2B-E063-4704A8C07853}","850000","2025-03-31 00:00","PO31 7EG","D","N","F","49","","MILL HILL ROAD","","COWES","ISLE OF WIGHT","ISLE OF WIGHT","A","A"
"{34222872-61EA-4D2B-E063-4704A8C07853}","160000","2025-03-04 00:00","PO31 7PN","F","N","L","74A","","NEWPORT ROAD","","COWES","ISLE OF WIGHT","ISLE OF WIGHT","A","A"
"{34222872-61EB-4D2B-E063-4704A8C07853}","317000","2025-03-28 00:00","PO36 9BH","T","N","F","TEMPEST TOWERS","","SUNSET DRIVE","","SANDOWN","ISLE OF WIGHT","ISLE OF WIGHT","A","A"
"{34222872-61ED-4D2B-E063-4704A8C07853}","255000","2025-03-11 00:00","PO33 1AG","S","N","F","8A","","HOPE ROAD","","RYDE","ISLE OF WIGHT","ISLE OF WIGHT","A","A"
"{34222872-61EF-4D2B-E063-4704A8C07853}","399950","2025-03-28 00:00","PO36 9NH","D","N","F","31","","JAMES AVENUE","","SANDOWN","ISLE OF WIGHT","ISLE OF WIGHT","A","A"
"{34222872-61F0-4D2B-E063-4704A8C07853}","450000","2025-04-17 00:00","PO36 8FB","F","N","L","ROYAL CLIFF APARTMENTS","APARTMENT 24","GRANGE ROAD","","SANDOWN","ISLE OF WIGHT","ISLE OF WIGHT","A","A"
"{34222872-61F1-4D2B-E063-4704A8C07853}","268990","2025-03-31 00:00","PO36 8FB","F","N","L","ROYAL CLIFF APARTMENTS","APARTMENT 16","GRANGE ROAD","","SANDOWN","ISLE OF WIGHT","ISLE OF WIGHT","A","A"
"{34222872-61F2-4D2B-E063-4704A8C07853}","235000","2025-03-28 00:00","PO30 2GW","T","N","F","10","","RED FOX APPROACH","","NEWPORT","ISLE OF WIGHT","ISLE OF WIGHT","A","A"
"{34222872-61F3-4D2B-E063-4704A8C07853}","285000","2025-04-03 00:00","PO36 0JR","S","N","F","THE VESTRY","","NEWPORT ROAD","APSE HEATH","SANDOWN","ISLE OF WIGHT","ISLE OF WIGHT","A","A"
"{34222872-61F4-4D2B-E063-4704A8C07853}","440000","2025-03-14 00:00","PO33 4AH","D","N","F","BELVOIR","","HARWOOD CLOSE","WOOTTON BRIDGE","RYDE","ISLE OF WIGHT","ISLE OF WIGHT","A","A"
"{34222872-61F6-4D2B-E063-4704A8C07853}","130000","2025-04-10 00:00","PO33 2AE","F","N","L","WRAFTON HOUSE, 46","FLAT 3","MELVILLE STREET","","RYDE","ISLE OF WIGHT","ISLE OF WIGHT","A","A"
"{34222872-61F8-4D2B-E063-4704A8C07853}","248000","2025-02-07 00:00","PO31 7DJ","T","N","F","24","","THETIS ROAD","","COWES","ISLE OF WIGHT","ISLE OF WIGHT","A","A"
"{34222872-6209-4D2B-E063-4704A8C07853}","323100","2025-03-28 00:00","PO34 5BB","F","N","F","CLEMENTINE COTTAGE","","CHURCH STREET","","SEAVIEW","ISLE OF WIGHT","ISLE OF WIGHT","A","A"
"{34222872-620D-4D2B-E063-4704A8C07853}","765000","2025-01-21 00:00","PO35 5SL","D","N","F","69","","STEYNE ROAD","","BEMBRIDGE","ISLE OF WIGHT","ISLE OF WIGHT","A","A"
"{34222872-620E-4D2B-E063-4704A8C07853}","350000","2025-01-10 00:00","PO35 5PP","S","N","F","2","","TURNSTONE DRIVE","","BEMBRIDGE","ISLE OF WIGHT","ISLE OF WIGHT","A","A"
"{34222872-620F-4D2B-E063-4704A8C07853}","410000","2025-03-31 00:00","PO34 5JX","D","N","F","56","","CAWS AVENUE","NETTLESTONE","SEAVIEW","ISLE OF WIGHT","ISLE OF WIGHT","A","A"
"{34222873-223A-4D2B-E063-4704A8C07853}","665000","2024-12-04 00:00","PO30 3DH","O","N","F","BUDBRIDGE GARDENS","","BUDBRIDGE LANE","MERSTONE","NEWPORT","ISLE OF WIGHT","ISLE OF WIGHT","B","A"
"{31C68072-F39F-FEE3-E063-4804A8C04F37}","160000","2024-07-02 00:00","PO40 9UT","O","N","L","CLIFTON BUILDINGS","1A","AVENUE ROAD","","FRESHWATER","ISLE OF WIGHT","ISLE OF WIGHT","B","C"
"{2131FCF6-1976-86E8-E063-4804A8C0372B}","188000","2024-07-31 00:00","PO32 6RZ","T","N","F","84","","OSBORNE ROAD","","EAST COWES","ISLE OF WIGHT","ISLE OF WIGHT","A","C"
"{2ACACE8C-E9B5-295E-E063-4804A8C0B0EB}","502500","2024-10-28 00:00","PO41 0PX","D","N","F","FOLLY HOUSE","","TENNYSON ROAD","","YARMOUTH","ISLE OF WIGHT","ISLE OF WIGHT","A","C"
"{2F7F2B43-0DA1-E08F-E063-4804A8C05A49}","665000","2024-12-04 00:00","PO30 3DH","D","N","F","BUDBRIDGE GARDENS","","BUDBRIDGE LANE","MERSTONE","NEWPORT","ISLE OF WIGHT","ISLE OF WIGHT","A","D"
"{2ACACE8D-8CD8-295E-E063-4804A8C0B0EB}","1266000","2024-10-11 00:00","PO39 0DA","O","N","F","ISLAND VIEW CHALETS","51","FORT WARDEN ROAD","","TOTLAND BAY","ISLE OF WIGHT","ISLE OF WIGHT","B","D"
"{2ACACE8D-8CE1-295E-E063-4804A8C0B0EB}","1266000","2024-10-11 00:00","PO39 0DA","O","N","F","ISLAND VIEW CHALETS","","FORT WARDEN ROAD","","TOTLAND BAY","ISLE OF WIGHT","ISLE OF WIGHT","B","D"
"{2ACACE8D-8CE3-295E-E063-4804A8C0B0EB}","1266000","2024-10-11 00:00","PO39 0DA","O","N","F","ISLAND VIEW CHALETS","40","FORT WARDEN ROAD","","TOTLAND BAY","ISLE OF WIGHT","ISLE OF WIGHT","B","D"
"{2ACACE8D-8CE4-295E-E063-4804A8C0B0EB}","1266000","2024-10-11 00:00","PO39 0DA","O","N","F","ISLAND VIEW CHALETS","8","FORT WARDEN ROAD","","TOTLAND BAY","ISLE OF WIGHT","ISLE OF WIGHT","B","D"
"{2ACACE8C-E9B6-295E-E063-4804A8C0B0EB}","470000","2024-11-13 00:00","PO39 0EU","D","N","F","CORNERBROOK","","CHURCH HILL","","TOTLAND BAY","ISLE OF WIGHT","ISLE OF WIGHT","A","D"
"{1775CCF7-3E79-38BA-E063-4704A8C05A7C}","200000","2024-03-22 00:00","PO30 2FE","T","N","F","9","","BEAUCHAMP DRIVE","","NEWPORT","ISLE OF WIGHT","ISLE OF WIGHT","A","D"
"{2131FCF6-D44B-86E8-E063-4804A8C0372B}","425000","2024-08-12 00:00","PO37 7JG","D","N","F","13","","PIERRELLEN GARDENS","","SHANKLIN","ISLE OF WIGHT","ISLE OF WIGHT","B","D"
"{2131FCF6-D44F-86E8-E063-4804A8C0372B}","360000","2024-07-31 00:00","PO31 7TR","D","N","F","REGENT HOUSE","","MARKET HILL","","COWES","ISLE OF WIGHT","ISLE OF WIGHT","B","D"
