"{49E87C32-0161-591C-E063-4704A8C00C31}","138250","2021-08-27 00:00","PO30 2GN","F","N","L","10","","WINTERGREEN GARDENS","","NEWPORT","ISLE OF WIGHT","ISLE OF WIGHT","A","A"
"{9B6FE09B-7327-4E23-9972-05D436EC3FE3}","45000","2001-02-05 00:00","PO31 7PW","D","N","F","30","","NEWPORT ROAD","","COWES","ISLE OF WIGHT","ISLE OF WIGHT","A","C"
"{49E87C32-014F-591C-E063-4704A8C00C31}","210000","2022-06-30 00:00","PO30 2HG","T","N","F","1","","MALLARD WAY","","NEWPORT","ISLE OF WIGHT","ISLE OF WIGHT","A","A"
"{F10BB271-874D-419C-AD5D-60B55246A6D1}","240000","2007-10-01 00:00","PO31 7UF","D","N","F","1A","","HIGHFIELD ROAD","","COWES","ISLE OF WIGHT","ISLE OF WIGHT","A","C"
"{8E312353-0BE3-419E-A57F-A91A91979373}","42000","1997-09-09 00:00","PO31 7PW","D","N","F","30","","NEWPORT ROAD","","COWES","ISLE OF WIGHT","ISLE OF WIGHT","A","C"
"{773788C3-8CD9-2CE4-E053-6C04A8C05E57}","132000","2018-07-11 00:00","PO31 7PW","D","N","F","30","","NEWPORT ROAD","","COWES","ISLE OF WIGHT","ISLE OF WIGHT","B","C"
"{49E87C32-0145-591C-E063-4704A8C00C31}","105000","2015-11-21 00:00","PO33 2BY","F","N","L","81","FLAT C","MONKTON STREET","","RYDE","ISLE OF WIGHT","ISLE OF WIGHT","A","A"
"{49E87C32-D539-591C-E063-4704A8C00C31}","195000","2015-08-22 00:00","PO39 0DT","F","N","L","OAK GRANGE","FLAT 9","UPLANDS ROAD","","TOTLAND BAY","ISLE OF WIGHT","ISLE OF WIGHT","B","A"
"{49E87C32-D54F-591C-E063-4704A8C00C31}","94000","2015-07-10 00:00","PO37 6AU","F","N","L","7","","PALMERSTON ROAD","","SHANKLIN","ISLE OF WIGHT","ISLE OF WIGHT","B","A"
"{919FEC06-1F52-9A90-E053-6C04A8C0A300}","110000","2019-07-31 00:00","PO31 7US","O","Y","F","BROADFIELDS PARK","UNIT 19","SEAVIEW ROAD","","COWES","ISLE OF WIGHT","ISLE OF WIGHT","B","C"
"{49E87C32-0151-591C-E063-4704A8C00C31}","220000","2020-12-17 00:00","PO30 2HF","S","N","F","22","","RED FOX SQUARE","","NEWPORT","ISLE OF WIGHT","ISLE OF WIGHT","A","A"
"{49E87C32-0153-591C-E063-4704A8C00C31}","222000","2020-12-17 00:00","PO30 2HF","S","N","F","24","","RED FOX SQUARE","","NEWPORT","ISLE OF WIGHT","ISLE OF WIGHT","A","A"
"{49E87C32-0152-591C-E063-4704A8C00C31}","260000","2023-03-23 00:00","PO30 2GG","S","N","F","16","","LARKSPUR CLOSE","","NEWPORT","ISLE OF WIGHT","ISLE OF WIGHT","A","A"
"{3B5CE841-D541-EE3A-E063-4804A8C0D6F1}","260000","2023-03-22 00:00","PO30 2GG","S","N","F","14","","LARKSPUR CLOSE","","NEWPORT","ISLE OF WIGHT","ISLE OF WIGHT","A","C"
"{1C3E72FF-02C9-F410-E063-4804A8C0DFA6}","150000","2023-05-16 00:00","PO34 5DZ","D","N","F","VALLEY VIEW","","NETTLESTONE","","SEAVIEW","ISLE OF WIGHT","ISLE OF WIGHT","B","C"
"{49E87C31-F9E4-591C-E063-4704A8C00C31}","299950","2026-01-23 00:00","PO33 4JE","S","N","F","112","","ST EDMUNDS WALK","WOOTTON BRIDGE","RYDE","ISLE OF WIGHT","ISLE OF WIGHT","A","A"
"{49E87C32-00A6-591C-E063-4704A8C00C31}","280000","2024-12-11 00:00","PO35 5SR","D","N","F","17","","GRANGE GARDENS","","BEMBRIDGE","ISLE OF WIGHT","ISLE OF WIGHT","A","A"
"{49E87C32-012A-591C-E063-4704A8C00C31}","385000","2024-12-12 00:00","PO33 2JW","D","N","F","21","","BELVEDERE STREET","","RYDE","ISLE OF WIGHT","ISLE OF WIGHT","A","A"
"{49E87C32-0144-591C-E063-4704A8C00C31}","135000","2024-07-19 00:00","PO31 8RS","S","N","L","252","","GURNARD PINES","GURNARD","COWES","ISLE OF WIGHT","ISLE OF WIGHT","A","A"
"{49E87C32-0148-591C-E063-4704A8C00C31}","275000","2024-11-25 00:00","PO30 2FA","D","N","F","24","","SWAN STREET","","NEWPORT","ISLE OF WIGHT","ISLE OF WIGHT","A","A"
"{49E87C31-F64D-591C-E063-4704A8C00C31}","340000","2026-01-14 00:00","PO31 8AF","S","N","F","16","","VENNER AVENUE","NORTHWOOD","COWES","ISLE OF WIGHT","ISLE OF WIGHT","A","A"
"{49E87C31-F6C4-591C-E063-4704A8C00C31}","475000","2026-01-08 00:00","PO38 1UE","D","N","F","17","","CASTLE COURT","","VENTNOR","ISLE OF WIGHT","ISLE OF WIGHT","A","A"
"{49E87C32-00AA-591C-E063-4704A8C00C31}","181500","2026-01-06 00:00","PO38 3BB","S","N","F","1","","BROOKSIDE CRESCENT","WROXALL","VENTNOR","ISLE OF WIGHT","ISLE OF WIGHT","A","A"
"{49E87C32-00AB-591C-E063-4704A8C00C31}","194000","2026-01-13 00:00","PO30 5FL","S","N","F","47","","SYLVAN DRIVE","","NEWPORT","ISLE OF WIGHT","ISLE OF WIGHT","A","A"
"{49E87C32-00AC-591C-E063-4704A8C00C31}","235000","2026-01-09 00:00","PO36 9NL","S","N","F","120","","GREEN LANE","","SANDOWN","ISLE OF WIGHT","ISLE OF WIGHT","A","A"
"{49E87C32-00B5-591C-E063-4704A8C00C31}","208000","2026-01-21 00:00","PO30 1RQ","S","N","F","84","","LINDEN ROAD","","NEWPORT","ISLE OF WIGHT","ISLE OF WIGHT","A","A"
"{49E87C32-00BA-591C-E063-4704A8C00C31}","422500","2026-01-14 00:00","PO30 5RU","D","N","F","4","","ULSTER CRESCENT","","NEWPORT","ISLE OF WIGHT","ISLE OF WIGHT","A","A"
"{49E87C32-00BE-591C-E063-4704A8C00C31}","350000","2026-01-08 00:00","PO33 2BQ","S","N","F","55","","PARK ROAD","","RYDE","ISLE OF WIGHT","ISLE OF WIGHT","A","A"
"{49E87C32-00C7-591C-E063-4704A8C00C31}","144000","2026-01-15 00:00","PO30 2JL","T","N","F","35","","CROSS LANE","","NEWPORT","ISLE OF WIGHT","ISLE OF WIGHT","A","A"
"{49E87C32-00C0-591C-E063-4704A8C00C31}","342500","2026-01-16 00:00","PO33 4JF","S","N","F","2","","WHITEHEAD CRESCENT","WOOTTON BRIDGE","RYDE","ISLE OF WIGHT","ISLE OF WIGHT","A","A"
"{49E87C32-00C2-591C-E063-4704A8C00C31}","198000","2026-01-12 00:00","PO33 2QX","T","N","F","1","","WINDSOR MEWS","","RYDE","ISLE OF WIGHT","ISLE OF WIGHT","A","A"
"{49E87C32-00C4-591C-E063-4704A8C00C31}","193000","2026-01-07 00:00","PO36 9NS","T","N","F","45","","JEALS LANE","","SANDOWN","ISLE OF WIGHT","ISLE OF WIGHT","A","A"
"{49E87C32-00D1-591C-E063-4704A8C00C31}","192000","2026-01-14 00:00","PO36 0DN","S","N","L","CHARNWOOD COTTAGES","8","WEST STREET","BRADING","SANDOWN","ISLE OF WIGHT","ISLE OF WIGHT","A","A"
"{49E87C32-00D4-591C-E063-4704A8C00C31}","131000","2026-01-05 00:00","PO38 1JU","F","N","L","SILVERMERE COURT","FLAT 3","ALMA ROAD","","VENTNOR","ISLE OF WIGHT","ISLE OF WIGHT","A","A"
"{49E87C32-00D7-591C-E063-4704A8C00C31}","305000","2026-01-09 00:00","PO40 9SP","S","N","F","ST MICHEL","","MADEIRA LANE","","FRESHWATER","ISLE OF WIGHT","ISLE OF WIGHT","A","A"
"{49E87C32-00D9-591C-E063-4704A8C00C31}","198000","2026-01-16 00:00","PO32 6SA","T","N","F","20","","ALFRED STREET","","EAST COWES","ISLE OF WIGHT","ISLE OF WIGHT","A","A"
"{49E87C32-00DD-591C-E063-4704A8C00C31}","260000","2026-01-23 00:00","PO31 7HD","S","N","F","5","","ASH GROVE","","COWES","ISLE OF WIGHT","ISLE OF WIGHT","A","A"
"{49E87C32-00E9-591C-E063-4704A8C00C31}","215000","2026-01-21 00:00","PO30 5RW","T","N","F","32","","PRIORS WALK","","NEWPORT","ISLE OF WIGHT","ISLE OF WIGHT","A","A"
"{49E87C32-00F1-591C-E063-4704A8C00C31}","198000","2026-01-16 00:00","PO30 2RL","T","N","F","2","","FRANK WILLIAM COURT","","NEWPORT","ISLE OF WIGHT","ISLE OF WIGHT","A","A"
"{49E87C32-00F2-591C-E063-4704A8C00C31}","137000","2026-01-09 00:00","PO37 7AG","F","N","L","6","","CLARENDON ROAD","","SHANKLIN","ISLE OF WIGHT","ISLE OF WIGHT","A","A"
"{49E87C32-00F5-591C-E063-4704A8C00C31}","180000","2026-01-12 00:00","PO33 3PD","S","N","F","73","","BINSTEAD ROAD","","RYDE","ISLE OF WIGHT","ISLE OF WIGHT","A","A"
"{49E87C32-00FC-591C-E063-4704A8C00C31}","575000","2026-01-06 00:00","PO37 7PS","D","N","F","WOODSIDE","","UPPER HYDE FARM LANE","","SHANKLIN","ISLE OF WIGHT","ISLE OF WIGHT","A","A"
"{49E87C32-00FE-591C-E063-4704A8C00C31}","162500","2026-01-06 00:00","PO37 6ES","F","N","L","NORTHCLIFF HEIGHTS","FLAT 2","NORTHCLIFF GARDENS","","SHANKLIN","ISLE OF WIGHT","ISLE OF WIGHT","A","A"
"{49E87C32-0101-591C-E063-4704A8C00C31}","176000","2026-01-26 00:00","PO33 3EH","S","N","L","67","","ST MICHAELS AVENUE","","RYDE","ISLE OF WIGHT","ISLE OF WIGHT","A","A"
"{49E87C32-0102-591C-E063-4704A8C00C31}","340000","2026-01-23 00:00","PO30 5FQ","S","N","F","8","","ACACIA CLOSE","","NEWPORT","ISLE OF WIGHT","ISLE OF WIGHT","A","A"
"{49E87C32-0107-591C-E063-4704A8C00C31}","230000","2026-01-05 00:00","PO30 1RF","S","N","F","4","","WINSTON ROAD","","NEWPORT","ISLE OF WIGHT","ISLE OF WIGHT","A","A"
"{49E87C32-0113-591C-E063-4704A8C00C31}","240000","2026-01-06 00:00","PO37 6RN","F","N","L","THE REACH, 12","APARTMENT 8","LUCCOMBE ROAD","","SHANKLIN","ISLE OF WIGHT","ISLE OF WIGHT","A","A"
"{49E87C32-0118-591C-E063-4704A8C00C31}","473000","2026-01-09 00:00","PO37 6ET","S","N","L","2","","ST BONIFACE CLIFF ROAD","","SHANKLIN","ISLE OF WIGHT","ISLE OF WIGHT","A","A"
"{49E87C32-011D-591C-E063-4704A8C00C31}","560000","2026-01-14 00:00","PO37 7NW","D","N","F","9","","RUSHCLOSE","","SHANKLIN","ISLE OF WIGHT","ISLE OF WIGHT","A","A"
"{49E87C32-011F-591C-E063-4704A8C00C31}","175000","2026-01-14 00:00","PO33 3DS","F","N","L","MOUNTBATTEN MEWS, 17","FLAT 3","PARTLANDS AVENUE","","RYDE","ISLE OF WIGHT","ISLE OF WIGHT","A","A"
"{49E87C32-0123-591C-E063-4704A8C00C31}","390000","2026-01-15 00:00","PO33 1BN","D","N","F","7","","ARUNDEL ROAD","ELMFIELD","RYDE","ISLE OF WIGHT","ISLE OF WIGHT","A","A"
"{49E87C32-0126-591C-E063-4704A8C00C31}","170000","2026-01-09 00:00","PO32 6EF","T","N","F","54","","ST DAVIDS ROAD","","EAST COWES","ISLE OF WIGHT","ISLE OF WIGHT","A","A"
"{49E87C32-0131-591C-E063-4704A8C00C31}","175000","2026-01-09 00:00","PO33 3EH","S","N","F","56","","ST MICHAELS AVENUE","","RYDE","ISLE OF WIGHT","ISLE OF WIGHT","A","A"
"{49E87C32-0132-591C-E063-4704A8C00C31}","350000","2026-01-08 00:00","PO33 2BQ","S","N","L","55","","PARK ROAD","","RYDE","ISLE OF WIGHT","ISLE OF WIGHT","A","A"
"{49E87C32-0133-591C-E063-4704A8C00C31}","118000","2026-01-19 00:00","PO30 5DD","F","N","L","RONAN COURT, 27","FLAT 2","MILL STREET","","NEWPORT","ISLE OF WIGHT","ISLE OF WIGHT","A","A"
"{49E87C32-0136-591C-E063-4704A8C00C31}","185000","2026-01-12 00:00","PO39 0AQ","F","N","L","6C","","HURST POINT VIEW","","TOTLAND BAY","ISLE OF WIGHT","ISLE OF WIGHT","A","A"
"{49E87C32-013B-591C-E063-4704A8C00C31}","223000","2026-01-07 00:00","PO30 2JD","S","N","F","20","","BELLECROFT DRIVE","","NEWPORT","ISLE OF WIGHT","ISLE OF WIGHT","A","A"
"{49E87C32-013D-591C-E063-4704A8C00C31}","292000","2026-01-06 00:00","PO31 7BB","T","N","F","18","","PLACE SIDE","","COWES","ISLE OF WIGHT","ISLE OF WIGHT","A","A"
"{49E87C32-013E-591C-E063-4704A8C00C31}","421000","2026-01-14 00:00","PO36 0NF","S","N","F","WISTERIA COTTAGE","","HIGH STREET","NEWCHURCH","SANDOWN","ISLE OF WIGHT","ISLE OF WIGHT","A","A"
"{49E87C32-0143-591C-E063-4704A8C00C31}","165000","2026-01-08 00:00","PO38 2DZ","S","N","F","45B","","ALLOTMENT ROAD","NITON","VENTNOR","ISLE OF WIGHT","ISLE OF WIGHT","A","A"
"{49E87C32-014A-591C-E063-4704A8C00C31}","85000","2026-01-05 00:00","PO36 0LW","F","N","L","FERNHILL COURT","FLAT 4","PARKWAY","APSE HEATH","SANDOWN","ISLE OF WIGHT","ISLE OF WIGHT","A","A"
"{49E87C31-F803-591C-E063-4704A8C00C31}","438000","2026-01-27 00:00","PO38 2DS","D","N","F","9","","PRIORY WALK","NITON","VENTNOR","ISLE OF WIGHT","ISLE OF WIGHT","A","A"
"{49E87C31-F91B-591C-E063-4704A8C00C31}","525000","2026-01-20 00:00","PO35 5RL","D","N","F","8","","ROLFS CLOSE","","BEMBRIDGE","ISLE OF WIGHT","ISLE OF WIGHT","A","A"
"{49E87C32-D51E-591C-E063-4704A8C00C31}","225000","2026-01-14 00:00","PO30 5SU","T","N","F","53","","PURDY ROAD","","NEWPORT","ISLE OF WIGHT","ISLE OF WIGHT","B","A"
"{49E87C32-D521-591C-E063-4704A8C00C31}","108000","2026-01-09 00:00","PO33 2RL","T","N","L","10","","ST JOHNS ROAD","","RYDE","ISLE OF WIGHT","ISLE OF WIGHT","B","A"
"{49E87C32-D523-591C-E063-4704A8C00C31}","220000","2026-01-07 00:00","PO33 1DD","S","N","F","78","","GREAT PRESTON ROAD","","RYDE","ISLE OF WIGHT","ISLE OF WIGHT","B","A"
"{49E87C32-D524-591C-E063-4704A8C00C31}","677150","2026-01-05 00:00","PO36 9DQ","D","N","F","MAGNOLIA HOUSE, 20 - 22","","BROADWAY","","SANDOWN","ISLE OF WIGHT","ISLE OF WIGHT","B","A"
"{49E87C32-D52B-591C-E063-4704A8C00C31}","245000","2026-01-16 00:00","PO40 9JW","O","N","F","92","","COLLARDS CLOSE","","FRESHWATER","ISLE OF WIGHT","ISLE OF WIGHT","B","A"
"{49E87C32-D555-591C-E063-4704A8C00C31}","954000","2026-01-23 00:00","PO30 5UG","O","N","F","HANGAR PARK","UNIT 1","FOREST ROAD","","NEWPORT","ISLE OF WIGHT","ISLE OF WIGHT","B","A"
"{49E87C32-D2A0-591C-E063-4704A8C00C31}","292000","2026-01-05 00:00","PO30 2LR","D","N","F","16","","COOPER ROAD","","NEWPORT","ISLE OF WIGHT","ISLE OF WIGHT","B","A"
"{49E87C32-D2E2-591C-E063-4704A8C00C31}","200000","2026-01-14 00:00","PO33 2TU","T","N","F","68","","SANDCROFT AVENUE","","RYDE","ISLE OF WIGHT","ISLE OF WIGHT","B","A"
"{49E87C31-F825-591C-E063-4704A8C00C31}","275000","2025-12-02 00:00","PO38 2BL","S","N","F","13","","GLEN APPROACH","NITON","VENTNOR","ISLE OF WIGHT","ISLE OF WIGHT","A","A"
"{49E87C31-F827-591C-E063-4704A8C00C31}","240000","2025-03-31 00:00","PO33 1YE","T","N","F","23","","DOWNS VIEW ROAD","ST HELENS","RYDE","ISLE OF WIGHT","ISLE OF WIGHT","A","A"
"{49E87C31-F831-591C-E063-4704A8C00C31}","300000","2025-12-19 00:00","PO31 8HH","T","N","F","18","","CHURCHILL ROAD","","COWES","ISLE OF WIGHT","ISLE OF WIGHT","A","A"
"{49E87C31-F5BF-591C-E063-4704A8C00C31}","370000","2025-12-11 00:00","PO37 7EH","D","N","F","43","","DOWNLAND VIEW","","SHANKLIN","ISLE OF WIGHT","ISLE OF WIGHT","B","A"
"{49E87C31-F893-591C-E063-4704A8C00C31}","178000","2025-12-05 00:00","PO33 2TU","T","N","F","81","","SANDCROFT AVENUE","","RYDE","ISLE OF WIGHT","ISLE OF WIGHT","A","A"
"{49E87C32-00A1-591C-E063-4704A8C00C31}","83000","2025-12-19 00:00","PO37 7NL","F","N","L","41A","","BLYTHE WAY","","SHANKLIN","ISLE OF WIGHT","ISLE OF WIGHT","A","A"
"{49E87C32-00A2-591C-E063-4704A8C00C31}","225000","2025-09-09 00:00","PO40 9QW","T","N","F","1","","BRISTOL TERRACE","","FRESHWATER","ISLE OF WIGHT","ISLE OF WIGHT","A","A"
"{49E87C32-00A3-591C-E063-4704A8C00C31}","177000","2025-12-10 00:00","PO33 2PD","T","N","L","13","","BRIGSTOCKE TERRACE","","RYDE","ISLE OF WIGHT","ISLE OF WIGHT","A","A"
"{49E87C32-00A4-591C-E063-4704A8C00C31}","151500","2025-12-19 00:00","PO30 5JF","T","N","F","17","","WORSLEY ROAD","","NEWPORT","ISLE OF WIGHT","ISLE OF WIGHT","A","A"
"{49E87C32-00A5-591C-E063-4704A8C00C31}","270000","2025-02-03 00:00","PO30 1NY","S","N","F","44","","NODGHAM LANE","","NEWPORT","ISLE OF WIGHT","ISLE OF WIGHT","A","A"
"{49E87C32-00A7-591C-E063-4704A8C00C31}","318000","2025-01-31 00:00","PO30 4BD","D","N","F","32","","WILBERFORCE ROAD","BRIGHSTONE","NEWPORT","ISLE OF WIGHT","ISLE OF WIGHT","A","A"
"{49E87C32-00A8-591C-E063-4704A8C00C31}","320000","2025-12-05 00:00","PO33 3TL","D","N","F","52","","BINSTEAD LODGE ROAD","BINSTEAD","RYDE","ISLE OF WIGHT","ISLE OF WIGHT","A","A"
"{49E87C32-00A9-591C-E063-4704A8C00C31}","495000","2025-12-17 00:00","PO34 5JT","D","N","F","26","","CAWS AVENUE","NETTLESTONE","SEAVIEW","ISLE OF WIGHT","ISLE OF WIGHT","A","A"
"{49E87C32-00AD-591C-E063-4704A8C00C31}","108000","2025-08-19 00:00","PO33 2JE","F","N","L","CROFTON HOUSE, 105","FLAT 2","GEORGE STREET","","RYDE","ISLE OF WIGHT","ISLE OF WIGHT","A","A"
"{49E87C32-00B1-591C-E063-4704A8C00C31}","332000","2025-12-17 00:00","PO33 1UU","S","N","F","SOUTHFIELD","","FIELD LANE","ST HELENS","RYDE","ISLE OF WIGHT","ISLE OF WIGHT","A","A"
"{49E87C32-00AE-591C-E063-4704A8C00C31}","567000","2025-09-12 00:00","PO40 9QS","D","N","F","NEW HAVEN","","BAY ROAD","","FRESHWATER","ISLE OF WIGHT","ISLE OF WIGHT","A","A"
"{49E87C32-00AF-591C-E063-4704A8C00C31}","177000","2025-11-10 00:00","PO38 1HG","D","N","F","57","","ST CATHERINE STREET","","VENTNOR","ISLE OF WIGHT","ISLE OF WIGHT","A","A"
"{49E87C32-00B0-591C-E063-4704A8C00C31}","815000","2025-12-05 00:00","PO38 2LJ","D","N","F","GRANFERS COTTAGE","","SOUTHDOWN LANE","CHALE","VENTNOR","ISLE OF WIGHT","ISLE OF WIGHT","A","A"
"{49E87C32-00B2-591C-E063-4704A8C00C31}","155000","2025-10-28 00:00","PO33 1LW","F","N","L","THE COACH HOUSE, 74A","","WEST HILL ROAD","","RYDE","ISLE OF WIGHT","ISLE OF WIGHT","A","A"
"{49E87C32-00B3-591C-E063-4704A8C00C31}","495000","2025-12-04 00:00","PO40 9LX","D","N","F","WESTBYNOR","","COLWELL LANE","","FRESHWATER","ISLE OF WIGHT","ISLE OF WIGHT","A","A"
"{49E87C32-00B4-591C-E063-4704A8C00C31}","175000","2025-12-19 00:00","PO35 5XU","F","N","L","THE RED HOUSE, 76","FLAT 3","MEADOW DRIVE","","BEMBRIDGE","ISLE OF WIGHT","ISLE OF WIGHT","A","A"
"{49E87C32-00B6-591C-E063-4704A8C00C31}","207000","2025-03-12 00:00","PO33 3EE","S","N","F","8","","SOUTHFIELD GARDENS","","RYDE","ISLE OF WIGHT","ISLE OF WIGHT","A","A"
"{49E87C32-00B7-591C-E063-4704A8C00C31}","430000","2025-06-30 00:00","PO41 0ST","D","N","F","11","","HOLMFIELD AVENUE","THORLEY","YARMOUTH","ISLE OF WIGHT","ISLE OF WIGHT","A","A"
"{49E87C32-00B8-591C-E063-4704A8C00C31}","365000","2025-07-18 00:00","PO30 4AR","S","N","F","ROW DOWN VIEW","1","UPPER LANE","BRIGHSTONE","NEWPORT","ISLE OF WIGHT","ISLE OF WIGHT","A","A"
"{49E87C32-00B9-591C-E063-4704A8C00C31}","335000","2025-12-11 00:00","PO32 6DR","S","N","F","1","","CONNAUGHT ROAD","","EAST COWES","ISLE OF WIGHT","ISLE OF WIGHT","A","A"
"{49E87C32-00BB-591C-E063-4704A8C00C31}","215000","2025-08-29 00:00","PO38 3BX","S","N","F","22","","MOUNTFIELD ROAD","WROXALL","VENTNOR","ISLE OF WIGHT","ISLE OF WIGHT","A","A"
"{49E87C32-00BC-591C-E063-4704A8C00C31}","60000","2025-02-19 00:00","PO33 2EE","F","N","L","23","FLAT 8","CASTLE STREET","","RYDE","ISLE OF WIGHT","ISLE OF WIGHT","A","A"
"{49E87C32-00BD-591C-E063-4704A8C00C31}","210000","2025-12-12 00:00","PO40 9DL","T","N","F","63","","EDINBURGH ROAD","","FRESHWATER","ISLE OF WIGHT","ISLE OF WIGHT","A","A"
"{49E87C32-00BF-591C-E063-4704A8C00C31}","275000","2025-02-13 00:00","PO36 0DZ","T","N","F","5","","STATION GARDENS","BRADING","SANDOWN","ISLE OF WIGHT","ISLE OF WIGHT","A","A"
"{49E87C32-00C1-591C-E063-4704A8C00C31}","261700","2025-12-18 00:00","PO31 7HQ","S","N","F","2","","ARNOLD ROAD","","COWES","ISLE OF WIGHT","ISLE OF WIGHT","A","A"
"{49E87C32-00C3-591C-E063-4704A8C00C31}","121000","2025-12-12 00:00","PO33 1LU","F","N","L","SOMERVILLE","FLAT 1","EAST HILL ROAD","","RYDE","ISLE OF WIGHT","ISLE OF WIGHT","A","A"
"{49E87C32-00C5-591C-E063-4704A8C00C31}","351000","2025-02-11 00:00","PO31 7UB","S","N","F","52","","PLACE ROAD","","COWES","ISLE OF WIGHT","ISLE OF WIGHT","A","A"
"{49E87C32-00C6-591C-E063-4704A8C00C31}","215000","2025-02-11 00:00","PO31 8QZ","S","N","F","2","","NELSON COURT","","COWES","ISLE OF WIGHT","ISLE OF WIGHT","A","A"
"{49E87C32-00C8-591C-E063-4704A8C00C31}","470000","2025-12-04 00:00","PO36 8QP","D","N","F","DELPHI","","YAVERLAND ROAD","","SANDOWN","ISLE OF WIGHT","ISLE OF WIGHT","A","A"
"{49E87C32-00C9-591C-E063-4704A8C00C31}","435000","2025-01-31 00:00","PO39 0AZ","D","N","L","FAIRWAYS","","GRANVILLE ROAD","","TOTLAND BAY","ISLE OF WIGHT","ISLE OF WIGHT","A","A"
"{49E87C32-00CA-591C-E063-4704A8C00C31}","353000","2025-12-18 00:00","PO30 5AR","S","N","F","73","","ALVINGTON ROAD","","NEWPORT","ISLE OF WIGHT","ISLE OF WIGHT","A","A"
"{49E87C32-00CB-591C-E063-4704A8C00C31}","295000","2025-07-31 00:00","PO30 5GR","T","N","F","21","","KESTREL WAY","","NEWPORT","ISLE OF WIGHT","ISLE OF WIGHT","A","A"
"{49E87C32-00CC-591C-E063-4704A8C00C31}","200000","2025-12-08 00:00","PO33 3SP","S","N","F","22","","VERWOOD DRIVE","BINSTEAD","RYDE","ISLE OF WIGHT","ISLE OF WIGHT","A","A"
"{49E87C32-00CD-591C-E063-4704A8C00C31}","335000","2025-09-12 00:00","PO38 1YH","S","N","F","GLENFIELD","","NEWPORT ROAD","","VENTNOR","ISLE OF WIGHT","ISLE OF WIGHT","A","A"
"{49E87C32-00CE-591C-E063-4704A8C00C31}","525000","2025-02-05 00:00","PO37 6ER","D","N","F","11","","CULVER ROAD","","SHANKLIN","ISLE OF WIGHT","ISLE OF WIGHT","A","A"
"{49E87C32-00CF-591C-E063-4704A8C00C31}","260000","2025-12-15 00:00","PO31 7PX","T","N","F","34","","MILTON ROAD","","COWES","ISLE OF WIGHT","ISLE OF WIGHT","A","A"
"{49E87C32-00D0-591C-E063-4704A8C00C31}","165000","2025-12-18 00:00","PO31 7JW","T","N","F","79","","FELLOWS ROAD","","COWES","ISLE OF WIGHT","ISLE OF WIGHT","A","A"
"{49E87C32-00D2-591C-E063-4704A8C00C31}","190000","2025-12-19 00:00","PO31 8AQ","T","N","F","8","","WROXALL CLOSE","","COWES","ISLE OF WIGHT","ISLE OF WIGHT","A","A"
"{49E87C32-00D3-591C-E063-4704A8C00C31}","178000","2025-12-05 00:00","PO33 2RR","S","N","F","2","","ABINGDON ROAD","","RYDE","ISLE OF WIGHT","ISLE OF WIGHT","A","A"
"{49E87C32-00D5-591C-E063-4704A8C00C31}","315000","2025-01-31 00:00","PO31 7ND","T","N","F","13","","ALBERT STREET","","COWES","ISLE OF WIGHT","ISLE OF WIGHT","A","A"
"{49E87C32-00D6-591C-E063-4704A8C00C31}","585000","2025-10-31 00:00","PO33 4NR","D","N","F","71","","LUSHINGTON HILL","WOOTTON BRIDGE","RYDE","ISLE OF WIGHT","ISLE OF WIGHT","A","A"
"{49E87C32-00D8-591C-E063-4704A8C00C31}","187500","2025-11-28 00:00","PO38 1AH","S","N","F","1","","DOWN LANE","","VENTNOR","ISLE OF WIGHT","ISLE OF WIGHT","A","A"
"{49E87C32-00DA-591C-E063-4704A8C00C31}","195000","2025-12-12 00:00","PO30 5JB","T","N","F","104","","WORSLEY ROAD","","NEWPORT","ISLE OF WIGHT","ISLE OF WIGHT","A","A"
"{49E87C32-00DF-591C-E063-4704A8C00C31}","139000","2025-11-11 00:00","PO33 1LN","F","N","L","WALTON LODGE, 48","FLAT 3","WEST HILL ROAD","","RYDE","ISLE OF WIGHT","ISLE OF WIGHT","A","A"
"{49E87C32-00DB-591C-E063-4704A8C00C31}","680000","2025-12-10 00:00","PO38 1XD","D","N","F","ST. MARYS LODGE","","SPINDLERS ROAD","ST LAWRENCE","VENTNOR","ISLE OF WIGHT","ISLE OF WIGHT","A","A"
"{49E87C32-00DC-591C-E063-4704A8C00C31}","280000","2025-08-01 00:00","PO31 7EF","D","N","F","1","","WEST HILL GROVE","","COWES","ISLE OF WIGHT","ISLE OF WIGHT","A","A"
"{49E87C32-00DE-591C-E063-4704A8C00C31}","955000","2025-12-18 00:00","PO30 1XP","D","N","F","THORNCROFT, 72","","WATERGATE ROAD","","NEWPORT","ISLE OF WIGHT","ISLE OF WIGHT","A","A"
"{49E87C32-00E0-591C-E063-4704A8C00C31}","105000","2025-11-21 00:00","PO37 6AS","F","N","L","BROADLANDS LODGE, 14","UPPER LODGE","PALMERSTON ROAD","","SHANKLIN","ISLE OF WIGHT","ISLE OF WIGHT","A","A"
"{49E87C32-00E1-591C-E063-4704A8C00C31}","295000","2025-11-28 00:00","PO30 5YJ","D","N","F","38","","LARK RISE","","NEWPORT","ISLE OF WIGHT","ISLE OF WIGHT","A","A"
"{49E87C32-00E2-591C-E063-4704A8C00C31}","228000","2025-09-04 00:00","PO33 1BS","S","N","F","8","","ARUNDEL CLOSE","","RYDE","ISLE OF WIGHT","ISLE OF WIGHT","A","A"
"{49E87C32-00E3-591C-E063-4704A8C00C31}","225000","2025-12-16 00:00","PO36 0PD","S","N","F","15","","THE CHASE","APSE HEATH","SANDOWN","ISLE OF WIGHT","ISLE OF WIGHT","A","A"
"{49E87C32-00E4-591C-E063-4704A8C00C31}","1020000","2025-08-27 00:00","PO31 7HY","T","N","F","41","","SUN HILL","","COWES","ISLE OF WIGHT","ISLE OF WIGHT","A","A"
"{49E87C32-00E5-591C-E063-4704A8C00C31}","337000","2025-12-12 00:00","PO38 2BB","S","N","F","THE HAVEN","2","INSTITUTE HILL","NITON","VENTNOR","ISLE OF WIGHT","ISLE OF WIGHT","A","A"
"{49E87C32-00E6-591C-E063-4704A8C00C31}","265000","2025-12-18 00:00","PO36 9PZ","D","N","F","12","","COPSE END","","SANDOWN","ISLE OF WIGHT","ISLE OF WIGHT","A","A"
"{49E87C32-00E7-591C-E063-4704A8C00C31}","200000","2025-12-05 00:00","PO36 9QH","D","N","F","20","","BLACKPAN CLOSE","","SANDOWN","ISLE OF WIGHT","ISLE OF WIGHT","A","A"
"{49E87C32-00E8-591C-E063-4704A8C00C31}","246000","2025-09-26 00:00","PO33 1ER","S","N","F","3C","","ST JOHNS AVENUE","","RYDE","ISLE OF WIGHT","ISLE OF WIGHT","A","A"
"{49E87C32-00EA-591C-E063-4704A8C00C31}","496000","2025-09-11 00:00","PO36 0HE","D","N","F","GARSTONE","","YOUNGWOODS WAY","ALVERSTONE GARDEN VILLAGE","SANDOWN","ISLE OF WIGHT","ISLE OF WIGHT","A","A"
"{49E87C32-00EB-591C-E063-4704A8C00C31}","117000","2025-12-12 00:00","PO31 7DF","T","N","F","39","","ST ANDREWS STREET","","COWES","ISLE OF WIGHT","ISLE OF WIGHT","A","A"
"{49E87C32-00EC-591C-E063-4704A8C00C31}","131000","2025-09-24 00:00","PO30 5AD","T","N","F","42","","CLIFFORD STREET","","NEWPORT","ISLE OF WIGHT","ISLE OF WIGHT","A","A"
"{49E87C32-00ED-591C-E063-4704A8C00C31}","615000","2025-09-29 00:00","PO38 1LX","D","N","F","9","","FOXHILLS","","VENTNOR","ISLE OF WIGHT","ISLE OF WIGHT","A","A"
"{49E87C32-00EE-591C-E063-4704A8C00C31}","230000","2025-12-12 00:00","PO38 3JH","S","N","F","64","","YARBOROUGH CLOSE","GODSHILL","VENTNOR","ISLE OF WIGHT","ISLE OF WIGHT","A","A"
"{49E87C32-00EF-591C-E063-4704A8C00C31}","605000","2025-12-01 00:00","PO33 1JD","D","N","F","WEST TURRET, 2","","THE STRAND","","RYDE","ISLE OF WIGHT","ISLE OF WIGHT","A","A"
"{49E87C32-00F0-591C-E063-4704A8C00C31}","295000","2025-12-12 00:00","PO33 2BS","S","N","F","2B","","WOOD STREET","","RYDE","ISLE OF WIGHT","ISLE OF WIGHT","A","A"
"{49E87C32-00F3-591C-E063-4704A8C00C31}","215000","2025-12-11 00:00","PO32 6JW","S","N","F","15","","KINGSLEA PARK","","EAST COWES","ISLE OF WIGHT","ISLE OF WIGHT","A","A"
"{49E87C32-00F4-591C-E063-4704A8C00C31}","235000","2025-12-12 00:00","PO32 6JW","S","N","F","14","","KINGSLEA PARK","","EAST COWES","ISLE OF WIGHT","ISLE OF WIGHT","A","A"
"{49E87C32-00F6-591C-E063-4704A8C00C31}","500000","2025-07-23 00:00","PO38 1XU","S","N","F","BELVEDERE COTTAGE","","OLD PARK ROAD","ST LAWRENCE","VENTNOR","ISLE OF WIGHT","ISLE OF WIGHT","A","A"
"{49E87C32-00F7-591C-E063-4704A8C00C31}","525000","2025-08-26 00:00","PO34 5HY","D","N","F","18","","SOLENT VIEW ROAD","","SEAVIEW","ISLE OF WIGHT","ISLE OF WIGHT","A","A"
"{49E87C32-00F8-591C-E063-4704A8C00C31}","415000","2025-12-18 00:00","PO33 4DN","D","N","F","LINDISFARNE","","CHURCH ROAD","HAVENSTREET","RYDE","ISLE OF WIGHT","ISLE OF WIGHT","A","A"
"{49E87C32-00F9-591C-E063-4704A8C00C31}","130000","2025-12-18 00:00","PO33 2BB","F","N","L","75","FLAT 2","MONKTON STREET","","RYDE","ISLE OF WIGHT","ISLE OF WIGHT","A","A"
"{49E87C32-00FA-591C-E063-4704A8C00C31}","200000","2025-02-28 00:00","PO33 2BB","S","N","L","72","","MONKTON STREET","","RYDE","ISLE OF WIGHT","ISLE OF WIGHT","A","A"
"{49E87C32-00FB-591C-E063-4704A8C00C31}","230000","2025-12-18 00:00","PO30 1EW","T","N","F","25","","CLARENCE ROAD","","NEWPORT","ISLE OF WIGHT","ISLE OF WIGHT","A","A"
"{49E87C32-00FD-591C-E063-4704A8C00C31}","385000","2025-12-19 00:00","PO36 0NE","D","N","F","WINDRUSH","","WINFORD ROAD","NEWCHURCH","SANDOWN","ISLE OF WIGHT","ISLE OF WIGHT","A","A"
"{49E87C32-00FF-591C-E063-4704A8C00C31}","353350","2025-02-14 00:00","PO33 4PT","D","N","F","5","","CHURCH ROAD","WOOTTON BRIDGE","RYDE","ISLE OF WIGHT","ISLE OF WIGHT","A","A"
"{49E87C32-0100-591C-E063-4704A8C00C31}","450000","2025-02-14 00:00","PO39 0DZ","D","N","F","AVALON","","UPLANDS ROAD","","TOTLAND BAY","ISLE OF WIGHT","ISLE OF WIGHT","A","A"
"{49E87C32-0103-591C-E063-4704A8C00C31}","388000","2025-07-21 00:00","PO30 5SJ","D","N","F","48","","MOUNTBATTEN DRIVE","","NEWPORT","ISLE OF WIGHT","ISLE OF WIGHT","A","A"
"{49E87C32-0104-591C-E063-4704A8C00C31}","765000","2025-08-15 00:00","PO31 7TW","T","N","F","19","","UNION ROAD","","COWES","ISLE OF WIGHT","ISLE OF WIGHT","A","A"
"{49E87C32-0109-591C-E063-4704A8C00C31}","235000","2025-12-12 00:00","PO31 7FA","S","N","F","9","","OSBORNE CHASE","","COWES","ISLE OF WIGHT","ISLE OF WIGHT","A","A"
"{49E87C32-0105-591C-E063-4704A8C00C31}","290000","2025-08-22 00:00","PO31 7QB","T","N","F","14","","FRASER CLOSE","","COWES","ISLE OF WIGHT","ISLE OF WIGHT","A","A"
"{49E87C32-0106-591C-E063-4704A8C00C31}","340000","2025-12-18 00:00","PO36 8NA","D","N","F","CHESTER COURT","1","BEACHFIELD ROAD","","SANDOWN","ISLE OF WIGHT","ISLE OF WIGHT","A","A"
"{49E87C32-0108-591C-E063-4704A8C00C31}","400000","2025-11-27 00:00","PO31 8BN","T","N","F","52","","CLIFF ROAD","","COWES","ISLE OF WIGHT","ISLE OF WIGHT","A","A"
"{49E87C32-010A-591C-E063-4704A8C00C31}","398500","2025-12-19 00:00","PO30 4DJ","D","N","F","WEIRSIDE COTTAGE","","MAIN ROAD","BRIGHSTONE","NEWPORT","ISLE OF WIGHT","ISLE OF WIGHT","A","A"
"{49E87C32-010B-591C-E063-4704A8C00C31}","270000","2025-02-12 00:00","PO30 1NS","S","N","F","11","","CASTLE STREET","","NEWPORT","ISLE OF WIGHT","ISLE OF WIGHT","A","A"
"{49E87C32-010C-591C-E063-4704A8C00C31}","230000","2025-12-05 00:00","PO36 9NH","D","N","F","44","","JAMES AVENUE","","SANDOWN","ISLE OF WIGHT","ISLE OF WIGHT","A","A"
"{49E87C32-010D-591C-E063-4704A8C00C31}","185000","2025-12-05 00:00","PO31 8LR","F","N","L","WOODSIDE, 8","FLAT 4","WOODSIDE CLOSE","","COWES","ISLE OF WIGHT","ISLE OF WIGHT","A","A"
"{49E87C32-010E-591C-E063-4704A8C00C31}","345000","2025-12-16 00:00","PO33 3NB","T","N","F","WINDSOR HOUSE","","BINSTEAD ROAD","","RYDE","ISLE OF WIGHT","ISLE OF WIGHT","A","A"
"{49E87C32-010F-591C-E063-4704A8C00C31}","302500","2025-12-03 00:00","PO31 7NE","T","N","F","194","","PARK ROAD","","COWES","ISLE OF WIGHT","ISLE OF WIGHT","A","A"
"{49E87C32-0110-591C-E063-4704A8C00C31}","298500","2025-02-21 00:00","PO37 7AG","S","N","F","26","","CLARENDON ROAD","","SHANKLIN","ISLE OF WIGHT","ISLE OF WIGHT","A","A"
"{49E87C32-0111-591C-E063-4704A8C00C31}","545000","2025-06-27 00:00","PO30 4NJ","S","N","F","OLD BARN HOUSE","","STATION ROAD","NINGWOOD","NEWPORT","ISLE OF WIGHT","ISLE OF WIGHT","A","A"
"{49E87C32-0112-591C-E063-4704A8C00C31}","380000","2025-12-04 00:00","PO33 3JA","D","N","F","18","","MITCHELLS ROAD","HAYLANDS","RYDE","ISLE OF WIGHT","ISLE OF WIGHT","A","A"
"{49E87C32-0114-591C-E063-4704A8C00C31}","175000","2025-10-31 00:00","PO30 2AQ","S","N","F","36","","ASH ROAD","","NEWPORT","ISLE OF WIGHT","ISLE OF WIGHT","A","A"
"{49E87C32-0115-591C-E063-4704A8C00C31}","230000","2025-10-31 00:00","PO33 3PW","T","N","F","57","","SHERBOURNE AVENUE","","RYDE","ISLE OF WIGHT","ISLE OF WIGHT","A","A"
"{49E87C32-0116-591C-E063-4704A8C00C31}","236500","2025-12-18 00:00","PO30 1EE","T","N","F","18","","TERRACE ROAD","","NEWPORT","ISLE OF WIGHT","ISLE OF WIGHT","A","A"
"{49E87C32-0117-591C-E063-4704A8C00C31}","235000","2025-11-20 00:00","PO38 3HW","T","N","F","6","","MOOR VIEW","GODSHILL","VENTNOR","ISLE OF WIGHT","ISLE OF WIGHT","A","A"
"{49E87C32-0119-591C-E063-4704A8C00C31}","229000","2025-12-17 00:00","PO33 1LS","F","N","L","UPWOOD","FLAT 3","EAST HILL ROAD","","RYDE","ISLE OF WIGHT","ISLE OF WIGHT","A","A"
"{49E87C32-011A-591C-E063-4704A8C00C31}","280000","2025-08-29 00:00","PO36 8HL","S","N","F","67","","STATION AVENUE","","SANDOWN","ISLE OF WIGHT","ISLE OF WIGHT","A","A"
"{49E87C32-011B-591C-E063-4704A8C00C31}","261000","2025-12-11 00:00","PO32 6GF","T","N","F","5","","ABBEY WALK","","EAST COWES","ISLE OF WIGHT","ISLE OF WIGHT","A","A"
"{49E87C32-011C-591C-E063-4704A8C00C31}","310000","2025-03-11 00:00","PO30 5EZ","T","N","F","35","","SNOWBERRY ROAD","","NEWPORT","ISLE OF WIGHT","ISLE OF WIGHT","A","A"
"{49E87C32-011E-591C-E063-4704A8C00C31}","150000","2025-09-05 00:00","PO31 7EX","F","N","L","MILL HILL LODGE","FLAT 4","MILL HILL ROAD","","COWES","ISLE OF WIGHT","ISLE OF WIGHT","A","A"
"{49E87C32-0120-591C-E063-4704A8C00C31}","285000","2025-09-11 00:00","PO35 5UX","D","N","F","THE WORKSHOP","","MANNA ROAD","","BEMBRIDGE","ISLE OF WIGHT","ISLE OF WIGHT","A","A"
"{49E87C32-0121-591C-E063-4704A8C00C31}","300000","2025-12-15 00:00","PO33 1DG","D","N","F","11A","","LITTLE PRESTON ROAD","","RYDE","ISLE OF WIGHT","ISLE OF WIGHT","A","A"
"{49E87C32-0122-591C-E063-4704A8C00C31}","205000","2025-12-19 00:00","PO30 5FR","T","N","F","44","","SYLVAN DRIVE","","NEWPORT","ISLE OF WIGHT","ISLE OF WIGHT","A","A"
"{49E87C32-0124-591C-E063-4704A8C00C31}","210000","2025-09-02 00:00","PO38 1LL","F","N","L","PRIORY COURT","FLAT 8","ZIG ZAG ROAD","","VENTNOR","ISLE OF WIGHT","ISLE OF WIGHT","A","A"
"{49E87C32-0125-591C-E063-4704A8C00C31}","335000","2025-12-16 00:00","PO36 9EG","D","N","F","56","","THE FAIRWAY","LAKE","SANDOWN","ISLE OF WIGHT","ISLE OF WIGHT","A","A"
"{49E87C32-0127-591C-E063-4704A8C00C31}","280000","2025-01-31 00:00","PO36 9EL","D","N","F","10","","FAIRVIEW CRESCENT","LAKE","SANDOWN","ISLE OF WIGHT","ISLE OF WIGHT","A","A"
"{49E87C32-0128-591C-E063-4704A8C00C31}","445000","2025-12-03 00:00","PO31 8AB","D","N","F","26","","NODES ROAD","NORTHWOOD","COWES","ISLE OF WIGHT","ISLE OF WIGHT","A","A"
"{49E87C32-0129-591C-E063-4704A8C00C31}","225000","2025-12-12 00:00","PO32 6RT","D","N","F","41","","YORK AVENUE","","EAST COWES","ISLE OF WIGHT","ISLE OF WIGHT","A","A"
"{49E87C32-012B-591C-E063-4704A8C00C31}","375000","2025-12-15 00:00","PO33 1AT","D","N","F","145","","MARLBOROUGH ROAD","","RYDE","ISLE OF WIGHT","ISLE OF WIGHT","A","A"
"{49E87C32-012C-591C-E063-4704A8C00C31}","559000","2025-12-18 00:00","PO30 1YQ","D","N","F","10","","SHIDE ROAD","","NEWPORT","ISLE OF WIGHT","ISLE OF WIGHT","A","A"
"{49E87C32-012D-591C-E063-4704A8C00C31}","250000","2025-12-12 00:00","PO30 2FT","T","N","F","4","","MERRICK CLOSE","","NEWPORT","ISLE OF WIGHT","ISLE OF WIGHT","A","A"
"{49E87C32-012E-591C-E063-4704A8C00C31}","536000","2025-08-08 00:00","PO35 5SZ","S","N","F","HAZEL COTTAGE","","LANE END ROAD","","BEMBRIDGE","ISLE OF WIGHT","ISLE OF WIGHT","A","A"
"{49E87C31-F6BE-591C-E063-4704A8C00C31}","289000","2025-01-30 00:00","PO30 1XR","D","N","F","15","","CHATFIELD LODGE","","NEWPORT","ISLE OF WIGHT","ISLE OF WIGHT","A","A"
"{49E87C32-0135-591C-E063-4704A8C00C31}","200000","2025-11-20 00:00","PO30 1DT","T","N","F","31","","CASTLE ROAD","","NEWPORT","ISLE OF WIGHT","ISLE OF WIGHT","A","A"
"{49E87C32-012F-591C-E063-4704A8C00C31}","177000","2025-12-19 00:00","PO32 6DU","T","N","F","21","","ORCHARD ROAD","","EAST COWES","ISLE OF WIGHT","ISLE OF WIGHT","A","A"
"{49E87C32-0130-591C-E063-4704A8C00C31}","360000","2025-09-12 00:00","PO39 0FD","F","N","L","VICTORIA COURT","FLAT 6","HURST POINT VIEW","","TOTLAND BAY","ISLE OF WIGHT","ISLE OF WIGHT","A","A"
"{49E87C32-0134-591C-E063-4704A8C00C31}","375000","2025-12-18 00:00","PO30 2DY","T","N","F","5","","CORMORANT GROVE","","NEWPORT","ISLE OF WIGHT","ISLE OF WIGHT","A","A"
"{49E87C32-0137-591C-E063-4704A8C00C31}","215000","2025-12-02 00:00","PO35 5AA","F","N","L","SILVER SANDS COURT","APARTMENT 7","CHURCH ROAD","","BEMBRIDGE","ISLE OF WIGHT","ISLE OF WIGHT","A","A"
"{49E87C32-0138-591C-E063-4704A8C00C31}","187000","2025-02-04 00:00","PO30 1EW","T","N","F","33","","CLARENCE ROAD","","NEWPORT","ISLE OF WIGHT","ISLE OF WIGHT","A","A"
"{49E87C32-0139-591C-E063-4704A8C00C31}","368000","2025-12-12 00:00","PO31 8LN","S","N","F","2","","PALLANCE ROAD","NORTHWOOD","COWES","ISLE OF WIGHT","ISLE OF WIGHT","A","A"
"{49E87C32-013A-591C-E063-4704A8C00C31}","305000","2025-12-17 00:00","PO33 1ER","D","N","F","19","","ST JOHNS AVENUE","","RYDE","ISLE OF WIGHT","ISLE OF WIGHT","A","A"
"{49E87C32-013C-591C-E063-4704A8C00C31}","283500","2025-06-23 00:00","PO40 9HU","D","N","F","THE FRONTAGE","","NEW VILLAGE","","FRESHWATER","ISLE OF WIGHT","ISLE OF WIGHT","A","A"
"{49E87C32-013F-591C-E063-4704A8C00C31}","315000","2025-12-18 00:00","PO38 3BY","S","N","F","23","","CLARENCE ROAD","WROXALL","VENTNOR","ISLE OF WIGHT","ISLE OF WIGHT","A","A"
"{49E87C32-0140-591C-E063-4704A8C00C31}","305000","2025-12-02 00:00","PO37 6HD","S","N","F","OLD SCHOOL HOUSE","1","HOWARD ROAD","","SHANKLIN","ISLE OF WIGHT","ISLE OF WIGHT","A","A"
"{49E87C32-0141-591C-E063-4704A8C00C31}","445000","2025-11-07 00:00","PO31 8PN","S","N","F","14","","CORONATION AVENUE","","COWES","ISLE OF WIGHT","ISLE OF WIGHT","A","A"
"{49E87C32-0142-591C-E063-4704A8C00C31}","407500","2025-07-18 00:00","PO31 8AE","S","N","F","104","","NODES ROAD","NORTHWOOD","COWES","ISLE OF WIGHT","ISLE OF WIGHT","A","A"
"{49E87C32-0146-591C-E063-4704A8C00C31}","305000","2025-08-22 00:00","PO36 9NH","D","N","F","38","","JAMES AVENUE","","SANDOWN","ISLE OF WIGHT","ISLE OF WIGHT","A","A"
"{49E87C32-0147-591C-E063-4704A8C00C31}","240000","2025-10-28 00:00","PO30 2FA","S","N","F","16","","SWAN STREET","","NEWPORT","ISLE OF WIGHT","ISLE OF WIGHT","A","A"
"{49E87C32-0149-591C-E063-4704A8C00C31}","167000","2025-11-04 00:00","PO30 2FA","F","N","L","CYGNET COURT, 2","FLAT 3","SWAN STREET","","NEWPORT","ISLE OF WIGHT","ISLE OF WIGHT","A","A"
"{49E87C32-014B-591C-E063-4704A8C00C31}","425000","2025-07-18 00:00","PO33 1DR","S","N","F","20","","GREAT PRESTON ROAD","","RYDE","ISLE OF WIGHT","ISLE OF WIGHT","A","A"
"{49E87C32-014C-591C-E063-4704A8C00C31}","225000","2025-07-09 00:00","PO33 1AL","S","N","F","6","","CIRCULAR ROAD","","RYDE","ISLE OF WIGHT","ISLE OF WIGHT","A","A"
"{49E87C32-014D-591C-E063-4704A8C00C31}","94000","2025-12-08 00:00","PO30 1TS","F","N","L","TRAFALGAR COURT","FLAT 11","TRAFALGAR ROAD","","NEWPORT","ISLE OF WIGHT","ISLE OF WIGHT","A","A"
"{49E87C32-014E-591C-E063-4704A8C00C31}","390000","2025-12-16 00:00","PO36 8ND","T","N","F","14A","","BEACHFIELD ROAD","","SANDOWN","ISLE OF WIGHT","ISLE OF WIGHT","A","A"
"{49E87C32-0150-591C-E063-4704A8C00C31}","505000","2025-12-08 00:00","PO33 1GJ","D","N","F","5","","WILLOW GARDENS","","RYDE","ISLE OF WIGHT","ISLE OF WIGHT","A","A"
"{49E87C32-0154-591C-E063-4704A8C00C31}","155000","2025-09-11 00:00","PO38 3HU","S","N","L","28","","NEWPORT ROAD","GODSHILL","VENTNOR","ISLE OF WIGHT","ISLE OF WIGHT","A","A"
"{49E87C32-0155-591C-E063-4704A8C00C31}","225000","2025-01-17 00:00","PO32 6EF","T","N","F","79","","ST DAVIDS ROAD","","EAST COWES","ISLE OF WIGHT","ISLE OF WIGHT","A","A"
"{49E87C32-0156-591C-E063-4704A8C00C31}","315000","2025-02-05 00:00","PO33 2NQ","T","N","F","16","","LIND STREET","","RYDE","ISLE OF WIGHT","ISLE OF WIGHT","A","A"
"{49E87C32-0157-591C-E063-4704A8C00C31}","320000","2025-02-13 00:00","PO38 1JX","F","N","L","RICHMOND APARTMENTS","FLAT 5","ESPLANADE","","VENTNOR","ISLE OF WIGHT","ISLE OF WIGHT","A","A"
"{49E87C32-0158-591C-E063-4704A8C00C31}","162000","2025-02-28 00:00","PO30 5HA","T","N","F","51","","LUGLEY STREET","","NEWPORT","ISLE OF WIGHT","ISLE OF WIGHT","A","A"
"{49E87C32-0159-591C-E063-4704A8C00C31}","110000","2025-01-31 00:00","PO37 7HZ","F","N","F","CULHAM LODGE APARTMENTS, 31","FLAT 4","LANDGUARD MANOR ROAD","","SHANKLIN","ISLE OF WIGHT","ISLE OF WIGHT","A","A"
"{49E87C32-015A-591C-E063-4704A8C00C31}","178000","2025-12-04 00:00","PO33 4LR","T","N","F","77","","MARY ROSE AVENUE","WOOTTON BRIDGE","RYDE","ISLE OF WIGHT","ISLE OF WIGHT","A","A"
"{49E87C32-015B-591C-E063-4704A8C00C31}","120000","2025-03-24 00:00","PO40 9NY","F","N","L","ROSE COTTAGE","FLAT 1","MIDDLETON","","FRESHWATER","ISLE OF WIGHT","ISLE OF WIGHT","A","A"
"{49E87C32-015C-591C-E063-4704A8C00C31}","150000","2025-03-03 00:00","PO30 5HA","T","N","F","55","","LUGLEY STREET","","NEWPORT","ISLE OF WIGHT","ISLE OF WIGHT","A","A"
"{49E87C32-015D-591C-E063-4704A8C00C31}","182500","2025-04-14 00:00","PO33 3BX","S","N","L","10","","ARGYLL PLACE","","RYDE","ISLE OF WIGHT","ISLE OF WIGHT","A","A"
"{49E87C32-015E-591C-E063-4704A8C00C31}","315000","2025-04-30 00:00","PO38 3NT","D","N","F","13","","DOLCROFT ROAD","ROOKLEY","VENTNOR","ISLE OF WIGHT","ISLE OF WIGHT","A","A"
"{49E87C32-015F-591C-E063-4704A8C00C31}","270000","2025-03-31 00:00","PO33 3DP","D","N","L","22","","ADELAIDE PLACE","","RYDE","ISLE OF WIGHT","ISLE OF WIGHT","A","A"
"{49E87C32-0160-591C-E063-4704A8C00C31}","205000","2025-08-01 00:00","PO36 8AT","T","N","F","31","","CULVER PARADE","","SANDOWN","ISLE OF WIGHT","ISLE OF WIGHT","A","A"
"{49E87C32-0162-591C-E063-4704A8C00C31}","685000","2025-11-21 00:00","PO31 8JQ","T","N","F","31","","MARSH ROAD","","COWES","ISLE OF WIGHT","ISLE OF WIGHT","A","A"
"{49E87C32-0163-591C-E063-4704A8C00C31}","175000","2025-12-10 00:00","PO37 6HE","F","N","L","201B","","SANDOWN ROAD","","SHANKLIN","ISLE OF WIGHT","ISLE OF WIGHT","A","A"
"{49E87C31-F4E6-591C-E063-4704A8C00C31}","247000","2025-09-19 00:00","PO31 8AN","S","N","F","13","","GREENWAYS","","COWES","ISLE OF WIGHT","ISLE OF WIGHT","A","A"
"{49E87C31-FAB5-591C-E063-4704A8C00C31}","435000","2025-08-28 00:00","PO33 4RJ","D","N","F","11","","PARK VIEW","WOOTTON BRIDGE","RYDE","ISLE OF WIGHT","ISLE OF WIGHT","A","A"
"{49E87C31-FABA-591C-E063-4704A8C00C31}","242000","2025-02-03 00:00","PO30 5SG","S","N","F","1","","MOUNTBATTEN DRIVE","","NEWPORT","ISLE OF WIGHT","ISLE OF WIGHT","A","A"
"{49E87C32-D249-591C-E063-4704A8C00C31}","230000","2025-08-21 00:00","PO33 4NQ","D","N","F","3","","FOOTWAYS","WOOTTON BRIDGE","RYDE","ISLE OF WIGHT","ISLE OF WIGHT","B","A"
"{49E87C32-D51F-591C-E063-4704A8C00C31}","740000","2025-04-02 00:00","PO37 6AY","O","N","F","9","","PARK ROAD","","SHANKLIN","ISLE OF WIGHT","ISLE OF WIGHT","B","A"
"{49E87C32-D520-591C-E063-4704A8C00C31}","335000","2025-08-27 00:00","PO31 7SJ","S","N","F","36","","BECKFORD ROAD","","COWES","ISLE OF WIGHT","ISLE OF WIGHT","B","A"
"{49E87C32-D522-591C-E063-4704A8C00C31}","65000","2025-08-21 00:00","PO33 2EE","F","N","L","23","FLAT 9","CASTLE STREET","","RYDE","ISLE OF WIGHT","ISLE OF WIGHT","B","A"
"{49E87C32-D525-591C-E063-4704A8C00C31}","167500","2025-03-27 00:00","PO31 7SE","O","N","F","7","","BECKFORD ROAD","","COWES","ISLE OF WIGHT","ISLE OF WIGHT","B","A"
"{49E87C32-D526-591C-E063-4704A8C00C31}","120000","2025-03-24 00:00","PO33 4LU","T","N","L","51","","HIGH STREET","WOOTTON BRIDGE","RYDE","ISLE OF WIGHT","ISLE OF WIGHT","B","A"
"{49E87C32-D527-591C-E063-4704A8C00C31}","165000","2025-12-16 00:00","PO36 8JA","T","N","L","7","","GRAFTON LANE","","SANDOWN","ISLE OF WIGHT","ISLE OF WIGHT","B","A"
"{49E87C32-D528-591C-E063-4704A8C00C31}","235000","2025-08-08 00:00","PO30 5BA","T","N","F","15 - 16","","QUAY STREET","","NEWPORT","ISLE OF WIGHT","ISLE OF WIGHT","B","A"
"{49E87C32-D529-591C-E063-4704A8C00C31}","140000","2025-06-10 00:00","PO30 1JN","F","N","F","10B","","EAST STREET","","NEWPORT","ISLE OF WIGHT","ISLE OF WIGHT","B","A"
"{49E87C32-D52A-591C-E063-4704A8C00C31}","70000","2025-07-21 00:00","PO38 1HG","O","N","L","55","","ST CATHERINE STREET","","VENTNOR","ISLE OF WIGHT","ISLE OF WIGHT","B","A"
"{49E87C32-D52C-591C-E063-4704A8C00C31}","120000","2025-09-30 00:00","PO40 9DS","O","N","F","2","","MOA PLACE","","FRESHWATER","ISLE OF WIGHT","ISLE OF WIGHT","B","A"
"{49E87C32-D52D-591C-E063-4704A8C00C31}","180000","2025-03-24 00:00","PO33 4PA","S","N","F","174","","MARY ROSE AVENUE","WOOTTON BRIDGE","RYDE","ISLE OF WIGHT","ISLE OF WIGHT","B","A"
"{49E87C32-D52E-591C-E063-4704A8C00C31}","60000","2025-12-18 00:00","PO35 5SD","O","N","F","6","","HIGH STREET","","BEMBRIDGE","ISLE OF WIGHT","ISLE OF WIGHT","B","A"
"{49E87C32-D52F-591C-E063-4704A8C00C31}","750000","2025-03-14 00:00","PO37 6SA","O","N","F","DOWNDALE COURT","","PRIORY ROAD","","SHANKLIN","ISLE OF WIGHT","ISLE OF WIGHT","B","A"
"{49E87C32-D530-591C-E063-4704A8C00C31}","10000","2025-12-05 00:00","PO36 8BJ","O","N","F","3","","CROSS STREET","","SANDOWN","ISLE OF WIGHT","ISLE OF WIGHT","B","A"
"{49E87C32-D531-591C-E063-4704A8C00C31}","175000","2025-12-18 00:00","PO38 2LY","O","N","F","NITON UNDERCLIFF GARAGE","","VENTNOR ROAD","NITON UNDERCLIFF","VENTNOR","ISLE OF WIGHT","ISLE OF WIGHT","B","A"
"{49E87C32-D532-591C-E063-4704A8C00C31}","80000","2025-11-18 00:00","PO33 2JJ","O","N","L","5","","ANGLESEA STREET","","RYDE","ISLE OF WIGHT","ISLE OF WIGHT","B","A"
"{49E87C32-D533-591C-E063-4704A8C00C31}","112000","2025-12-17 00:00","PO40 9BE","F","N","L","DOLPHIN COURT","10","SILCOMBE LANE","","FRESHWATER","ISLE OF WIGHT","ISLE OF WIGHT","B","A"
"{49E87C32-D534-591C-E063-4704A8C00C31}","70000","2025-07-21 00:00","PO33 4HE","O","N","F","THE BARN","","ELENORS GROVE","","RYDE","ISLE OF WIGHT","ISLE OF WIGHT","B","A"
"{49E87C32-D535-591C-E063-4704A8C00C31}","200000","2025-12-16 00:00","PO30 1DS","T","N","F","71","","CASTLE ROAD","","NEWPORT","ISLE OF WIGHT","ISLE OF WIGHT","B","A"
"{49E87C32-D53A-591C-E063-4704A8C00C31}","193000","2025-06-27 00:00","PO36 8EZ","T","N","L","6","","WILKES ROAD","","SANDOWN","ISLE OF WIGHT","ISLE OF WIGHT","B","A"
"{49E87C32-D536-591C-E063-4704A8C00C31}","35000","2025-03-28 00:00","PO32 6QY","O","N","L","1B","","YORK AVENUE","","EAST COWES","ISLE OF WIGHT","ISLE OF WIGHT","B","A"
"{49E87C32-D537-591C-E063-4704A8C00C31}","60000","2025-10-16 00:00","PO36 8LT","O","N","L","44","UNIT 2","BEACHFIELD ROAD","","SANDOWN","ISLE OF WIGHT","ISLE OF WIGHT","B","A"
"{49E87C32-D538-591C-E063-4704A8C00C31}","150000","2025-03-20 00:00","PO39 0BW","O","N","F","CHRIST CHURCH HALL","","THE BROADWAY","","TOTLAND BAY","ISLE OF WIGHT","ISLE OF WIGHT","B","A"
"{49E87C32-D53B-591C-E063-4704A8C00C31}","193000","2025-06-27 00:00","PO36 8EZ","T","N","F","6","","WILKES ROAD","","SANDOWN","ISLE OF WIGHT","ISLE OF WIGHT","B","A"
"{49E87C32-D53C-591C-E063-4704A8C00C31}","2500","2025-07-01 00:00","PO30 5GH","O","N","F","NORMAN COURT","1","QUARRY VIEW","CAMP HILL","NEWPORT","ISLE OF WIGHT","ISLE OF WIGHT","B","A"
"{49E87C32-D53D-591C-E063-4704A8C00C31}","90000","2025-04-08 00:00","PO33 3AD","F","N","L","44A","","SPENCER ROAD","","RYDE","ISLE OF WIGHT","ISLE OF WIGHT","B","A"
"{49E87C32-D53E-591C-E063-4704A8C00C31}","220000","2025-07-23 00:00","PO30 1UL","O","N","L","59 - 60","FIRST AND SECOND FLOORS","PYLE STREET","","NEWPORT","ISLE OF WIGHT","ISLE OF WIGHT","B","A"
"{49E87C32-D53F-591C-E063-4704A8C00C31}","230000","2025-12-19 00:00","PO32 6GU","O","N","F","91","","CAPTAINS PARADE","","EAST COWES","ISLE OF WIGHT","ISLE OF WIGHT","B","A"
"{49E87C32-D540-591C-E063-4704A8C00C31}","1595000","2025-07-21 00:00","PO33 1GH","O","N","F","29","","APPLEWOOD PLACE","","RYDE","ISLE OF WIGHT","ISLE OF WIGHT","B","A"
"{49E87C32-D541-591C-E063-4704A8C00C31}","1595000","2025-07-21 00:00","PO33 1GH","O","N","F","31","","APPLEWOOD PLACE","","RYDE","ISLE OF WIGHT","ISLE OF WIGHT","B","A"
"{49E87C32-D542-591C-E063-4704A8C00C31}","1595000","2025-07-21 00:00","PO33 1GH","O","N","F","33","","APPLEWOOD PLACE","","RYDE","ISLE OF WIGHT","ISLE OF WIGHT","B","A"
"{49E87C32-D543-591C-E063-4704A8C00C31}","1595000","2025-07-21 00:00","PO33 1GH","O","N","F","23","","APPLEWOOD PLACE","","RYDE","ISLE OF WIGHT","ISLE OF WIGHT","B","A"
"{49E87C32-D544-591C-E063-4704A8C00C31}","1595000","2025-07-21 00:00","PO33 1GH","O","N","F","25","","APPLEWOOD PLACE","","RYDE","ISLE OF WIGHT","ISLE OF WIGHT","B","A"
"{49E87C32-D545-591C-E063-4704A8C00C31}","1595000","2025-07-21 00:00","PO33 1GH","O","N","F","27","","APPLEWOOD PLACE","","RYDE","ISLE OF WIGHT","ISLE OF WIGHT","B","A"
"{49E87C32-D546-591C-E063-4704A8C00C31}","1595000","2025-07-21 00:00","PO33 1GH","O","N","F","21","","APPLEWOOD PLACE","","RYDE","ISLE OF WIGHT","ISLE OF WIGHT","B","A"
"{49E87C32-D547-591C-E063-4704A8C00C31}","1595000","2025-07-21 00:00","PO33 1GH","O","N","F","19","","APPLEWOOD PLACE","","RYDE","ISLE OF WIGHT","ISLE OF WIGHT","B","A"
"{49E87C32-D548-591C-E063-4704A8C00C31}","1595000","2025-07-21 00:00","PO33 1GH","O","N","F","12","","APPLEWOOD PLACE","","RYDE","ISLE OF WIGHT","ISLE OF WIGHT","B","A"
"{49E87C32-D549-591C-E063-4704A8C00C31}","1595000","2025-07-21 00:00","PO33 1GH","O","N","F","14","","APPLEWOOD PLACE","","RYDE","ISLE OF WIGHT","ISLE OF WIGHT","B","A"
"{49E87C32-D54A-591C-E063-4704A8C00C31}","1595000","2025-07-21 00:00","PO33 1GH","O","N","F","17","","APPLEWOOD PLACE","","RYDE","ISLE OF WIGHT","ISLE OF WIGHT","B","A"
"{49E87C32-D54B-591C-E063-4704A8C00C31}","1595000","2025-07-21 00:00","PO33 1GH","O","N","F","4","","APPLEWOOD PLACE","","RYDE","ISLE OF WIGHT","ISLE OF WIGHT","B","A"
"{49E87C32-D54C-591C-E063-4704A8C00C31}","1595000","2025-07-21 00:00","PO33 1GH","O","N","F","6","","APPLEWOOD PLACE","","RYDE","ISLE OF WIGHT","ISLE OF WIGHT","B","A"
"{49E87C32-D54D-591C-E063-4704A8C00C31}","1595000","2025-07-21 00:00","PO33 1GH","O","N","F","8","","APPLEWOOD PLACE","","RYDE","ISLE OF WIGHT","ISLE OF WIGHT","B","A"
"{49E87C32-D54E-591C-E063-4704A8C00C31}","1595000","2025-07-21 00:00","PO33 1GH","O","N","F","10","","APPLEWOOD PLACE","","RYDE","ISLE OF WIGHT","ISLE OF WIGHT","B","A"
"{49E87C32-D550-591C-E063-4704A8C00C31}","245000","2025-03-24 00:00","PO31 8JG","D","N","F","23","","LOWER CHURCH ROAD","","COWES","ISLE OF WIGHT","ISLE OF WIGHT","B","A"
"{49E87C32-D551-591C-E063-4704A8C00C31}","200000","2025-02-26 00:00","PO37 6RN","O","N","F","THE OAKS","UNIT 3","LUCCOMBE ROAD","","SHANKLIN","ISLE OF WIGHT","ISLE OF WIGHT","B","A"
"{49E87C32-D552-591C-E063-4704A8C00C31}","102000","2025-06-23 00:00","PO31 7PZ","T","N","F","13","","STANLEY ROAD","","COWES","ISLE OF WIGHT","ISLE OF WIGHT","B","A"
"{49E87C32-D553-591C-E063-4704A8C00C31}","217000","2025-11-26 00:00","PO32 6DL","D","N","F","67","","VICTORIA GROVE","","EAST COWES","ISLE OF WIGHT","ISLE OF WIGHT","B","A"
"{49E87C32-D554-591C-E063-4704A8C00C31}","750000","2025-12-18 00:00","PO40 9RU","O","N","F","VICTORIA COTTAGE","","NORTON GREEN","","FRESHWATER","ISLE OF WIGHT","ISLE OF WIGHT","B","A"
"{49E87C32-B913-591C-E063-4704A8C00C31}","350","2025-08-01 00:00","","O","N","F","PLOT C086","","ISLE OF WIGHT LANE","KENSWORTH","DUNSTABLE","CENTRAL BEDFORDSHIRE","CENTRAL BEDFORDSHIRE","B","A"
"{4777E0AE-C3DC-5D59-E063-4804A8C09F8E}","223000","2025-11-25 00:00","PO33 2TW","S","N","F","38","","LONGMEAD ROAD","","RYDE","ISLE OF WIGHT","ISLE OF WIGHT","A","C"
"{402A3A65-E587-A7DF-E063-4804A8C0B80D}","280000","2025-09-01 00:00","PO31 8AJ","S","N","F","21","","FIELDWAY CRESCENT","","COWES","ISLE OF WIGHT","ISLE OF WIGHT","A","C"
"{3B5CE841-D533-EE3A-E063-4804A8C0D6F1}","265000","2025-07-18 00:00","PO30 2FA","D","N","F","4","","SWAN STREET","","NEWPORT","ISLE OF WIGHT","ISLE OF WIGHT","A","D"
"{402A3A65-E8EE-A7DF-E063-4804A8C0B80D}","422000","2025-09-11 00:00","PO37 7NZ","D","N","F","7","","CHATSWORTH AVENUE","","SHANKLIN","ISLE OF WIGHT","ISLE OF WIGHT","A","D"
"{402A3A65-F284-A7DF-E063-4804A8C0B80D}","466666","2025-08-12 00:00","PO34 5BQ","S","N","F","HILARION","","SOMERSET ROAD","","SEAVIEW","ISLE OF WIGHT","ISLE OF WIGHT","A","D"
"{3DCCB7CA-043E-5B9D-E063-4704A8C0331E}","94000","2025-07-23 00:00","PO30 2EU","T","N","F","38","","GORDON ROAD","","NEWPORT","ISLE OF WIGHT","ISLE OF WIGHT","A","D"
