"{31C68072-F396-FEE3-E063-4804A8C04F37}","1500","2021-04-22 00:00","PO30 2EL","O","N","F","95","","FAIRLEE ROAD","","NEWPORT","ISLE OF WIGHT","ISLE OF WIGHT","B","A"
"{31C68072-F39A-FEE3-E063-4804A8C04F37}","30000","2021-03-31 00:00","PO30 3AR","O","N","F","ROSE COTTAGE","","","HALE COMMON","NEWPORT","ISLE OF WIGHT","ISLE OF WIGHT","B","A"
"{D425D8D0-2B93-454B-9469-9A7B07BAABE3}","103500","2002-09-30 00:00","PO40 9JY","S","N","F","BELLE FAILTE","","HIGH STREET","","FRESHWATER","ISLE OF WIGHT","ISLE OF WIGHT","A","C"
"{3DF968C4-6DDF-43E1-A389-DB67418DCC6C}","150000","2006-03-29 00:00","PO34 5AB","F","N","L","SANDERLING","","RYDE ROAD","","SEAVIEW","ISLE OF WIGHT","ISLE OF WIGHT","A","C"
"{2A289E9E-58CD-CDC8-E050-A8C063054829}","170000","2001-08-31 00:00","PO31 8PU","D","N","F","KIN OAKS, 129","","WYATTS LANE","","COWES","ISLE OF WIGHT","ISLE OF WIGHT","A","C"
"{31C68072-29A0-FEE3-E063-4804A8C04F37}","280000","2021-04-28 00:00","PO30 2EL","S","N","F","95","","FAIRLEE ROAD","","NEWPORT","ISLE OF WIGHT","ISLE OF WIGHT","A","A"
"{048C7FDA-6CAC-4170-94AC-D3D38338D3D4}","49000","1999-10-22 00:00","PO34 5AB","F","N","L","SANDERLING","","RYDE ROAD","","SEAVIEW","ISLE OF WIGHT","ISLE OF WIGHT","A","C"
"{31C68072-F391-FEE3-E063-4804A8C04F37}","195000","2018-03-23 00:00","PO38 2LA","O","N","F","CANOPY SKATE PARK","","CORVE","CHALE GREEN","VENTNOR","ISLE OF WIGHT","ISLE OF WIGHT","B","A"
"{CD5A9DCC-AF5C-310A-E053-6C04A8C00A1F}","110000","2021-08-31 00:00","PO38 3NH","O","N","F","OLD TIN HUT","","MAIN ROAD","ROOKLEY","VENTNOR","ISLE OF WIGHT","ISLE OF WIGHT","B","C"
"{DE2D0CDF-C279-51EE-E053-6C04A8C00671}","245000","2021-12-10 00:00","PO34 5AB","F","N","L","SANDERLING","","RYDE ROAD","","SEAVIEW","ISLE OF WIGHT","ISLE OF WIGHT","A","C"
"{31C68072-F38D-FEE3-E063-4804A8C04F37}","80000","2016-10-03 00:00","PO33 2AR","O","N","F","28","","BELLEVUE ROAD","","RYDE","ISLE OF WIGHT","ISLE OF WIGHT","B","A"
"{453D27A3-1E9C-EF91-E050-A8C0630574D7}","155000","2016-12-06 00:00","PO34 5AB","F","N","L","SANDERLING","","RYDE ROAD","","SEAVIEW","ISLE OF WIGHT","ISLE OF WIGHT","A","C"
"{453D27A3-1EA2-EF91-E050-A8C0630574D7}","600000","2016-11-01 00:00","PO31 8PU","D","N","F","KIN OAKS, 129","","WYATTS LANE","","COWES","ISLE OF WIGHT","ISLE OF WIGHT","A","C"
"{7011B10A-2F28-8ED6-E053-6B04A8C075C1}","105000","2018-03-23 00:00","PO38 2LA","O","N","F","CORVE BARN","","CORVE","CHALE GREEN","VENTNOR","ISLE OF WIGHT","ISLE OF WIGHT","B","C"
"{31C68072-F389-FEE3-E063-4804A8C04F37}","100500","2022-03-15 00:00","PO32 6AL","O","N","F","1A","","OLD ROAD","","EAST COWES","ISLE OF WIGHT","ISLE OF WIGHT","B","A"
"{31C68072-F394-FEE3-E063-4804A8C04F37}","100000","2022-04-06 00:00","PO36 8QB","O","N","F","SEA BREEZE","","YAVERLAND ROAD","","SANDOWN","ISLE OF WIGHT","ISLE OF WIGHT","B","A"
"{C6209F60-3992-295E-E053-6C04A8C0DDCC}","180000","2021-03-30 00:00","PO34 5AB","F","N","L","SANDERLING","","RYDE ROAD","","SEAVIEW","ISLE OF WIGHT","ISLE OF WIGHT","B","C"
"{C3C3F9B5-DA2E-362B-E053-6B04A8C03ACC}","825000","2021-03-19 00:00","PO31 8PU","D","N","F","KIN OAKS, 129","","WYATTS LANE","","COWES","ISLE OF WIGHT","ISLE OF WIGHT","A","C"
"{CD5A9DCB-F1FB-310A-E053-6C04A8C00A1F}","365000","2019-08-15 00:00","PO34 5DG","D","N","F","GLAN Y MOR HOUSE","","SEAVIEW LANE","","SEAVIEW","ISLE OF WIGHT","ISLE OF WIGHT","A","C"
"{4C291015-D304-4A9D-B482-7147F1F33C3A}","155600","2014-12-05 00:00","PO40 9JY","S","N","F","BELLE FAILTE","","HIGH STREET","","FRESHWATER","ISLE OF WIGHT","ISLE OF WIGHT","A","C"
"{31C68072-F392-FEE3-E063-4804A8C04F37}","90000","2020-08-06 00:00","PO31 8PU","O","N","F","128","","WYATTS LANE","","COWES","ISLE OF WIGHT","ISLE OF WIGHT","B","A"
"{31C68072-F393-FEE3-E063-4804A8C04F37}","90000","2020-10-23 00:00","PO33 1GL","O","N","F","12","","LODGE GARDENS","","RYDE","ISLE OF WIGHT","ISLE OF WIGHT","B","A"
"{9DBAD221-CD7A-6EB3-E053-6B04A8C0F257}","186900","2020-01-17 00:00","PO40 9JY","S","N","F","BELLE FAILTE","","HIGH STREET","","FRESHWATER","ISLE OF WIGHT","ISLE OF WIGHT","A","C"
"{BEF7EBBF-A215-7A76-E053-6B04A8C092F7}","80000","2020-08-12 00:00","PO30 2NJ","O","N","F","COPSE HOUSE","","BUCKBURY LANE","","NEWPORT","ISLE OF WIGHT","ISLE OF WIGHT","B","C"
"{C3C3F9B6-ABCD-362B-E053-6B04A8C03ACC}","80000","2020-08-12 00:00","PO30 2NJ","O","N","F","COPSE HOUSE","","BUCKBURY LANE","","NEWPORT","ISLE OF WIGHT","ISLE OF WIGHT","B","C"
"{992FB960-3EF8-4FF8-A8AB-89579E3A5F6B}","105000","2013-04-30 00:00","PO30 5NS","T","N","F","11A","","PARTRIDGE ROAD","","NEWPORT","ISLE OF WIGHT","ISLE OF WIGHT","A","C"
"{31C68072-29A2-FEE3-E063-4804A8C04F37}","175000","2022-02-25 00:00","PO30 5JA","T","N","F","54","","ALBANY ROAD","","NEWPORT","ISLE OF WIGHT","ISLE OF WIGHT","A","A"
"{31C68072-29AC-FEE3-E063-4804A8C04F37}","75000","2022-05-11 00:00","PO39 0BW","F","N","L","LILLIPUT COURT","FLAT 3","THE BROADWAY","","TOTLAND BAY","ISLE OF WIGHT","ISLE OF WIGHT","A","A"
"{E2D14906-713E-4C2D-E053-6B04A8C0422B}","140000","2020-09-30 00:00","PO31 8PE","O","N","F","THE OLD BYRE","","NEWPORT ROAD","","COWES","ISLE OF WIGHT","ISLE OF WIGHT","B","C"
"{31C68072-F380-FEE3-E063-4804A8C04F37}","98000","2023-07-13 00:00","PO33 2HT","O","N","F","159","","HIGH STREET","","RYDE","ISLE OF WIGHT","ISLE OF WIGHT","B","A"
"{31C68072-F38F-FEE3-E063-4804A8C04F37}","135000","2023-12-08 00:00","PO33 2QT","T","N","F","42A","","GREEN STREET","","RYDE","ISLE OF WIGHT","ISLE OF WIGHT","B","A"
"{EED73E75-AC15-6AF3-E053-6C04A8C08ABA}","305000","2022-10-31 00:00","PO40 9JY","S","N","F","BELLE FAILTE","","HIGH STREET","","FRESHWATER","ISLE OF WIGHT","ISLE OF WIGHT","A","C"
"{31C68072-F395-FEE3-E063-4804A8C04F37}","215000","2023-05-25 00:00","PO38 1RH","F","N","L","RIVIERA PARK APARTMENTS","APARTMENT 17","SHORE ROAD","BONCHURCH","VENTNOR","ISLE OF WIGHT","ISLE OF WIGHT","B","A"
"{31C68072-F39E-FEE3-E063-4804A8C04F37}","225000","2023-11-08 00:00","PO30 4DU","O","N","F","HUNNYHILL","PLOT 5","","BRIGHSTONE","NEWPORT","ISLE OF WIGHT","ISLE OF WIGHT","B","A"
"{EA3278AA-E746-2676-E053-6B04A8C015F8}","200000","2022-05-03 00:00","PO30 2NJ","O","N","F","COPSE HOUSE","","BUCKBURY LANE","","NEWPORT","ISLE OF WIGHT","ISLE OF WIGHT","B","C"
"{EA3278AA-03F5-2676-E053-6B04A8C015F8}","102000","2022-02-04 00:00","PO40 9JY","S","N","F","BELLE FAILTE","","HIGH STREET","","FRESHWATER","ISLE OF WIGHT","ISLE OF WIGHT","A","C"
"{E2D14905-8FD9-4C2D-E053-6B04A8C0422B}","110000","2022-05-30 00:00","PO37 6LG","F","N","L","RYCHRIS COURT, 8","FLAT 7B","VICTORIA AVENUE","","SHANKLIN","ISLE OF WIGHT","ISLE OF WIGHT","A","C"
"{31C68072-293C-FEE3-E063-4804A8C04F37}","235000","2023-06-24 00:00","PO30 5SL","T","N","F","11","","WARD CLOSE","","NEWPORT","ISLE OF WIGHT","ISLE OF WIGHT","A","A"
"{31C68072-296D-FEE3-E063-4804A8C04F37}","205000","2023-04-28 00:00","PO33 1FF","S","N","F","22","","AMHERST PLACE","","RYDE","ISLE OF WIGHT","ISLE OF WIGHT","A","A"
"{31C68072-2983-FEE3-E063-4804A8C04F37}","250000","2023-12-08 00:00","PO30 2FD","S","N","F","4","","BEADMANS GROVE","","NEWPORT","ISLE OF WIGHT","ISLE OF WIGHT","A","A"
"{31C68072-299B-FEE3-E063-4804A8C04F37}","220000","2023-05-26 00:00","PO30 2GH","S","N","F","72","","ANGELICA GROVE","","NEWPORT","ISLE OF WIGHT","ISLE OF WIGHT","A","A"
"{31C68072-299D-FEE3-E063-4804A8C04F37}","232500","2023-05-26 00:00","PO30 2GH","S","N","F","64","","ANGELICA GROVE","","NEWPORT","ISLE OF WIGHT","ISLE OF WIGHT","A","A"
"{31C68072-29BA-FEE3-E063-4804A8C04F37}","225000","2023-09-29 00:00","PO37 6JJ","F","N","L","49A","","HIGH STREET","","SHANKLIN","ISLE OF WIGHT","ISLE OF WIGHT","A","A"
"{31C68072-29BB-FEE3-E063-4804A8C04F37}","163000","2023-12-14 00:00","PO33 2JW","F","N","L","18","FLAT B","BELVEDERE STREET","","RYDE","ISLE OF WIGHT","ISLE OF WIGHT","A","A"
"{06C9F488-095A-9388-E063-4804A8C0BD98}","120000","2023-08-22 00:00","PO35 5XG","T","N","L","12","","ELMS COURT","","BEMBRIDGE","ISLE OF WIGHT","ISLE OF WIGHT","B","D"
"{2859C1AC-F125-52B4-E063-4804A8C05948}","235000","2023-06-24 00:00","PO30 5SL","T","N","F","11","","WARD CLOSE","","NEWPORT","ISLE OF WIGHT","ISLE OF WIGHT","B","D"
"{2859C1AC-01D6-52B4-E063-4804A8C05948}","163000","2023-12-14 00:00","PO33 2JW","F","N","L","18","FLAT B","BELVEDERE STREET","","RYDE","ISLE OF WIGHT","ISLE OF WIGHT","A","D"
"{25E9DA80-EB0F-555E-E063-4704A8C066F2}","226000","2023-10-27 00:00","PO32 6EF","T","N","F","81","","ST DAVIDS ROAD","","EAST COWES","ISLE OF WIGHT","ISLE OF WIGHT","A","D"
"{12A8BAB6-430E-2125-E063-4804A8C08CC1}","107500","2023-11-03 00:00","PO30 5FL","T","N","L","74","","SYLVAN DRIVE","","NEWPORT","ISLE OF WIGHT","ISLE OF WIGHT","A","D"
"{31C68072-F37F-FEE3-E063-4804A8C04F37}","180000","2024-07-30 00:00","PO30 2BJ","S","N","F","85","","MANOR CRESCENT","","NEWPORT","ISLE OF WIGHT","ISLE OF WIGHT","B","A"
"{31C68072-F381-FEE3-E063-4804A8C04F37}","210000","2024-01-19 00:00","PO33 2EN","O","N","F","62","","GEORGE STREET","","RYDE","ISLE OF WIGHT","ISLE OF WIGHT","B","A"
"{31C68072-F383-FEE3-E063-4804A8C04F37}","275000","2024-05-22 00:00","PO30 3EN","O","N","F","SHEAT MANOR COTTAGE","","","CHILLERTON","NEWPORT","ISLE OF WIGHT","ISLE OF WIGHT","B","A"
"{31C68072-F384-FEE3-E063-4804A8C04F37}","288000","2024-06-03 00:00","PO36 8EQ","S","N","F","56","","ST JOHNS CRESCENT","","SANDOWN","ISLE OF WIGHT","ISLE OF WIGHT","B","A"
"{31C68072-F385-FEE3-E063-4804A8C04F37}","26000","2024-02-19 00:00","","O","N","F","BEACH HUT 42","","WESTERN ESPLANADE","","SANDOWN","ISLE OF WIGHT","ISLE OF WIGHT","B","A"
"{31C68072-F386-FEE3-E063-4804A8C04F37}","170000","2024-07-02 00:00","PO40 9UT","O","N","F","CLIFTON BUILDINGS","","AVENUE ROAD","","FRESHWATER","ISLE OF WIGHT","ISLE OF WIGHT","B","A"
"{31C68072-F387-FEE3-E063-4804A8C04F37}","10000","2024-07-31 00:00","","O","N","F","GARAGE AT","","CHESTNUT CLOSE","","NEWPORT","ISLE OF WIGHT","ISLE OF WIGHT","B","A"
"{31C68072-F388-FEE3-E063-4804A8C04F37}","950000","2024-06-18 00:00","PO31 8PD","O","N","F","9 - 10","","MARINERS WAY","","COWES","ISLE OF WIGHT","ISLE OF WIGHT","B","A"
"{31C68072-F38B-FEE3-E063-4804A8C04F37}","950000","2024-06-18 00:00","PO31 8PD","O","N","L","8 - 10","","MARINERS WAY","","COWES","ISLE OF WIGHT","ISLE OF WIGHT","B","A"
"{31C68072-F38C-FEE3-E063-4804A8C04F37}","120000","2024-10-21 00:00","PO35 5NS","O","N","L","HOUSEBOAT PLOT 14","","EMBANKMENT ROAD","","BEMBRIDGE","ISLE OF WIGHT","ISLE OF WIGHT","B","A"
"{31C68072-F397-FEE3-E063-4804A8C04F37}","2000","2024-02-08 00:00","PO31 7UD","O","N","F","23","","BROADFIELDS AVENUE","","COWES","ISLE OF WIGHT","ISLE OF WIGHT","B","A"
"{31C68072-F398-FEE3-E063-4804A8C04F37}","85000","2024-01-01 00:00","PO31 8EX","O","N","L","407","","GURNARD PINES","","COWES","ISLE OF WIGHT","ISLE OF WIGHT","B","A"
"{31C68072-F399-FEE3-E063-4804A8C04F37}","265000","2024-02-16 00:00","PO30 1LG","O","N","F","79","","ST JAMES STREET","","NEWPORT","ISLE OF WIGHT","ISLE OF WIGHT","B","A"
"{31C68072-F39B-FEE3-E063-4804A8C04F37}","85000","2024-02-01 00:00","PO31 8EX","O","N","L","417","","GURNARD PINES","","COWES","ISLE OF WIGHT","ISLE OF WIGHT","B","A"
"{31C68072-F39C-FEE3-E063-4804A8C04F37}","2550000","2024-02-29 00:00","PO38 2AA","O","N","F","WEEK FARM","","WHITWELL ROAD","","VENTNOR","ISLE OF WIGHT","ISLE OF WIGHT","B","A"
"{31C68072-F39D-FEE3-E063-4804A8C04F37}","15000","2024-03-15 00:00","PO30 5TW","O","N","F","34","","COWES ROAD","","NEWPORT","ISLE OF WIGHT","ISLE OF WIGHT","B","A"
"{31C68072-F39F-FEE3-E063-4804A8C04F37}","160000","2024-07-02 00:00","PO40 9UT","O","N","L","CLIFTON BUILDINGS","1B","AVENUE ROAD","","FRESHWATER","ISLE OF WIGHT","ISLE OF WIGHT","B","A"
"{31C68072-F3A0-FEE3-E063-4804A8C04F37}","116000","2024-07-16 00:00","PO30 5LH","T","N","F","128","","GUNVILLE ROAD","","NEWPORT","ISLE OF WIGHT","ISLE OF WIGHT","B","A"
"{31C68072-F3A1-FEE3-E063-4804A8C04F37}","160000","2024-11-19 00:00","PO40 9UT","F","N","L","CLIFTON BUILDINGS","1B","AVENUE ROAD","","FRESHWATER","ISLE OF WIGHT","ISLE OF WIGHT","B","A"
"{31C68072-2921-FEE3-E063-4804A8C04F37}","395000","2024-10-31 00:00","PO36 9EL","D","N","F","15","","FAIRVIEW CRESCENT","LAKE","SANDOWN","ISLE OF WIGHT","ISLE OF WIGHT","A","A"
"{31C68072-295C-FEE3-E063-4804A8C04F37}","270000","2024-10-11 00:00","PO36 9BW","T","N","L","36","","STATION AVENUE","","SANDOWN","ISLE OF WIGHT","ISLE OF WIGHT","A","A"
"{31C68072-F382-FEE3-E063-4804A8C04F37}","64800","2024-10-18 00:00","PO33 2AA","O","N","L","MONTANA HOUSE, 27","GROUND FLOOR SHOP","CROSS STREET","","RYDE","ISLE OF WIGHT","ISLE OF WIGHT","B","A"
"{31C68072-F37E-FEE3-E063-4804A8C04F37}","125000","2025-03-20 00:00","PO40 9SG","S","N","F","54","","BRAMBLES CHINE","","FRESHWATER","ISLE OF WIGHT","ISLE OF WIGHT","B","A"
"{31C68072-F38A-FEE3-E063-4804A8C04F37}","284000","2025-03-07 00:00","PO40 9SF","S","N","F","19","","MILLWAYS","","FRESHWATER","ISLE OF WIGHT","ISLE OF WIGHT","B","A"
"{31C68072-F38E-FEE3-E063-4804A8C04F37}","105000","2025-01-09 00:00","PO30 1QB","F","N","L","CHAPEL COURT 10","FLAT 4","UNION STREET","","NEWPORT","ISLE OF WIGHT","ISLE OF WIGHT","B","A"
"{31C68072-F390-FEE3-E063-4804A8C04F37}","186000","2025-02-19 00:00","PO30 5EA","T","N","F","38","","CAESARS ROAD","","NEWPORT","ISLE OF WIGHT","ISLE OF WIGHT","B","A"
"{31C68072-F1E7-FEE3-E063-4804A8C04F37}","300000","2025-02-21 00:00","PO31 7NW","O","N","F","5","","DEBOURNE CLOSE","","COWES","ISLE OF WIGHT","ISLE OF WIGHT","B","A"
"{31C68072-1EA2-FEE3-E063-4804A8C04F37}","90000","2024-04-25 00:00","PO33 3AB","F","N","L","WESTFIELD PARK HOUSE","FLAT 17","WESTFIELD PARK","","RYDE","ISLE OF WIGHT","ISLE OF WIGHT","B","A"
"{31C68072-1EED-FEE3-E063-4804A8C04F37}","281000","2024-11-07 00:00","PO34 5JE","D","N","F","10","","ORCHARD ROAD","","SEAVIEW","ISLE OF WIGHT","ISLE OF WIGHT","A","A"
"{31C68072-2329-FEE3-E063-4804A8C04F37}","280000","2025-03-19 00:00","PO33 4JE","D","N","F","39","","ST EDMUNDS WALK","WOOTTON BRIDGE","RYDE","ISLE OF WIGHT","ISLE OF WIGHT","A","A"
"{31C68072-234B-FEE3-E063-4804A8C04F37}","243000","2025-03-26 00:00","PO36 9DN","D","N","F","4","","COXS GREEN","","SANDOWN","ISLE OF WIGHT","ISLE OF WIGHT","A","A"
"{31C68072-28FC-FEE3-E063-4804A8C04F37}","310000","2025-03-11 00:00","PO33 1BZ","D","N","F","96","","HIGH PARK ROAD","","RYDE","ISLE OF WIGHT","ISLE OF WIGHT","A","A"
"{31C68072-28FD-FEE3-E063-4804A8C04F37}","317000","2025-02-14 00:00","PO37 6PN","S","N","F","16","","VICTORIA AVENUE","","SHANKLIN","ISLE OF WIGHT","ISLE OF WIGHT","A","A"
"{31C68072-28FE-FEE3-E063-4804A8C04F37}","155000","2025-02-27 00:00","PO32 6SA","T","N","L","24","","ALFRED STREET","","EAST COWES","ISLE OF WIGHT","ISLE OF WIGHT","A","A"
"{31C68072-28FF-FEE3-E063-4804A8C04F37}","152000","2025-02-26 00:00","PO39 0BD","F","N","L","TOWER FLATS","7","WARD ROAD","","TOTLAND BAY","ISLE OF WIGHT","ISLE OF WIGHT","A","A"
"{31C68072-2903-FEE3-E063-4804A8C04F37}","200000","2025-01-30 00:00","PO36 9HT","D","N","F","31","","LOUIS ROAD","","SANDOWN","ISLE OF WIGHT","ISLE OF WIGHT","A","A"
"{31C68072-2904-FEE3-E063-4804A8C04F37}","258500","2025-03-21 00:00","PO37 7DG","T","N","F","24","","OAKLYN GARDENS","","SHANKLIN","ISLE OF WIGHT","ISLE OF WIGHT","A","A"
"{31C68072-2905-FEE3-E063-4804A8C04F37}","204000","2025-02-20 00:00","PO36 0BU","T","N","F","STAVORDALE","","THE MALL","BRADING","SANDOWN","ISLE OF WIGHT","ISLE OF WIGHT","A","A"
"{31C68072-2906-FEE3-E063-4804A8C04F37}","225000","2025-02-21 00:00","PO33 4JF","D","N","F","9","","WHITEHEAD CRESCENT","WOOTTON BRIDGE","RYDE","ISLE OF WIGHT","ISLE OF WIGHT","A","A"
"{31C68072-2907-FEE3-E063-4804A8C04F37}","265000","2025-02-26 00:00","PO33 3DJ","S","N","L","25","","ADELAIDE PLACE","","RYDE","ISLE OF WIGHT","ISLE OF WIGHT","A","A"
"{31C68072-290A-FEE3-E063-4804A8C04F37}","430000","2025-02-27 00:00","PO31 8JU","S","N","F","29","","ALBERT ROAD","","COWES","ISLE OF WIGHT","ISLE OF WIGHT","A","A"
"{31C68072-290C-FEE3-E063-4804A8C04F37}","275000","2025-01-07 00:00","PO30 5QP","S","N","F","13","","MAPLE DRIVE","","NEWPORT","ISLE OF WIGHT","ISLE OF WIGHT","A","A"
"{31C68072-290D-FEE3-E063-4804A8C04F37}","290000","2025-03-11 00:00","PO33 1BU","S","N","F","6","","SOMERSET ROAD","","RYDE","ISLE OF WIGHT","ISLE OF WIGHT","A","A"
"{31C68072-290E-FEE3-E063-4804A8C04F37}","203000","2025-03-24 00:00","PO33 3SX","F","N","L","DANEHURST","FLAT A","PITTS LANE","","RYDE","ISLE OF WIGHT","ISLE OF WIGHT","A","A"
"{31C68072-2912-FEE3-E063-4804A8C04F37}","290000","2025-03-05 00:00","PO38 1JH","F","N","L","BELGRAVE COURT","FLAT 14","BELGRAVE ROAD","","VENTNOR","ISLE OF WIGHT","ISLE OF WIGHT","A","A"
"{31C68072-2913-FEE3-E063-4804A8C04F37}","450000","2025-02-19 00:00","PO33 3BZ","D","N","F","8","","ARGYLL STREET","","RYDE","ISLE OF WIGHT","ISLE OF WIGHT","A","A"
"{31C68072-2914-FEE3-E063-4804A8C04F37}","220000","2025-03-05 00:00","PO33 3AB","F","N","L","WESTFIELD PARK HOUSE","FLAT 1","WESTFIELD PARK","","RYDE","ISLE OF WIGHT","ISLE OF WIGHT","A","A"
"{31C68072-2915-FEE3-E063-4804A8C04F37}","255000","2025-01-17 00:00","PO36 9DW","T","N","F","10","","CENTRAL WAY","","SANDOWN","ISLE OF WIGHT","ISLE OF WIGHT","A","A"
"{31C68072-2917-FEE3-E063-4804A8C04F37}","325000","2025-03-17 00:00","PO36 8HA","S","N","F","30","","ST JOHNS ROAD","","SANDOWN","ISLE OF WIGHT","ISLE OF WIGHT","A","A"
"{31C68072-2918-FEE3-E063-4804A8C04F37}","150000","2025-03-07 00:00","PO31 8BT","F","N","L","BRIARY COURT","FLAT 18","EGYPT ESPLANADE","","COWES","ISLE OF WIGHT","ISLE OF WIGHT","A","A"
"{31C68072-291A-FEE3-E063-4804A8C04F37}","830000","2025-02-27 00:00","PO39 0BJ","D","N","F","UNDERWOOD","","MADEIRA ROAD","","TOTLAND BAY","ISLE OF WIGHT","ISLE OF WIGHT","A","A"
"{31C68072-291B-FEE3-E063-4804A8C04F37}","230000","2025-02-21 00:00","PO30 3HJ","T","N","F","7","","LANSDOWN GARDENS","CHILLERTON","NEWPORT","ISLE OF WIGHT","ISLE OF WIGHT","A","A"
"{31C68072-291C-FEE3-E063-4804A8C04F37}","297750","2025-01-31 00:00","PO30 2AF","D","N","F","43B","","FURRLONGS","","NEWPORT","ISLE OF WIGHT","ISLE OF WIGHT","A","A"
"{31C68072-291D-FEE3-E063-4804A8C04F37}","180000","2025-02-21 00:00","PO33 3BT","S","N","L","105A","","ARTHUR STREET","","RYDE","ISLE OF WIGHT","ISLE OF WIGHT","A","A"
"{31C68072-291E-FEE3-E063-4804A8C04F37}","325000","2025-03-05 00:00","PO33 2TQ","S","N","F","50","","SWANMORE ROAD","","RYDE","ISLE OF WIGHT","ISLE OF WIGHT","A","A"
"{31C68072-291F-FEE3-E063-4804A8C04F37}","300000","2025-01-31 00:00","PO38 1SJ","S","N","F","CORONATION COTTAGES","2","CHURCH STREET","","VENTNOR","ISLE OF WIGHT","ISLE OF WIGHT","A","A"
"{31C68072-2920-FEE3-E063-4804A8C04F37}","315000","2025-02-10 00:00","PO32 6QQ","D","N","F","15","","HENDY ROAD","","EAST COWES","ISLE OF WIGHT","ISLE OF WIGHT","A","A"
"{31C68072-2922-FEE3-E063-4804A8C04F37}","870000","2025-02-28 00:00","PO34 5BP","T","N","F","3","","SEAVIEW BAY","","SEAVIEW","ISLE OF WIGHT","ISLE OF WIGHT","A","A"
"{31C68072-2923-FEE3-E063-4804A8C04F37}","170000","2025-03-24 00:00","PO30 1YF","S","N","L","39","","MILNE WAY","","NEWPORT","ISLE OF WIGHT","ISLE OF WIGHT","A","A"
"{31C68072-2924-FEE3-E063-4804A8C04F37}","190000","2025-03-21 00:00","PO31 8BT","F","N","L","BRIARY COURT","FLAT 39","EGYPT ESPLANADE","","COWES","ISLE OF WIGHT","ISLE OF WIGHT","A","A"
"{31C68072-2926-FEE3-E063-4804A8C04F37}","485000","2025-03-21 00:00","PO31 7EQ","S","N","F","66","","MILL HILL ROAD","","COWES","ISLE OF WIGHT","ISLE OF WIGHT","A","A"
"{31C68072-2927-FEE3-E063-4804A8C04F37}","130000","2025-02-28 00:00","PO33 2HY","T","N","L","50","","WARWICK STREET","","RYDE","ISLE OF WIGHT","ISLE OF WIGHT","A","A"
"{31C68072-2929-FEE3-E063-4804A8C04F37}","235000","2025-02-17 00:00","PO37 7NJ","S","N","F","38","","BLYTHE WAY","","SHANKLIN","ISLE OF WIGHT","ISLE OF WIGHT","A","A"
"{31C68072-292A-FEE3-E063-4804A8C04F37}","438500","2025-03-14 00:00","PO40 9PP","D","N","F","6","","MEADOW GLADE","","FRESHWATER","ISLE OF WIGHT","ISLE OF WIGHT","A","A"
"{31C68072-292C-FEE3-E063-4804A8C04F37}","238000","2025-03-17 00:00","PO30 5NN","T","N","F","8","","HARRIS ROAD","","NEWPORT","ISLE OF WIGHT","ISLE OF WIGHT","A","A"
"{31C68072-292D-FEE3-E063-4804A8C04F37}","510000","2025-02-28 00:00","PO30 1DP","S","N","F","117","","CASTLE ROAD","","NEWPORT","ISLE OF WIGHT","ISLE OF WIGHT","A","A"
"{31C68072-292E-FEE3-E063-4804A8C04F37}","200000","2025-02-21 00:00","PO36 8BE","S","N","F","106","","AVENUE ROAD","","SANDOWN","ISLE OF WIGHT","ISLE OF WIGHT","A","A"
"{31C68072-292F-FEE3-E063-4804A8C04F37}","220000","2025-02-27 00:00","PO33 1LF","F","N","L","LAINSTON GRANGE","FLAT 1","APPLEY RISE","","RYDE","ISLE OF WIGHT","ISLE OF WIGHT","A","A"
"{31C68072-2932-FEE3-E063-4804A8C04F37}","220000","2025-02-14 00:00","PO31 7ST","T","N","F","67","","ST MARYS ROAD","","COWES","ISLE OF WIGHT","ISLE OF WIGHT","A","A"
"{31C68072-2933-FEE3-E063-4804A8C04F37}","190000","2025-02-28 00:00","PO30 5ED","T","N","F","5","","CAESARS ROAD","","NEWPORT","ISLE OF WIGHT","ISLE OF WIGHT","A","A"
"{31C68072-2934-FEE3-E063-4804A8C04F37}","200000","2025-03-12 00:00","PO33 2QE","T","N","F","THE BUNGALOW, 7","","GREEN STREET","","RYDE","ISLE OF WIGHT","ISLE OF WIGHT","A","A"
"{31C68072-2935-FEE3-E063-4804A8C04F37}","180000","2025-02-28 00:00","PO35 5UA","F","N","L","FRANCES HOUSE, 62","FLAT 3","FORELAND ROAD","","BEMBRIDGE","ISLE OF WIGHT","ISLE OF WIGHT","A","A"
"{31C68072-2936-FEE3-E063-4804A8C04F37}","270000","2025-02-11 00:00","PO37 6PX","D","N","F","16","","WESTHILL DRIVE","","SHANKLIN","ISLE OF WIGHT","ISLE OF WIGHT","A","A"
"{31C68072-2937-FEE3-E063-4804A8C04F37}","335000","2025-02-28 00:00","PO36 9QP","D","N","F","1","","PURSLEY CLOSE","","SANDOWN","ISLE OF WIGHT","ISLE OF WIGHT","A","A"
"{31C68072-2939-FEE3-E063-4804A8C04F37}","277500","2025-03-14 00:00","PO33 3LZ","T","N","F","3","","RUFFLERS WAY","BINSTEAD","RYDE","ISLE OF WIGHT","ISLE OF WIGHT","A","A"
"{31C68072-293A-FEE3-E063-4804A8C04F37}","180000","2025-03-28 00:00","PO33 2XT","T","N","F","2","","WINCHESTER MEWS","","RYDE","ISLE OF WIGHT","ISLE OF WIGHT","A","A"
"{31C68072-293D-FEE3-E063-4804A8C04F37}","500000","2025-03-24 00:00","PO41 0RW","D","N","F","ROSEBARTON","","WESTHILL LANE","NORTON","YARMOUTH","ISLE OF WIGHT","ISLE OF WIGHT","A","A"
"{31C68072-293E-FEE3-E063-4804A8C04F37}","430000","2025-02-28 00:00","PO30 1LS","D","N","F","109","","ST JOHNS ROAD","","NEWPORT","ISLE OF WIGHT","ISLE OF WIGHT","A","A"
"{31C68072-2940-FEE3-E063-4804A8C04F37}","205000","2025-02-21 00:00","PO33 1YD","T","N","F","67","","DOWNS VIEW ROAD","ST HELENS","RYDE","ISLE OF WIGHT","ISLE OF WIGHT","A","A"
"{31C68072-2941-FEE3-E063-4804A8C04F37}","105000","2025-03-11 00:00","PO33 2SD","F","N","L","7","","SOUTH STREET","","RYDE","ISLE OF WIGHT","ISLE OF WIGHT","A","A"
"{31C68072-2943-FEE3-E063-4804A8C04F37}","305000","2025-03-14 00:00","PO40 9RQ","D","N","F","7","","MAKINGS CLOSE","","FRESHWATER","ISLE OF WIGHT","ISLE OF WIGHT","A","A"
"{31C68072-2944-FEE3-E063-4804A8C04F37}","194000","2025-02-28 00:00","PO30 2BH","S","N","F","99","","MANOR CRESCENT","","NEWPORT","ISLE OF WIGHT","ISLE OF WIGHT","A","A"
"{31C68072-2945-FEE3-E063-4804A8C04F37}","315000","2025-02-21 00:00","PO35 5YD","T","N","L","GROVE MEWS","","LOVE LANE","","BEMBRIDGE","ISLE OF WIGHT","ISLE OF WIGHT","A","A"
"{31C68072-2946-FEE3-E063-4804A8C04F37}","250000","2025-03-14 00:00","PO34 5DP","S","N","F","OXFORD COTTAGES","2","NETTLESTONE HILL","","SEAVIEW","ISLE OF WIGHT","ISLE OF WIGHT","A","A"
"{31C68072-2947-FEE3-E063-4804A8C04F37}","925000","2025-02-28 00:00","PO33 4PZ","D","N","F","WOOTTON MANOR FARM, 70","","CHURCH ROAD","WOOTTON BRIDGE","RYDE","ISLE OF WIGHT","ISLE OF WIGHT","A","A"
"{31C68072-2948-FEE3-E063-4804A8C04F37}","615000","2025-02-28 00:00","PO33 2AG","D","N","F","28","","DOVER STREET","","RYDE","ISLE OF WIGHT","ISLE OF WIGHT","A","A"
"{31C68072-294A-FEE3-E063-4804A8C04F37}","145000","2025-02-14 00:00","PO38 1DY","T","N","F","24","","WILLOW CLOSE","","VENTNOR","ISLE OF WIGHT","ISLE OF WIGHT","A","A"
"{31C68072-294B-FEE3-E063-4804A8C04F37}","197500","2025-03-03 00:00","PO33 3QT","S","N","F","90","","BROADWAY CRESCENT","","RYDE","ISLE OF WIGHT","ISLE OF WIGHT","A","A"
"{31C68072-294C-FEE3-E063-4804A8C04F37}","275000","2025-02-21 00:00","PO31 7HZ","T","N","F","CROWN COURT","9","SUN HILL","","COWES","ISLE OF WIGHT","ISLE OF WIGHT","A","A"
"{31C68072-294D-FEE3-E063-4804A8C04F37}","620000","2025-03-07 00:00","PO31 8JU","D","N","F","52","","ALBERT ROAD","","COWES","ISLE OF WIGHT","ISLE OF WIGHT","A","A"
"{31C68072-294E-FEE3-E063-4804A8C04F37}","417000","2025-03-13 00:00","PO38 3PH","D","N","F","33","","COOMBE PARK","WROXALL","VENTNOR","ISLE OF WIGHT","ISLE OF WIGHT","A","A"
"{31C68072-294F-FEE3-E063-4804A8C04F37}","215000","2025-03-14 00:00","PO30 5EA","T","N","F","94","","CAESARS ROAD","","NEWPORT","ISLE OF WIGHT","ISLE OF WIGHT","A","A"
"{31C68072-2950-FEE3-E063-4804A8C04F37}","241500","2025-03-14 00:00","PO37 6ES","F","N","L","NORTHCLIFF HEIGHTS","FLAT 9","NORTHCLIFF GARDENS","","SHANKLIN","ISLE OF WIGHT","ISLE OF WIGHT","A","A"
"{31C68072-2951-FEE3-E063-4804A8C04F37}","280000","2025-03-07 00:00","PO30 3ER","S","N","F","LANSDOWN","","MAIN ROAD","CHILLERTON","NEWPORT","ISLE OF WIGHT","ISLE OF WIGHT","A","A"
"{31C68072-2953-FEE3-E063-4804A8C04F37}","415000","2025-02-25 00:00","PO37 7AW","S","N","L","11","","ST PAULS CRESCENT","","SHANKLIN","ISLE OF WIGHT","ISLE OF WIGHT","A","A"
"{31C68072-2954-FEE3-E063-4804A8C04F37}","223000","2025-03-14 00:00","PO30 2BN","T","N","F","38","","GARDEN WAY","","NEWPORT","ISLE OF WIGHT","ISLE OF WIGHT","A","A"
"{31C68072-2955-FEE3-E063-4804A8C04F37}","100000","2025-02-27 00:00","PO33 2RF","F","N","L","BEDWORTH HOUSE, 29","FLAT 8","BEDWORTH PLACE","","RYDE","ISLE OF WIGHT","ISLE OF WIGHT","A","A"
"{31C68072-2958-FEE3-E063-4804A8C04F37}","225000","2025-02-26 00:00","PO30 5EH","T","N","L","15","","HEARN STREET","","NEWPORT","ISLE OF WIGHT","ISLE OF WIGHT","A","A"
"{31C68072-2959-FEE3-E063-4804A8C04F37}","190000","2025-02-21 00:00","PO33 2QR","T","N","F","7","","MOUNT STREET","","RYDE","ISLE OF WIGHT","ISLE OF WIGHT","A","A"
"{31C68072-295A-FEE3-E063-4804A8C04F37}","365000","2025-03-14 00:00","PO30 1LN","D","N","F","1","","ST JOHNS ROAD","","NEWPORT","ISLE OF WIGHT","ISLE OF WIGHT","A","A"
"{31C68072-295D-FEE3-E063-4804A8C04F37}","140000","2025-02-28 00:00","PO33 2QQ","F","N","L","25","FLAT 6","WEST STREET","","RYDE","ISLE OF WIGHT","ISLE OF WIGHT","A","A"
"{31C68072-295E-FEE3-E063-4804A8C04F37}","250000","2025-02-04 00:00","PO37 6DQ","D","N","L","52","","QUEENS ROAD","","SHANKLIN","ISLE OF WIGHT","ISLE OF WIGHT","A","A"
"{31C68072-295F-FEE3-E063-4804A8C04F37}","540000","2025-02-12 00:00","PO38 2PN","T","N","F","GREAT APPLEFORD BARNS","6","","WHITWELL","VENTNOR","ISLE OF WIGHT","ISLE OF WIGHT","A","A"
"{31C68072-2962-FEE3-E063-4804A8C04F37}","275000","2025-03-21 00:00","PO38 2RD","S","N","F","32","","BANNOCK ROAD","WHITWELL","VENTNOR","ISLE OF WIGHT","ISLE OF WIGHT","A","A"
"{31C68072-2963-FEE3-E063-4804A8C04F37}","310000","2025-01-24 00:00","PO33 1YJ","S","N","F","10","","ST MICHAELS ROAD","ST HELENS","RYDE","ISLE OF WIGHT","ISLE OF WIGHT","A","A"
"{31C68072-2964-FEE3-E063-4804A8C04F37}","405000","2025-03-07 00:00","PO31 7JX","S","N","F","2","","ALEXANDRA ROAD","","COWES","ISLE OF WIGHT","ISLE OF WIGHT","A","A"
"{31C68072-2965-FEE3-E063-4804A8C04F37}","317500","2025-03-25 00:00","PO33 1RF","T","N","F","20","","HORNBEAM SQUARE","","RYDE","ISLE OF WIGHT","ISLE OF WIGHT","A","A"
"{31C68072-2967-FEE3-E063-4804A8C04F37}","220000","2025-03-05 00:00","PO38 1SD","S","N","F","SPRING COURT","2","HIGH STREET","","VENTNOR","ISLE OF WIGHT","ISLE OF WIGHT","A","A"
"{31C68072-2968-FEE3-E063-4804A8C04F37}","595000","2025-03-27 00:00","PO36 9PJ","D","N","F","SCOTCHELLS","","NEWPORT ROAD","","SANDOWN","ISLE OF WIGHT","ISLE OF WIGHT","A","A"
"{31C68072-2969-FEE3-E063-4804A8C04F37}","440000","2025-03-12 00:00","PO37 7JD","D","N","F","41","","LANDGUARD MANOR ROAD","","SHANKLIN","ISLE OF WIGHT","ISLE OF WIGHT","A","A"
"{31C68072-296A-FEE3-E063-4804A8C04F37}","181000","2025-02-20 00:00","PO30 1RN","D","N","F","79C","","ELM GROVE","","NEWPORT","ISLE OF WIGHT","ISLE OF WIGHT","A","A"
"{31C68072-296B-FEE3-E063-4804A8C04F37}","252500","2025-03-18 00:00","PO31 8NZ","T","N","F","4","","WYATTS CLOSE","NORTHWOOD","COWES","ISLE OF WIGHT","ISLE OF WIGHT","A","A"
"{31C68072-296E-FEE3-E063-4804A8C04F37}","290000","2025-03-13 00:00","PO30 5JB","D","N","F","118","","WORSLEY ROAD","","NEWPORT","ISLE OF WIGHT","ISLE OF WIGHT","A","A"
"{31C68072-296F-FEE3-E063-4804A8C04F37}","260000","2025-03-18 00:00","PO32 6ED","S","N","F","2A","","ST DAVIDS ROAD","","EAST COWES","ISLE OF WIGHT","ISLE OF WIGHT","A","A"
"{31C68072-2970-FEE3-E063-4804A8C04F37}","185000","2025-03-21 00:00","PO30 1QE","T","N","F","41","","TRAFALGAR ROAD","","NEWPORT","ISLE OF WIGHT","ISLE OF WIGHT","A","A"
"{31C68072-2974-FEE3-E063-4804A8C04F37}","305000","2025-02-11 00:00","PO33 1UZ","S","N","F","LITTLE WIGHT HOUSE","","WESTFIELD ROAD","ST HELENS","RYDE","ISLE OF WIGHT","ISLE OF WIGHT","A","A"
"{31C68072-2975-FEE3-E063-4804A8C04F37}","395000","2025-03-12 00:00","PO36 0HE","D","N","F","RICHMOND","","YOUNGWOODS WAY","ALVERSTONE GARDEN VILLAGE","SANDOWN","ISLE OF WIGHT","ISLE OF WIGHT","A","A"
"{31C68072-2976-FEE3-E063-4804A8C04F37}","180000","2025-02-21 00:00","PO33 2SE","S","N","L","38","","PRINCE STREET","","RYDE","ISLE OF WIGHT","ISLE OF WIGHT","A","A"
"{31C68072-2977-FEE3-E063-4804A8C04F37}","245000","2025-01-31 00:00","PO30 1ND","S","N","F","52","","WHITEPIT LANE","","NEWPORT","ISLE OF WIGHT","ISLE OF WIGHT","A","A"
"{31C68072-2978-FEE3-E063-4804A8C04F37}","117500","2025-02-28 00:00","PO40 9AG","F","N","L","MAPLE COURT","FLAT 1","TENNYSON ROAD","","FRESHWATER","ISLE OF WIGHT","ISLE OF WIGHT","A","A"
"{31C68072-2979-FEE3-E063-4804A8C04F37}","570000","2025-03-10 00:00","PO33 4NE","D","N","F","69","","PALMERS ROAD","WOOTTON BRIDGE","RYDE","ISLE OF WIGHT","ISLE OF WIGHT","A","A"
"{31C68072-297A-FEE3-E063-4804A8C04F37}","235000","2025-02-25 00:00","PO39 0AR","F","N","L","PINE RIDGE COURT","FLAT 1","WARD ROAD","","TOTLAND BAY","ISLE OF WIGHT","ISLE OF WIGHT","A","A"
"{31C68072-297C-FEE3-E063-4804A8C04F37}","280000","2025-03-24 00:00","PO32 6RY","S","N","F","40","","OSBORNE ROAD","","EAST COWES","ISLE OF WIGHT","ISLE OF WIGHT","A","A"
"{31C68072-2980-FEE3-E063-4804A8C04F37}","131000","2025-03-12 00:00","PO36 0JJ","F","N","L","WINFORD COURT","FLAT 6","FOREST WAY","WINFORD","SANDOWN","ISLE OF WIGHT","ISLE OF WIGHT","A","A"
"{31C68072-2981-FEE3-E063-4804A8C04F37}","250000","2025-03-26 00:00","PO36 9BX","D","N","F","12","","PEROWNE WAY","","SANDOWN","ISLE OF WIGHT","ISLE OF WIGHT","A","A"
"{31C68072-2984-FEE3-E063-4804A8C04F37}","240000","2025-03-06 00:00","PO33 3HH","S","N","F","18","","POUND MEAD","","RYDE","ISLE OF WIGHT","ISLE OF WIGHT","A","A"
"{31C68072-2985-FEE3-E063-4804A8C04F37}","128000","2025-02-13 00:00","PO38 1AP","T","N","L","10","","LOWTHERVILLE ROAD","","VENTNOR","ISLE OF WIGHT","ISLE OF WIGHT","A","A"
"{31C68072-2987-FEE3-E063-4804A8C04F37}","155000","2025-02-28 00:00","PO32 6AJ","F","N","L","HARBOUR COURT, 2","APARTMENT 9","OLD ROAD","","EAST COWES","ISLE OF WIGHT","ISLE OF WIGHT","A","A"
"{31C68072-2988-FEE3-E063-4804A8C04F37}","250000","2025-02-26 00:00","PO33 4LZ","S","N","F","155","","HIGH STREET","WOOTTON BRIDGE","RYDE","ISLE OF WIGHT","ISLE OF WIGHT","A","A"
"{31C68072-2989-FEE3-E063-4804A8C04F37}","195000","2025-02-14 00:00","PO38 1BW","S","N","F","4","","ASH COURT","","VENTNOR","ISLE OF WIGHT","ISLE OF WIGHT","A","A"
"{31C68072-298A-FEE3-E063-4804A8C04F37}","243500","2025-03-11 00:00","PO37 6ER","F","N","L","WINDSOR COURT","APARTMENT 2","CULVER ROAD","","SHANKLIN","ISLE OF WIGHT","ISLE OF WIGHT","A","A"
"{31C68072-298B-FEE3-E063-4804A8C04F37}","355000","2025-02-24 00:00","PO32 6GB","D","N","F","98","","ALBERT WAY","","EAST COWES","ISLE OF WIGHT","ISLE OF WIGHT","A","A"
"{31C68072-298C-FEE3-E063-4804A8C04F37}","430000","2025-02-25 00:00","PO35 5XU","D","N","F","55","","MEADOW DRIVE","","BEMBRIDGE","ISLE OF WIGHT","ISLE OF WIGHT","A","A"
"{31C68072-298D-FEE3-E063-4804A8C04F37}","210000","2025-03-14 00:00","PO32 6GD","T","N","F","41","","CROMWELL AVENUE","","EAST COWES","ISLE OF WIGHT","ISLE OF WIGHT","A","A"
"{31C68072-298E-FEE3-E063-4804A8C04F37}","220000","2025-01-17 00:00","PO32 6GE","S","N","F","78","","CROMWELL AVENUE","","EAST COWES","ISLE OF WIGHT","ISLE OF WIGHT","A","A"
"{31C68072-298F-FEE3-E063-4804A8C04F37}","290000","2025-02-17 00:00","PO33 3DZ","S","N","F","32","","ST MICHAELS AVENUE","","RYDE","ISLE OF WIGHT","ISLE OF WIGHT","A","A"
"{31C68072-2990-FEE3-E063-4804A8C04F37}","208000","2025-03-10 00:00","PO36 0DX","S","N","F","1","","LOWER FURLONGS","BRADING","SANDOWN","ISLE OF WIGHT","ISLE OF WIGHT","A","A"
"{31C68072-2991-FEE3-E063-4804A8C04F37}","450000","2025-03-03 00:00","PO38 1TS","D","N","F","SEA DRAGONS","","GROVE ROAD","","VENTNOR","ISLE OF WIGHT","ISLE OF WIGHT","A","A"
"{31C68072-2992-FEE3-E063-4804A8C04F37}","510000","2025-01-31 00:00","PO41 0LA","D","N","F","21","","BOULDNOR MEAD","BOULDNOR","YARMOUTH","ISLE OF WIGHT","ISLE OF WIGHT","A","A"
"{31C68072-2993-FEE3-E063-4804A8C04F37}","176000","2025-01-23 00:00","PO33 4AE","F","N","L","THE HAVENS","9","MAIN ROAD","HAVENSTREET","RYDE","ISLE OF WIGHT","ISLE OF WIGHT","A","A"
"{31C68072-2994-FEE3-E063-4804A8C04F37}","308000","2025-03-26 00:00","PO36 8FE","T","N","F","11","","BREAKWATER WAY","","SANDOWN","ISLE OF WIGHT","ISLE OF WIGHT","A","A"
"{31C68072-2995-FEE3-E063-4804A8C04F37}","133500","2025-02-12 00:00","PO33 2UN","F","N","L","13","FLAT 1","ASHEY ROAD","","RYDE","ISLE OF WIGHT","ISLE OF WIGHT","A","A"
"{31C68072-2997-FEE3-E063-4804A8C04F37}","300000","2025-02-21 00:00","PO30 5TL","S","N","F","101","","HORSEBRIDGE HILL","","NEWPORT","ISLE OF WIGHT","ISLE OF WIGHT","A","A"
"{31C68072-2998-FEE3-E063-4804A8C04F37}","220000","2025-02-28 00:00","PO33 4LS","T","N","F","17","","DOWNSVIEW GARDENS","WOOTTON BRIDGE","RYDE","ISLE OF WIGHT","ISLE OF WIGHT","A","A"
"{31C68072-299A-FEE3-E063-4804A8C04F37}","155000","2025-03-14 00:00","PO41 0NR","F","N","L","2","","JIREH PLACE","","YARMOUTH","ISLE OF WIGHT","ISLE OF WIGHT","A","A"
"{31C68072-299C-FEE3-E063-4804A8C04F37}","100000","2025-03-05 00:00","PO30 4DW","S","N","L","8","","BURT CLOSE","SHALFLEET","NEWPORT","ISLE OF WIGHT","ISLE OF WIGHT","A","A"
"{31C68072-299E-FEE3-E063-4804A8C04F37}","280000","2025-03-11 00:00","PO30 2ER","D","N","F","6","","HALBERRY LANE","","NEWPORT","ISLE OF WIGHT","ISLE OF WIGHT","A","A"
"{31C68072-29B8-FEE3-E063-4804A8C04F37}","92000","2025-02-21 00:00","PO33 1HE","F","N","L","THE SYCAMORES","FLAT 11","SLADE ROAD","","RYDE","ISLE OF WIGHT","ISLE OF WIGHT","A","A"
"{31C68072-29B9-FEE3-E063-4804A8C04F37}","685000","2025-02-28 00:00","PO35 5TN","D","N","F","33","","BEACHFIELD ROAD","","BEMBRIDGE","ISLE OF WIGHT","ISLE OF WIGHT","A","A"
"{31C68072-29BC-FEE3-E063-4804A8C04F37}","440000","2025-02-21 00:00","PO37 6RF","S","N","F","PRIORY MANOR COURT","2","POPHAM ROAD","","SHANKLIN","ISLE OF WIGHT","ISLE OF WIGHT","A","A"
"{31C68072-20D2-FEE3-E063-4804A8C04F37}","280000","2025-02-28 00:00","PO33 1YE","D","N","F","18","","DOWNS VIEW ROAD","ST HELENS","RYDE","ISLE OF WIGHT","ISLE OF WIGHT","A","A"
"{31C68072-2176-FEE3-E063-4804A8C04F37}","212000","2025-03-25 00:00","PO33 4JB","D","N","F","50","","ST EDMUNDS WALK","WOOTTON BRIDGE","RYDE","ISLE OF WIGHT","ISLE OF WIGHT","A","A"
"{31C68072-2023-FEE3-E063-4804A8C04F37}","270000","2024-11-15 00:00","PO30 2LH","D","N","F","15","","ATKINSON DRIVE","","NEWPORT","ISLE OF WIGHT","ISLE OF WIGHT","A","A"
"{31C68072-20FF-FEE3-E063-4804A8C04F37}","300000","2024-11-15 00:00","PO33 4JB","D","N","F","9","","ST EDMUNDS WALK","WOOTTON BRIDGE","RYDE","ISLE OF WIGHT","ISLE OF WIGHT","A","A"
"{31C68072-2900-FEE3-E063-4804A8C04F37}","500000","2024-03-13 00:00","PO36 8DQ","D","N","F","29","","CARTER STREET","","SANDOWN","ISLE OF WIGHT","ISLE OF WIGHT","A","A"
"{31C68072-2901-FEE3-E063-4804A8C04F37}","75000","2024-11-01 00:00","PO33 2ER","F","N","L","HAWK HOUSE, 21","FLAT 8","UNION ROAD","","RYDE","ISLE OF WIGHT","ISLE OF WIGHT","B","A"
"{31C68072-2902-FEE3-E063-4804A8C04F37}","85000","2024-11-26 00:00","PO30 5ES","F","N","L","QUARRY VIEW COURT","FLAT 2","QUARRY VIEW","CAMP HILL","NEWPORT","ISLE OF WIGHT","ISLE OF WIGHT","A","A"
"{31C68072-2908-FEE3-E063-4804A8C04F37}","630000","2024-11-06 00:00","PO35 5YP","D","N","F","6","","NIGHTINGALE CLOSE","","BEMBRIDGE","ISLE OF WIGHT","ISLE OF WIGHT","A","A"
"{31C68072-2909-FEE3-E063-4804A8C04F37}","265000","2024-09-25 00:00","PO30 1LG","F","N","F","79","FLAT","ST JAMES STREET","","NEWPORT","ISLE OF WIGHT","ISLE OF WIGHT","A","A"
"{31C68072-290B-FEE3-E063-4804A8C04F37}","180000","2024-10-04 00:00","PO33 2BJ","S","N","F","1","","BENETT STREET","","RYDE","ISLE OF WIGHT","ISLE OF WIGHT","A","A"
"{31C68072-290F-FEE3-E063-4804A8C04F37}","135000","2024-11-08 00:00","PO30 1PY","T","N","F","8B","","CHAPEL STREET","","NEWPORT","ISLE OF WIGHT","ISLE OF WIGHT","A","A"
"{31C68072-2910-FEE3-E063-4804A8C04F37}","282000","2024-06-28 00:00","PO32 6JF","S","N","F","2","","BEATRICE AVENUE","","EAST COWES","ISLE OF WIGHT","ISLE OF WIGHT","A","A"
"{31C68072-2911-FEE3-E063-4804A8C04F37}","372500","2024-06-06 00:00","PO41 0SS","S","N","F","WOODMANS","","MAIN ROAD","THORLEY","YARMOUTH","ISLE OF WIGHT","ISLE OF WIGHT","A","A"
"{31C68072-2916-FEE3-E063-4804A8C04F37}","187000","2024-09-25 00:00","PO32 6HW","T","N","F","36","","GORT ROAD","","EAST COWES","ISLE OF WIGHT","ISLE OF WIGHT","A","A"
"{31C68072-2919-FEE3-E063-4804A8C04F37}","295000","2024-03-07 00:00","PO36 8PD","D","N","F","39","","DENNESS ROAD","","SANDOWN","ISLE OF WIGHT","ISLE OF WIGHT","B","A"
"{31C68072-2925-FEE3-E063-4804A8C04F37}","325000","2024-07-22 00:00","PO33 3RB","S","N","F","2","","GORDON CLOSE","","RYDE","ISLE OF WIGHT","ISLE OF WIGHT","A","A"
"{31C68072-2928-FEE3-E063-4804A8C04F37}","180000","2024-05-25 00:00","PO30 2BJ","S","N","F","36","","MANOR CRESCENT","","NEWPORT","ISLE OF WIGHT","ISLE OF WIGHT","A","A"
"{31C68072-292B-FEE3-E063-4804A8C04F37}","462500","2024-05-24 00:00","PO33 4LU","D","N","F","111","","HIGH STREET","WOOTTON BRIDGE","RYDE","ISLE OF WIGHT","ISLE OF WIGHT","A","A"
"{31C68072-2930-FEE3-E063-4804A8C04F37}","275000","2024-06-11 00:00","PO33 3QX","D","N","F","2","","HAMILTON ROAD","","RYDE","ISLE OF WIGHT","ISLE OF WIGHT","A","A"
"{31C68072-2931-FEE3-E063-4804A8C04F37}","181000","2024-05-22 00:00","PO35 5TS","F","N","L","6","","PELHAM CLOSE","","BEMBRIDGE","ISLE OF WIGHT","ISLE OF WIGHT","A","A"
"{31C68072-2938-FEE3-E063-4804A8C04F37}","315000","2024-07-08 00:00","PO34 5JF","S","N","F","20","","CHERRYTREE ROAD","","SEAVIEW","ISLE OF WIGHT","ISLE OF WIGHT","A","A"
"{31C68072-293B-FEE3-E063-4804A8C04F37}","176500","2024-08-01 00:00","PO36 8EX","T","N","F","16","","WILKES ROAD","","SANDOWN","ISLE OF WIGHT","ISLE OF WIGHT","A","A"
"{31C68072-293F-FEE3-E063-4804A8C04F37}","272000","2024-11-01 00:00","PO31 7JX","S","N","F","12","","ALEXANDRA ROAD","","COWES","ISLE OF WIGHT","ISLE OF WIGHT","A","A"
"{31C68072-2942-FEE3-E063-4804A8C04F37}","280000","2024-10-31 00:00","PO31 7LE","T","N","F","95","","BELLEVUE ROAD","","COWES","ISLE OF WIGHT","ISLE OF WIGHT","A","A"
"{31C68072-2949-FEE3-E063-4804A8C04F37}","255000","2024-03-28 00:00","PO33 4DU","D","N","F","2","","ELIZABETH GARDENS","HAVENSTREET","RYDE","ISLE OF WIGHT","ISLE OF WIGHT","A","A"
"{31C68072-2952-FEE3-E063-4804A8C04F37}","217500","2024-06-18 00:00","PO38 1BD","S","N","F","98","","NEWPORT ROAD","","VENTNOR","ISLE OF WIGHT","ISLE OF WIGHT","A","A"
"{31C68072-2956-FEE3-E063-4804A8C04F37}","220000","2024-07-12 00:00","PO36 8BL","S","N","F","15","","CARTER STREET","","SANDOWN","ISLE OF WIGHT","ISLE OF WIGHT","A","A"
"{31C68072-2957-FEE3-E063-4804A8C04F37}","750000","2024-11-07 00:00","PO34 5DL","D","N","F","THE OLD MANOR","","NETTLESTONE HILL","","SEAVIEW","ISLE OF WIGHT","ISLE OF WIGHT","A","A"
"{31C68072-295B-FEE3-E063-4804A8C04F37}","145000","2024-05-23 00:00","PO38 1NH","T","N","F","2","","KENT ROAD","","VENTNOR","ISLE OF WIGHT","ISLE OF WIGHT","A","A"
"{31C68072-2960-FEE3-E063-4804A8C04F37}","490000","2024-11-28 00:00","PO35 5YA","D","N","F","42","","MEADOW DRIVE","","BEMBRIDGE","ISLE OF WIGHT","ISLE OF WIGHT","A","A"
"{31C68072-2961-FEE3-E063-4804A8C04F37}","335000","2024-06-14 00:00","PO33 3JG","D","N","F","HOLMEWOOD LODGE, 251","","UPTON ROAD","","RYDE","ISLE OF WIGHT","ISLE OF WIGHT","A","A"
"{31C68072-2966-FEE3-E063-4804A8C04F37}","78000","2024-10-14 00:00","PO40 9SQ","S","N","F","WHITE LODGE, 83","","BRAMBLES CHINE","","FRESHWATER","ISLE OF WIGHT","ISLE OF WIGHT","A","A"
"{31C68072-296C-FEE3-E063-4804A8C04F37}","725500","2024-11-08 00:00","PO36 0HE","D","N","F","MEADOW END","","YOUNGWOODS WAY","ALVERSTONE GARDEN VILLAGE","SANDOWN","ISLE OF WIGHT","ISLE OF WIGHT","A","A"
"{31C68072-2971-FEE3-E063-4804A8C04F37}","146000","2024-10-31 00:00","PO36 9AB","T","N","F","COBBLESTONES","","SEAGROVE DRIVE","","SANDOWN","ISLE OF WIGHT","ISLE OF WIGHT","A","A"
"{31C68072-2972-FEE3-E063-4804A8C04F37}","1075000","2024-06-28 00:00","PO31 8AU","S","N","F","13","","MORNINGTON MEWS","","COWES","ISLE OF WIGHT","ISLE OF WIGHT","A","A"
"{31C68072-2973-FEE3-E063-4804A8C04F37}","142000","2024-05-03 00:00","PO30 5GF","F","N","L","SHANKLIN HOUSE, 37","APARTMENT 2","BRICKFIELD CLOSE","","NEWPORT","ISLE OF WIGHT","ISLE OF WIGHT","A","A"
"{31C68072-297B-FEE3-E063-4804A8C04F37}","300000","2024-10-22 00:00","PO33 1HU","D","N","F","13","","HOLLY TREE CLOSE","","RYDE","ISLE OF WIGHT","ISLE OF WIGHT","A","A"
"{31C68072-297D-FEE3-E063-4804A8C04F37}","140000","2024-10-24 00:00","PO33 2SD","T","N","L","15","","SOUTH STREET","","RYDE","ISLE OF WIGHT","ISLE OF WIGHT","A","A"
"{31C68072-297E-FEE3-E063-4804A8C04F37}","420000","2024-10-16 00:00","PO30 5TY","D","N","F","12","","NOKE COMMON","","NEWPORT","ISLE OF WIGHT","ISLE OF WIGHT","A","A"
"{31C68072-297F-FEE3-E063-4804A8C04F37}","145000","2024-05-23 00:00","PO38 1NH","T","N","L","2","","KENT ROAD","","VENTNOR","ISLE OF WIGHT","ISLE OF WIGHT","A","A"
"{31C68072-2982-FEE3-E063-4804A8C04F37}","735000","2024-10-30 00:00","PO31 8LW","D","N","F","BADGERS BROOK, 60","","PALLANCE ROAD","NORTHWOOD","COWES","ISLE OF WIGHT","ISLE OF WIGHT","A","A"
"{31C68072-2986-FEE3-E063-4804A8C04F37}","230000","2024-11-11 00:00","PO31 7DJ","T","N","F","20","","THETIS ROAD","","COWES","ISLE OF WIGHT","ISLE OF WIGHT","A","A"
"{31C68072-2996-FEE3-E063-4804A8C04F37}","201000","2024-08-02 00:00","PO30 5PJ","S","N","F","74","","QUARRY VIEW","CAMP HILL","NEWPORT","ISLE OF WIGHT","ISLE OF WIGHT","A","A"
"{31C68072-2999-FEE3-E063-4804A8C04F37}","238300","2024-10-17 00:00","PO31 7XF","F","N","L","MARINUS","APARTMENT 5","MEDINA ROAD","","COWES","ISLE OF WIGHT","ISLE OF WIGHT","A","A"
"{31C68072-299F-FEE3-E063-4804A8C04F37}","635000","2024-01-15 00:00","PO38 2BW","D","N","F","NITON BARNS","KEATS","BLACKGANG ROAD","NITON","VENTNOR","ISLE OF WIGHT","ISLE OF WIGHT","A","A"
"{31C68072-29A1-FEE3-E063-4804A8C04F37}","380000","2024-01-11 00:00","PO38 1BZ","F","N","L","BEAUMONT RISE, 22","FLAT 7","ZIG ZAG ROAD","","VENTNOR","ISLE OF WIGHT","ISLE OF WIGHT","A","A"
"{31C68072-29A3-FEE3-E063-4804A8C04F37}","260000","2024-02-23 00:00","PO33 3LW","S","N","F","22","","PELL LANE","","RYDE","ISLE OF WIGHT","ISLE OF WIGHT","A","A"
"{31C68072-29A4-FEE3-E063-4804A8C04F37}","240000","2024-02-21 00:00","PO35 5QT","T","N","F","16","","DOWNS VIEW ROAD","","BEMBRIDGE","ISLE OF WIGHT","ISLE OF WIGHT","A","A"
"{31C68072-29A5-FEE3-E063-4804A8C04F37}","445000","2024-02-29 00:00","PO31 7JJ","T","N","F","62","","VICTORIA ROAD","","COWES","ISLE OF WIGHT","ISLE OF WIGHT","A","A"
"{31C68072-29A6-FEE3-E063-4804A8C04F37}","290000","2024-02-28 00:00","PO37 7LD","D","N","F","26","","BROOK ROAD","","SHANKLIN","ISLE OF WIGHT","ISLE OF WIGHT","A","A"
"{31C68072-29A7-FEE3-E063-4804A8C04F37}","385000","2024-03-01 00:00","PO30 2JX","D","N","F","RIVER VIEW, 392","","FAIRLEE ROAD","","NEWPORT","ISLE OF WIGHT","ISLE OF WIGHT","A","A"
"{31C68072-29A8-FEE3-E063-4804A8C04F37}","780000","2024-03-07 00:00","PO34 5AD","S","N","L","CROFTON","","RYDE ROAD","","SEAVIEW","ISLE OF WIGHT","ISLE OF WIGHT","A","A"
"{31C68072-29A9-FEE3-E063-4804A8C04F37}","350000","2024-03-08 00:00","PO37 7NT","D","N","F","14","","SIBDEN ROAD","","SHANKLIN","ISLE OF WIGHT","ISLE OF WIGHT","A","A"
"{31C68072-29AA-FEE3-E063-4804A8C04F37}","180000","2024-01-09 00:00","PO36 9AQ","S","N","F","103","","BROADWAY","","SANDOWN","ISLE OF WIGHT","ISLE OF WIGHT","A","A"
"{31C68072-29AB-FEE3-E063-4804A8C04F37}","150000","2024-03-07 00:00","PO33 1PG","D","N","F","13","","THORNTON MANOR DRIVE","","RYDE","ISLE OF WIGHT","ISLE OF WIGHT","A","A"
"{31C68072-2352-FEE3-E063-4804A8C04F37}","223000","2024-09-13 00:00","PO33 1YD","S","N","F","91","","DOWNS VIEW ROAD","ST HELENS","RYDE","ISLE OF WIGHT","ISLE OF WIGHT","A","A"
"{31C68072-29AD-FEE3-E063-4804A8C04F37}","125000","2024-03-21 00:00","PO32 6TE","F","N","L","172","FLAT 3","YORK AVENUE","","EAST COWES","ISLE OF WIGHT","ISLE OF WIGHT","A","A"
"{31C68072-29AE-FEE3-E063-4804A8C04F37}","200000","2024-04-19 00:00","PO32 6DJ","S","N","F","11","","VICTORIA GROVE","","EAST COWES","ISLE OF WIGHT","ISLE OF WIGHT","A","A"
"{31C68072-29AF-FEE3-E063-4804A8C04F37}","283000","2024-11-18 00:00","PO31 7XF","F","N","L","MARINUS","APARTMENT 36","MEDINA ROAD","","COWES","ISLE OF WIGHT","ISLE OF WIGHT","A","A"
"{31C68072-29B0-FEE3-E063-4804A8C04F37}","590000","2024-05-22 00:00","PO33 4NY","D","N","F","8","","REYNARDS PLACE","WOOTTON BRIDGE","RYDE","ISLE OF WIGHT","ISLE OF WIGHT","A","A"
"{31C68072-29B1-FEE3-E063-4804A8C04F37}","285000","2024-05-24 00:00","PO33 3JB","S","N","F","35","","WINDMILL CLOSE","","RYDE","ISLE OF WIGHT","ISLE OF WIGHT","A","A"
"{31C68072-29B2-FEE3-E063-4804A8C04F37}","840000","2024-09-04 00:00","PO31 7GB","D","Y","F","17","","CORDELIA GARDENS","","COWES","ISLE OF WIGHT","ISLE OF WIGHT","A","A"
"{31C68072-29B3-FEE3-E063-4804A8C04F37}","725000","2024-08-15 00:00","PO31 7GB","D","Y","F","15","","CORDELIA GARDENS","","COWES","ISLE OF WIGHT","ISLE OF WIGHT","A","A"
"{31C68072-29B4-FEE3-E063-4804A8C04F37}","850000","2024-08-30 00:00","PO31 7GB","D","Y","F","20","","CORDELIA GARDENS","","COWES","ISLE OF WIGHT","ISLE OF WIGHT","A","A"
"{31C68072-29B5-FEE3-E063-4804A8C04F37}","129950","2024-01-30 00:00","PO37 6BU","F","N","L","CORINTHIAN COURT","FLAT 11","CROSS STREET","","SHANKLIN","ISLE OF WIGHT","ISLE OF WIGHT","A","A"
"{31C68072-29B6-FEE3-E063-4804A8C04F37}","315000","2024-11-25 00:00","PO32 6NH","S","N","F","BRICKFIELD COTTAGES","3","EAST COWES ROAD","","EAST COWES","ISLE OF WIGHT","ISLE OF WIGHT","A","A"
"{31C68072-29B7-FEE3-E063-4804A8C04F37}","912500","2024-12-12 00:00","PO31 7GB","D","Y","F","18","","CORDELIA GARDENS","","COWES","ISLE OF WIGHT","ISLE OF WIGHT","A","A"
"{2131FCF6-1971-86E8-E063-4804A8C0372B}","94000","2024-08-09 00:00","PO37 7JE","F","N","L","LANGTHORNE, 3","FLAT 6","WITBANK GARDENS","","SHANKLIN","ISLE OF WIGHT","ISLE OF WIGHT","A","D"
"{31C68072-1E97-FEE3-E063-4804A8C04F37}","230000","2025-03-13 00:00","PO33 3JN","T","N","L","21","","GRENVILLE DRIVE","","RYDE","ISLE OF WIGHT","ISLE OF WIGHT","A","A"
"{31C68072-1EA3-FEE3-E063-4804A8C04F37}","395000","2025-03-13 00:00","PO34 5JB","D","N","F","9","","ORCHARD ROAD","","SEAVIEW","ISLE OF WIGHT","ISLE OF WIGHT","A","A"
"{31C68072-1FFC-FEE3-E063-4804A8C04F37}","310000","2025-02-26 00:00","PO40 9LL","D","N","F","8","","THE SHEILINGS","","FRESHWATER","ISLE OF WIGHT","ISLE OF WIGHT","A","A"
"{31C68072-1FAE-FEE3-E063-4804A8C04F37}","315000","2025-02-28 00:00","PO30 2DH","S","N","F","20","","MAYFIELD DRIVE","","NEWPORT","ISLE OF WIGHT","ISLE OF WIGHT","A","A"
"{31C68072-1F96-FEE3-E063-4804A8C04F37}","340000","2025-01-29 00:00","PO31 8EP","D","N","F","48","","MAGDALEN CRESCENT","","COWES","ISLE OF WIGHT","ISLE OF WIGHT","A","A"
"{31C68072-1D54-FEE3-E063-4804A8C04F37}","345000","2025-02-24 00:00","PO33 4NG","D","N","F","19","","FOOTWAYS","WOOTTON BRIDGE","RYDE","ISLE OF WIGHT","ISLE OF WIGHT","A","A"
"{31C68072-1D5B-FEE3-E063-4804A8C04F37}","485000","2025-03-18 00:00","PO33 3AB","D","N","F","2","","WESTFIELD PARK","","RYDE","ISLE OF WIGHT","ISLE OF WIGHT","A","A"
"{31C68072-1FDC-FEE3-E063-4804A8C04F37}","330000","2025-03-10 00:00","PO32 6PJ","D","N","F","3","","JOHN NASH AVENUE","","EAST COWES","ISLE OF WIGHT","ISLE OF WIGHT","A","A"
"{31C68072-1D9B-FEE3-E063-4804A8C04F37}","244000","2025-02-28 00:00","PO32 6SH","S","N","F","16","","YARBOROUGH ROAD","","EAST COWES","ISLE OF WIGHT","ISLE OF WIGHT","A","A"
"{31C68072-1DD6-FEE3-E063-4804A8C04F37}","275000","2025-03-25 00:00","PO33 3QQ","S","N","F","67","","WINSTON AVENUE","BINSTEAD","RYDE","ISLE OF WIGHT","ISLE OF WIGHT","A","A"
"{31C68072-1E1B-FEE3-E063-4804A8C04F37}","285000","2025-02-20 00:00","PO38 2JQ","D","N","F","KLOOF","","CHALE STREET","CHALE GREEN","VENTNOR","ISLE OF WIGHT","ISLE OF WIGHT","A","A"
"{2F7F2B43-0A25-E08F-E063-4804A8C05A49}","300000","2025-02-21 00:00","PO31 7NW","S","N","F","5","","DEBOURNE CLOSE","","COWES","ISLE OF WIGHT","ISLE OF WIGHT","A","D"
"{2D4D7609-0C5D-BDF9-E063-4804A8C0672F}","220000","2025-01-17 00:00","PO32 6GE","S","N","F","78","","CROMWELL AVENUE","","EAST COWES","ISLE OF WIGHT","ISLE OF WIGHT","A","D"
