"{402A3A65-F2E8-A7DF-E063-4804A8C0B80D}","270000","2021-11-26 00:00","PO30 2HF","D","N","F","1","","RED FOX SQUARE","","NEWPORT","ISLE OF WIGHT","ISLE OF WIGHT","A","A"
"{E9F4A465-9C53-4D1E-A496-5942795FCEC2}","75000","2004-08-25 00:00","PO33 4PE","F","N","L","22","FLAT 1","HIGH STREET","WOOTTON BRIDGE","RYDE","ISLE OF WIGHT","ISLE OF WIGHT","A","C"
"{25E9DA81-D9BB-555E-E063-4704A8C066F2}","230000","2021-06-29 00:00","PO38 3DW","O","N","F","REW VIEW COTTAGES","1","REW LANE","WROXALL","VENTNOR","ISLE OF WIGHT","ISLE OF WIGHT","B","C"
"{8986E82B-AD3B-4C3D-8428-7BA6167A8D24}","495000","2007-04-30 00:00","PO30 1AY","D","N","F","CASTLE VIEW","2","CLATTERFORD ROAD","","NEWPORT","ISLE OF WIGHT","ISLE OF WIGHT","A","C"
"{402A3A66-C331-A7DF-E063-4804A8C0B80D}","695000","2022-07-26 00:00","PO38 1AR","D","N","F","48","","LOWTHERVILLE ROAD","","VENTNOR","ISLE OF WIGHT","ISLE OF WIGHT","B","A"
"{064ECECD-4FBB-407F-9465-FE7F1D6A9EF0}","390000","2001-07-31 00:00","PO30 1AY","D","N","F","CASTLE VIEW","2","CLATTERFORD ROAD","","NEWPORT","ISLE OF WIGHT","ISLE OF WIGHT","A","C"
"{5782265B-8142-4324-AB4A-81940A3FC73E}","85000","2001-10-31 00:00","PO32 6EG","S","N","F","7","","BRITANNIA WAY","","EAST COWES","ISLE OF WIGHT","ISLE OF WIGHT","A","C"
"{D4D42646-C71E-27F6-E053-6C04A8C0A572}","540000","2021-06-24 00:00","PO30 1AY","O","N","F","CASTLE VIEW","2","CLATTERFORD ROAD","","NEWPORT","ISLE OF WIGHT","ISLE OF WIGHT","B","C"
"{402A3A66-C32E-A7DF-E063-4804A8C0B80D}","213393","2018-03-29 00:00","PO33 2GE","O","N","F","9","","POPPY CLOSE","","RYDE","ISLE OF WIGHT","ISLE OF WIGHT","B","A"
"{55BDCAE6-D8B5-521D-E053-6B04A8C0DD7A}","575000","2017-06-30 00:00","PO30 1AY","O","N","F","CASTLE VIEW","2","CLATTERFORD ROAD","","NEWPORT","ISLE OF WIGHT","ISLE OF WIGHT","B","C"
"{402A3A65-F22B-A7DF-E063-4804A8C0B80D}","128000","2022-09-09 00:00","PO30 5GA","F","N","L","HOMEWIGHT HOUSE","FLAT 18","CROCKER STREET","","NEWPORT","ISLE OF WIGHT","ISLE OF WIGHT","A","A"
"{402A3A66-C32D-A7DF-E063-4804A8C0B80D}","583000","2019-06-28 00:00","PO33 2GE","O","N","F","9","","POPPY CLOSE","","RYDE","ISLE OF WIGHT","ISLE OF WIGHT","B","A"
"{20641215-B5A1-4328-A3FA-09D2757C7F35}","53000","1998-05-22 00:00","PO32 6EG","S","Y","F","7","","BRITANNIA WAY","","EAST COWES","ISLE OF WIGHT","ISLE OF WIGHT","A","C"
"{6A308CE4-72B9-4A7A-953E-262225F593E6}","25000","1995-01-20 00:00","PO33 4PE","F","N","L","22","FLAT 1","HIGH STREET","WOOTTON BRIDGE","RYDE","ISLE OF WIGHT","ISLE OF WIGHT","A","C"
"{B82222EC-E781-6691-E053-6B04A8C02FB2}","190000","2020-10-30 00:00","PO32 6EG","S","N","F","7","","BRITANNIA WAY","","EAST COWES","ISLE OF WIGHT","ISLE OF WIGHT","A","C"
"{402A3A65-F2EA-A7DF-E063-4804A8C0B80D}","257500","2023-02-24 00:00","PO30 2GG","S","N","F","12","","LARKSPUR CLOSE","","NEWPORT","ISLE OF WIGHT","ISLE OF WIGHT","A","A"
"{402A3A65-F2EB-A7DF-E063-4804A8C0B80D}","220000","2023-04-21 00:00","PO30 2GG","T","N","F","22","","LARKSPUR CLOSE","","NEWPORT","ISLE OF WIGHT","ISLE OF WIGHT","A","A"
"{402A3A65-F2EC-A7DF-E063-4804A8C0B80D}","220000","2023-06-28 00:00","PO30 2FP","S","N","F","67","","GODRIC ROAD","","NEWPORT","ISLE OF WIGHT","ISLE OF WIGHT","A","A"
"{402A3A65-F2ED-A7DF-E063-4804A8C0B80D}","235000","2023-06-23 00:00","PO30 2GH","S","N","F","68","","ANGELICA GROVE","","NEWPORT","ISLE OF WIGHT","ISLE OF WIGHT","A","A"
"{402A3A65-F2F0-A7DF-E063-4804A8C0B80D}","235000","2023-10-19 00:00","PO30 2FP","S","N","F","85A","","GODRIC ROAD","","NEWPORT","ISLE OF WIGHT","ISLE OF WIGHT","A","A"
"{402A3A65-F2F1-A7DF-E063-4804A8C0B80D}","260000","2023-12-01 00:00","PO30 2FB","S","Y","F","6","","HOLLYHOCK CRESCENT","","NEWPORT","ISLE OF WIGHT","ISLE OF WIGHT","A","A"
"{402A3A65-F2F2-A7DF-E063-4804A8C0B80D}","257500","2023-12-15 00:00","PO30 2FB","S","Y","F","4","","HOLLYHOCK CRESCENT","","NEWPORT","ISLE OF WIGHT","ISLE OF WIGHT","A","A"
"{402A3A65-F2F3-A7DF-E063-4804A8C0B80D}","257500","2023-12-15 00:00","PO30 2FB","S","Y","F","9","","HOLLYHOCK CRESCENT","","NEWPORT","ISLE OF WIGHT","ISLE OF WIGHT","A","A"
"{402A3A65-F2F4-A7DF-E063-4804A8C0B80D}","262500","2023-12-18 00:00","PO30 2FB","S","Y","F","7","","HOLLYHOCK CRESCENT","","NEWPORT","ISLE OF WIGHT","ISLE OF WIGHT","A","A"
"{402A3A65-F2F8-A7DF-E063-4804A8C0B80D}","200000","2023-12-15 00:00","PO40 9PU","F","N","L","ST MARGARETS","FLAT 3","VICTORIA ROAD","","FRESHWATER","ISLE OF WIGHT","ISLE OF WIGHT","A","A"
"{402A3A66-C0D8-A7DF-E063-4804A8C0B80D}","260000","2024-06-05 00:00","PO31 8AF","O","N","F","34","","VENNER AVENUE","NORTHWOOD","COWES","ISLE OF WIGHT","ISLE OF WIGHT","B","A"
"{402A3A66-C313-A7DF-E063-4804A8C0B80D}","272000","2024-10-24 00:00","PO30 5LT","O","N","F","3","","ASH LANE","","NEWPORT","ISLE OF WIGHT","ISLE OF WIGHT","B","A"
"{402A3A66-C314-A7DF-E063-4804A8C0B80D}","120000","2024-10-22 00:00","PO36 0NJ","T","N","F","POPLAR COTTAGE","","HIGH STREET","NEWCHURCH","SANDOWN","ISLE OF WIGHT","ISLE OF WIGHT","B","A"
"{402A3A66-C315-A7DF-E063-4804A8C0B80D}","160000","2024-09-30 00:00","PO33 4LS","T","N","F","33","","DOWNSVIEW GARDENS","WOOTTON BRIDGE","RYDE","ISLE OF WIGHT","ISLE OF WIGHT","B","A"
"{402A3A66-C319-A7DF-E063-4804A8C0B80D}","2000000","2024-11-22 00:00","PO38 1JJ","O","N","F","ROYAL HOTEL","","BELGRAVE ROAD","","VENTNOR","ISLE OF WIGHT","ISLE OF WIGHT","B","A"
"{402A3A66-C31B-A7DF-E063-4804A8C0B80D}","965000","2024-09-12 00:00","PO38 2PP","O","N","F","PILGRIMS WAY","","ASHKNOWLE LANE","WHITWELL","VENTNOR","ISLE OF WIGHT","ISLE OF WIGHT","B","A"
"{402A3A66-C322-A7DF-E063-4804A8C0B80D}","280000","2024-10-16 00:00","PO30 3BE","O","N","F","NEWCLOSE COUNTY CRICKET GROUND","","BLACKWATER ROAD","","NEWPORT","ISLE OF WIGHT","ISLE OF WIGHT","B","A"
"{402A3A66-C325-A7DF-E063-4804A8C0B80D}","135000","2024-11-08 00:00","PO36 8JQ","O","N","L","JAMES COURT","FLAT 2","LEED STREET","","SANDOWN","ISLE OF WIGHT","ISLE OF WIGHT","B","A"
"{402A3A66-C32A-A7DF-E063-4804A8C0B80D}","675000","2024-09-10 00:00","PO30 1ST","O","N","F","BRANNON HOUSE, 123","","PYLE STREET","","NEWPORT","ISLE OF WIGHT","ISLE OF WIGHT","B","A"
"{402A3A66-C32F-A7DF-E063-4804A8C0B80D}","96450","2024-09-30 00:00","PO35 5AN","O","N","F","UNIT 2","","MARINE WAY","","BEMBRIDGE","ISLE OF WIGHT","ISLE OF WIGHT","B","A"
"{402A3A66-C332-A7DF-E063-4804A8C0B80D}","85000","2024-07-19 00:00","PO31 8EX","O","N","L","416","","GURNARD PINES","","COWES","ISLE OF WIGHT","ISLE OF WIGHT","B","A"
"{402A3A66-C333-A7DF-E063-4804A8C0B80D}","117500","2024-10-18 00:00","PO36 8QP","O","N","L","SANDOWN BAY HOLIDAY CENTRE","CHALET 41E","YAVERLAND ROAD","","SANDOWN","ISLE OF WIGHT","ISLE OF WIGHT","B","A"
"{402A3A66-C334-A7DF-E063-4804A8C0B80D}","2600000","2024-10-25 00:00","PO30 3HE","O","N","F","BILLINGHAM MANOR AND FARM","","","BILLINGHAM","NEWPORT","ISLE OF WIGHT","ISLE OF WIGHT","B","A"
"{402A3A66-C316-A7DF-E063-4804A8C0B80D}","350000","2025-09-01 00:00","PO33 3DG","O","N","F","ADELAIDE COURT","FLAT 1","ADELAIDE PLACE","","RYDE","ISLE OF WIGHT","ISLE OF WIGHT","B","A"
"{402A3A66-C317-A7DF-E063-4804A8C0B80D}","39995","2025-02-25 00:00","PO36 8QP","O","N","L","3","","SANDOWN BAY HOLIDAY CENTRE","","SANDOWN","ISLE OF WIGHT","ISLE OF WIGHT","B","A"
"{402A3A66-C318-A7DF-E063-4804A8C0B80D}","335000","2025-03-19 00:00","PO35 5QP","S","N","F","66","","HOWGATE ROAD","","BEMBRIDGE","ISLE OF WIGHT","ISLE OF WIGHT","B","A"
"{402A3A66-C31A-A7DF-E063-4804A8C0B80D}","245000","2025-08-15 00:00","PO33 2TU","S","N","F","67","","SANDCROFT AVENUE","","RYDE","ISLE OF WIGHT","ISLE OF WIGHT","B","A"
"{402A3A66-C31C-A7DF-E063-4804A8C0B80D}","90000","2025-09-19 00:00","PO33 2LD","F","N","L","5","","LIND HILL","","RYDE","ISLE OF WIGHT","ISLE OF WIGHT","B","A"
"{402A3A66-C31D-A7DF-E063-4804A8C0B80D}","220000","2025-02-03 00:00","PO36 8BA","O","N","F","37","","FORT STREET","","SANDOWN","ISLE OF WIGHT","ISLE OF WIGHT","B","A"
"{402A3A66-C31E-A7DF-E063-4804A8C0B80D}","530000","2025-09-05 00:00","PO31 8JX","D","N","F","76","","WORSLEY ROAD","GURNARD","COWES","ISLE OF WIGHT","ISLE OF WIGHT","B","A"
"{402A3A66-C31F-A7DF-E063-4804A8C0B80D}","218000","2025-06-18 00:00","PO31 8AB","D","N","F","22","","NODES ROAD","NORTHWOOD","COWES","ISLE OF WIGHT","ISLE OF WIGHT","B","A"
"{402A3A66-C320-A7DF-E063-4804A8C0B80D}","145000","2025-08-04 00:00","PO38 1RZ","O","N","L","18A","","HIGH STREET","","VENTNOR","ISLE OF WIGHT","ISLE OF WIGHT","B","A"
"{402A3A66-C321-A7DF-E063-4804A8C0B80D}","264000","2025-03-21 00:00","PO33 1TS","O","N","F","ST. HELENS RESTAURANT","","LOWER GREEN ROAD","ST HELENS","RYDE","ISLE OF WIGHT","ISLE OF WIGHT","B","A"
"{402A3A66-C323-A7DF-E063-4804A8C0B80D}","240000","2025-09-01 00:00","PO36 8PH","D","N","F","HIGH BANK","","DENNESS PATH","LAKE","SANDOWN","ISLE OF WIGHT","ISLE OF WIGHT","B","A"
"{402A3A66-C324-A7DF-E063-4804A8C0B80D}","415000","2025-08-18 00:00","PO31 7QJ","F","N","L","MARINE COURT","FLAT 4","THE PARADE","","COWES","ISLE OF WIGHT","ISLE OF WIGHT","B","A"
"{402A3A66-C326-A7DF-E063-4804A8C0B80D}","192000","2025-08-29 00:00","PO36 0DQ","T","N","F","6","","THE MEWS","BRADING","SANDOWN","ISLE OF WIGHT","ISLE OF WIGHT","B","A"
"{402A3A66-C327-A7DF-E063-4804A8C0B80D}","129950","2025-04-28 00:00","PO33 2SU","O","N","F","115A","","HIGH STREET","","RYDE","ISLE OF WIGHT","ISLE OF WIGHT","B","A"
"{402A3A66-C328-A7DF-E063-4804A8C0B80D}","1200000","2025-03-31 00:00","PO34 5AD","O","N","L","ISLE OF WIGHT SPORTS CLUB","","RYDE ROAD","","SEAVIEW","ISLE OF WIGHT","ISLE OF WIGHT","B","A"
"{402A3A66-C329-A7DF-E063-4804A8C0B80D}","165000","2025-08-22 00:00","PO32 6GU","T","N","F","47","","CAPTAINS PARADE","","EAST COWES","ISLE OF WIGHT","ISLE OF WIGHT","B","A"
"{402A3A66-C32B-A7DF-E063-4804A8C0B80D}","205000","2025-08-15 00:00","PO36 8BN","O","N","F","12","","AVENUE ROAD","","SANDOWN","ISLE OF WIGHT","ISLE OF WIGHT","B","A"
"{402A3A66-C32C-A7DF-E063-4804A8C0B80D}","165000","2025-08-13 00:00","PO33 2PZ","F","N","L","27","FLAT 2","JOHN STREET","","RYDE","ISLE OF WIGHT","ISLE OF WIGHT","B","A"
"{402A3A66-C330-A7DF-E063-4804A8C0B80D}","88000","2025-08-26 00:00","PO30 1JW","T","N","F","22","","PYLE STREET","","NEWPORT","ISLE OF WIGHT","ISLE OF WIGHT","B","A"
"{402A3A66-C335-A7DF-E063-4804A8C0B80D}","800000","2025-03-31 00:00","PO30 4NH","O","N","F","LOWER DODPITTS FARM","","WARLANDS LANE","NINGWOOD","NEWPORT","ISLE OF WIGHT","ISLE OF WIGHT","B","A"
"{402A3A66-C336-A7DF-E063-4804A8C0B80D}","195000","2025-09-26 00:00","PO30 1TX","O","N","L","134","","HIGH STREET","","NEWPORT","ISLE OF WIGHT","ISLE OF WIGHT","B","A"
"{402A3A65-E5CF-A7DF-E063-4804A8C0B80D}","385000","2024-11-13 00:00","PO36 9AF","D","N","F","5","","FOXES CLOSE","","SANDOWN","ISLE OF WIGHT","ISLE OF WIGHT","A","A"
"{402A3A65-E7B8-A7DF-E063-4804A8C0B80D}","165000","2024-12-06 00:00","PO33 3QJ","S","N","F","57","","WELLINGTON ROAD","","RYDE","ISLE OF WIGHT","ISLE OF WIGHT","A","A"
"{402A3A65-F227-A7DF-E063-4804A8C0B80D}","277500","2024-11-08 00:00","PO36 8PH","D","N","F","AUTUMN JOY","","DENNESS PATH","LAKE","SANDOWN","ISLE OF WIGHT","ISLE OF WIGHT","A","A"
"{402A3A65-F236-A7DF-E063-4804A8C0B80D}","75000","2024-10-28 00:00","PO33 2JF","F","N","L","66","FLAT 2","GEORGE STREET","","RYDE","ISLE OF WIGHT","ISLE OF WIGHT","A","A"
"{402A3A65-F237-A7DF-E063-4804A8C0B80D}","530000","2024-09-20 00:00","PO36 0LF","D","N","F","KASAMA","","ALVERSTONE ROAD","APSE HEATH","SANDOWN","ISLE OF WIGHT","ISLE OF WIGHT","A","A"
"{402A3A65-F244-A7DF-E063-4804A8C0B80D}","200000","2024-09-25 00:00","PO33 3BU","S","N","L","91","","ARTHUR STREET","","RYDE","ISLE OF WIGHT","ISLE OF WIGHT","A","A"
"{402A3A65-F245-A7DF-E063-4804A8C0B80D}","259950","2024-12-05 00:00","PO33 3EY","T","N","F","33","","MEADOW VIEW CLOSE","","RYDE","ISLE OF WIGHT","ISLE OF WIGHT","A","A"
"{402A3A65-F24C-A7DF-E063-4804A8C0B80D}","280000","2024-11-08 00:00","PO30 5SA","T","N","F","10","","NORTHUMBERLAND ROAD","","NEWPORT","ISLE OF WIGHT","ISLE OF WIGHT","A","A"
"{402A3A65-F24E-A7DF-E063-4804A8C0B80D}","185000","2024-12-06 00:00","PO36 8HZ","D","N","L","15","","FITZROY STREET","","SANDOWN","ISLE OF WIGHT","ISLE OF WIGHT","A","A"
"{402A3A65-F253-A7DF-E063-4804A8C0B80D}","112750","2024-09-17 00:00","PO31 8BT","F","N","L","BRIARY COURT","FLAT 42","EGYPT ESPLANADE","","COWES","ISLE OF WIGHT","ISLE OF WIGHT","A","A"
"{402A3A65-F25E-A7DF-E063-4804A8C0B80D}","300000","2024-09-20 00:00","PO39 0BX","T","N","F","XENIA","","THE BROADWAY","","TOTLAND BAY","ISLE OF WIGHT","ISLE OF WIGHT","A","A"
"{402A3A65-F263-A7DF-E063-4804A8C0B80D}","154000","2024-09-30 00:00","PO32 6RZ","S","N","F","96","","OSBORNE ROAD","","EAST COWES","ISLE OF WIGHT","ISLE OF WIGHT","B","A"
"{402A3A65-F26F-A7DF-E063-4804A8C0B80D}","295000","2024-10-30 00:00","PO40 9TT","D","N","F","SANDPIPERS LODGE","","AFTON ROAD","","FRESHWATER","ISLE OF WIGHT","ISLE OF WIGHT","A","A"
"{402A3A65-F270-A7DF-E063-4804A8C0B80D}","315000","2024-10-11 00:00","PO33 1BX","S","N","F","67","","HIGH PARK ROAD","","RYDE","ISLE OF WIGHT","ISLE OF WIGHT","A","A"
"{402A3A65-F275-A7DF-E063-4804A8C0B80D}","270000","2024-10-31 00:00","PO40 9JX","S","N","F","WESTERN COTTAGES","1","HIGH STREET","","FRESHWATER","ISLE OF WIGHT","ISLE OF WIGHT","A","A"
"{402A3A65-F278-A7DF-E063-4804A8C0B80D}","127050","2024-12-09 00:00","PO33 2EN","F","N","L","30","FLAT 1","GEORGE STREET","","RYDE","ISLE OF WIGHT","ISLE OF WIGHT","A","A"
"{402A3A65-F281-A7DF-E063-4804A8C0B80D}","560000","2024-10-18 00:00","PO38 3JD","D","N","F","LODWELL","","HIGH STREET","GODSHILL","VENTNOR","ISLE OF WIGHT","ISLE OF WIGHT","A","A"
"{402A3A65-F291-A7DF-E063-4804A8C0B80D}","196000","2024-12-12 00:00","PO30 2JH","T","N","F","48","","BELLECROFT DRIVE","","NEWPORT","ISLE OF WIGHT","ISLE OF WIGHT","A","A"
"{402A3A65-F293-A7DF-E063-4804A8C0B80D}","205000","2024-10-18 00:00","PO32 6LG","T","N","F","7","","MEDINA VIEW","","EAST COWES","ISLE OF WIGHT","ISLE OF WIGHT","A","A"
"{402A3A65-F295-A7DF-E063-4804A8C0B80D}","210000","2024-10-11 00:00","PO33 1JQ","S","N","F","24","","SIMEON STREET","","RYDE","ISLE OF WIGHT","ISLE OF WIGHT","A","A"
"{402A3A65-F29A-A7DF-E063-4804A8C0B80D}","255000","2024-11-29 00:00","PO40 9LZ","S","N","F","GHILLIE COTTAGE","","COLWELL ROAD","","FRESHWATER","ISLE OF WIGHT","ISLE OF WIGHT","A","A"
"{402A3A65-F29C-A7DF-E063-4804A8C0B80D}","285000","2024-11-08 00:00","PO33 1BU","D","N","F","41","","SOMERSET ROAD","","RYDE","ISLE OF WIGHT","ISLE OF WIGHT","A","A"
"{402A3A65-F2A5-A7DF-E063-4804A8C0B80D}","410000","2024-10-22 00:00","PO31 7FA","D","N","F","8","","OSBORNE CHASE","","COWES","ISLE OF WIGHT","ISLE OF WIGHT","A","A"
"{402A3A65-F2A6-A7DF-E063-4804A8C0B80D}","207500","2024-11-25 00:00","PO32 6FF","T","N","F","42","","OSBORNE HEIGHTS","","EAST COWES","ISLE OF WIGHT","ISLE OF WIGHT","A","A"
"{402A3A65-F2A8-A7DF-E063-4804A8C0B80D}","340000","2024-11-28 00:00","PO36 0JT","D","N","F","18","","VENTNOR ROAD","APSE HEATH","SANDOWN","ISLE OF WIGHT","ISLE OF WIGHT","A","A"
"{402A3A65-F2AC-A7DF-E063-4804A8C0B80D}","475000","2024-11-07 00:00","PO38 1XE","D","N","F","SILVER MIST","","SEVEN SISTERS CLOSE","ST LAWRENCE","VENTNOR","ISLE OF WIGHT","ISLE OF WIGHT","A","A"
"{402A3A65-F2B4-A7DF-E063-4804A8C0B80D}","490000","2024-12-04 00:00","PO38 1UB","D","N","F","ROCKSIDE, 2A","","UNDERCLIFF GARDENS","","VENTNOR","ISLE OF WIGHT","ISLE OF WIGHT","A","A"
"{402A3A65-F2B6-A7DF-E063-4804A8C0B80D}","327500","2024-09-25 00:00","PO33 1FH","D","N","F","1","","LONG ORCHARD","","RYDE","ISLE OF WIGHT","ISLE OF WIGHT","A","A"
"{402A3A65-F2BD-A7DF-E063-4804A8C0B80D}","235000","2024-11-14 00:00","PO37 6AB","T","N","L","7","","STEEPHILL ROAD","","SHANKLIN","ISLE OF WIGHT","ISLE OF WIGHT","A","A"
"{402A3A65-F2C0-A7DF-E063-4804A8C0B80D}","430000","2024-11-20 00:00","PO30 1HG","D","N","F","78","","MEDINA AVENUE","","NEWPORT","ISLE OF WIGHT","ISLE OF WIGHT","A","A"
"{402A3A65-F2C1-A7DF-E063-4804A8C0B80D}","149500","2024-12-04 00:00","PO33 3BG","F","N","L","WIDCOMBE HOUSE, 10","FLAT 3","QUEENS ROAD","","RYDE","ISLE OF WIGHT","ISLE OF WIGHT","A","A"
"{402A3A65-F2C5-A7DF-E063-4804A8C0B80D}","205000","2024-09-13 00:00","PO36 9AP","T","N","F","17","","BRIDGE MEAD MEWS","","SANDOWN","ISLE OF WIGHT","ISLE OF WIGHT","A","A"
"{402A3A65-F2C8-A7DF-E063-4804A8C0B80D}","250000","2024-12-09 00:00","PO30 1HA","S","N","F","38","","CYPRESS ROAD","","NEWPORT","ISLE OF WIGHT","ISLE OF WIGHT","A","A"
"{402A3A65-F2D7-A7DF-E063-4804A8C0B80D}","330000","2024-09-20 00:00","PO36 8HE","S","N","F","50","","ST JOHNS ROAD","","SANDOWN","ISLE OF WIGHT","ISLE OF WIGHT","A","A"
"{402A3A65-F2DC-A7DF-E063-4804A8C0B80D}","285000","2024-12-06 00:00","PO37 7EP","S","N","F","5","","NINHAM CLOSE","","SHANKLIN","ISLE OF WIGHT","ISLE OF WIGHT","A","A"
"{402A3A65-F2F5-A7DF-E063-4804A8C0B80D}","257500","2024-04-25 00:00","PO30 2FB","S","Y","F","5","","HOLLYHOCK CRESCENT","","NEWPORT","ISLE OF WIGHT","ISLE OF WIGHT","A","A"
"{402A3A65-F2F7-A7DF-E063-4804A8C0B80D}","200000","2024-09-26 00:00","PO32 6EQ","S","N","F","1","","MARINA CLOSE","","EAST COWES","ISLE OF WIGHT","ISLE OF WIGHT","A","A"
"{402A3A65-F2F9-A7DF-E063-4804A8C0B80D}","650000","2024-09-20 00:00","PO30 1AY","S","N","F","CASTLE VIEW","3","CLATTERFORD ROAD","","NEWPORT","ISLE OF WIGHT","ISLE OF WIGHT","A","A"
"{402A3A65-F2FA-A7DF-E063-4804A8C0B80D}","123500","2024-09-27 00:00","PO32 6QT","S","N","L","26","","BIRCH CLOSE","","EAST COWES","ISLE OF WIGHT","ISLE OF WIGHT","A","A"
"{402A3A65-E9AC-A7DF-E063-4804A8C0B80D}","300000","2024-10-10 00:00","PO33 4JB","D","N","F","15","","ST EDMUNDS WALK","WOOTTON BRIDGE","RYDE","ISLE OF WIGHT","ISLE OF WIGHT","A","A"
"{402A3A65-F2FB-A7DF-E063-4804A8C0B80D}","235000","2024-10-07 00:00","PO30 5UD","T","N","F","2","","SPRING COTTAGES","MARKS CORNER","NEWPORT","ISLE OF WIGHT","ISLE OF WIGHT","A","A"
"{402A3A65-F2FC-A7DF-E063-4804A8C0B80D}","300000","2024-10-30 00:00","PO30 5UH","D","N","F","DEERBANK","","","MARKS CORNER","NEWPORT","ISLE OF WIGHT","ISLE OF WIGHT","A","A"
"{402A3A65-F2FD-A7DF-E063-4804A8C0B80D}","107500","2024-10-24 00:00","PO37 6AT","F","N","L","COUNTY HOUSE, 6","FLAT 1","CROSS STREET","","SHANKLIN","ISLE OF WIGHT","ISLE OF WIGHT","B","A"
"{402A3A65-F2FE-A7DF-E063-4804A8C0B80D}","400000","2024-09-02 00:00","PO33 2NQ","T","N","F","17","","LIND STREET","","RYDE","ISLE OF WIGHT","ISLE OF WIGHT","A","A"
"{402A3A65-F2FF-A7DF-E063-4804A8C0B80D}","370000","2024-10-30 00:00","PO38 2NB","D","N","F","COACHMANS COTTAGE","","CASTLEHAVEN LANE","NITON UNDERCLIFF","VENTNOR","ISLE OF WIGHT","ISLE OF WIGHT","A","A"
"{402A3A65-F300-A7DF-E063-4804A8C0B80D}","215000","2024-11-22 00:00","PO30 1NF","D","N","F","65","","WHITEPIT LANE","","NEWPORT","ISLE OF WIGHT","ISLE OF WIGHT","A","A"
"{402A3A65-F301-A7DF-E063-4804A8C0B80D}","428000","2024-11-01 00:00","PO31 7HN","S","N","F","2","","BELLEVUE ROAD","","COWES","ISLE OF WIGHT","ISLE OF WIGHT","A","A"
"{402A3A65-F302-A7DF-E063-4804A8C0B80D}","270000","2024-11-07 00:00","PO36 9QB","D","N","F","32","","WOODHALL DRIVE","","SANDOWN","ISLE OF WIGHT","ISLE OF WIGHT","A","A"
"{402A3A65-F303-A7DF-E063-4804A8C0B80D}","295000","2024-11-08 00:00","PO31 7PN","S","N","F","79","","NEWPORT ROAD","","COWES","ISLE OF WIGHT","ISLE OF WIGHT","A","A"
"{402A3A65-F304-A7DF-E063-4804A8C0B80D}","200000","2024-12-06 00:00","PO32 6EQ","S","N","F","2","","MARINA CLOSE","","EAST COWES","ISLE OF WIGHT","ISLE OF WIGHT","A","A"
"{402A3A65-F305-A7DF-E063-4804A8C0B80D}","275000","2024-12-02 00:00","PO40 9LF","S","N","F","22","","GOLDEN RIDGE","","FRESHWATER","ISLE OF WIGHT","ISLE OF WIGHT","A","A"
"{402A3A65-F306-A7DF-E063-4804A8C0B80D}","325000","2024-11-27 00:00","PO30 3FL","F","Y","F","AUSTEN HEIGHTS, 26","4","WHITECROFT PARK","","NEWPORT","ISLE OF WIGHT","ISLE OF WIGHT","A","A"
"{402A3A65-F309-A7DF-E063-4804A8C0B80D}","396000","2024-11-01 00:00","PO30 4NQ","D","N","F","THE CLOVERS","","WARLANDS LANE","SHALFLEET","NEWPORT","ISLE OF WIGHT","ISLE OF WIGHT","A","A"
"{2ACACE8D-8CD4-295E-E063-4804A8C0B0EB}","80000","2024-12-04 00:00","PO30 1JZ","O","N","F","BRICKWOODS HOUSE","UNIT 2A","ORCHARD STREET","","NEWPORT","ISLE OF WIGHT","ISLE OF WIGHT","B","C"
"{2ACACE8D-8CD5-295E-E063-4804A8C0B0EB}","259950","2024-12-05 00:00","PO33 3EY","T","N","F","33","","MEADOW VIEW CLOSE","","RYDE","ISLE OF WIGHT","ISLE OF WIGHT","B","D"
"{2ACACE8D-8CE0-295E-E063-4804A8C0B0EB}","340000","2024-11-28 00:00","PO36 0JT","D","N","F","18","","VENTNOR ROAD","APSE HEATH","SANDOWN","ISLE OF WIGHT","ISLE OF WIGHT","B","D"
"{2859C1AC-F119-52B4-E063-4804A8C05948}","150000","2024-10-22 00:00","PO33 2DL","F","N","L","31","FLAT 2","ST THOMAS STREET","","RYDE","ISLE OF WIGHT","ISLE OF WIGHT","B","D"
"{25E9DA81-D9A9-555E-E063-4704A8C066F2}","112750","2024-09-17 00:00","PO31 8BT","F","N","L","BRIARY COURT","FLAT 42","EGYPT ESPLANADE","","COWES","ISLE OF WIGHT","ISLE OF WIGHT","B","D"
"{237B17FE-0F2D-22AC-E063-4804A8C0EA3A}","110000","2024-09-20 00:00","PO37 6LS","F","N","L","WOODLANDS HOUSE, 28","FLAT 10","VICTORIA AVENUE","","SHANKLIN","ISLE OF WIGHT","ISLE OF WIGHT","A","D"
"{402A3A65-EA6E-A7DF-E063-4804A8C0B80D}","405000","2025-08-27 00:00","PO30 4AS","D","N","F","11","","HOLLIS DRIVE","BRIGHSTONE","NEWPORT","ISLE OF WIGHT","ISLE OF WIGHT","A","A"
"{402A3A65-E2E2-A7DF-E063-4804A8C0B80D}","450000","2025-07-28 00:00","PO33 4PX","D","N","F","25","","CHURCH ROAD","WOOTTON BRIDGE","RYDE","ISLE OF WIGHT","ISLE OF WIGHT","A","A"
"{402A3A65-E56A-A7DF-E063-4804A8C0B80D}","360000","2025-01-15 00:00","PO31 8AJ","S","N","F","14","","FIELDWAY CRESCENT","NORTHWOOD","COWES","ISLE OF WIGHT","ISLE OF WIGHT","A","A"
"{402A3A65-E7FD-A7DF-E063-4804A8C0B80D}","500000","2025-09-17 00:00","PO33 3BJ","D","N","F","38","","WESTWOOD ROAD","","RYDE","ISLE OF WIGHT","ISLE OF WIGHT","A","A"
"{402A3A65-E587-A7DF-E063-4804A8C0B80D}","280000","2025-09-01 00:00","PO31 8AJ","S","N","F","21","","FIELDWAY CRESCENT","NORTHWOOD","COWES","ISLE OF WIGHT","ISLE OF WIGHT","A","A"
"{402A3A65-E825-A7DF-E063-4804A8C0B80D}","300000","2025-07-31 00:00","PO37 7EF","D","N","F","2","","ANDERRI WAY","","SHANKLIN","ISLE OF WIGHT","ISLE OF WIGHT","A","A"
"{402A3A65-EAC4-A7DF-E063-4804A8C0B80D}","350000","2025-03-27 00:00","PO32 6AP","D","N","F","42","","OLD ROAD","","EAST COWES","ISLE OF WIGHT","ISLE OF WIGHT","A","A"
"{402A3A65-E5AE-A7DF-E063-4804A8C0B80D}","265000","2025-09-17 00:00","PO37 7EW","S","N","F","18","","WHITECROSS AVENUE","","SHANKLIN","ISLE OF WIGHT","ISLE OF WIGHT","A","A"
"{402A3A65-E862-A7DF-E063-4804A8C0B80D}","320000","2025-09-10 00:00","PO38 2BG","S","N","F","13","","VERLANDS CLOSE","NITON","VENTNOR","ISLE OF WIGHT","ISLE OF WIGHT","A","A"
"{402A3A65-EBF2-A7DF-E063-4804A8C0B80D}","185000","2025-08-22 00:00","PO36 9DW","T","N","F","39","","CENTRAL WAY","","SANDOWN","ISLE OF WIGHT","ISLE OF WIGHT","A","A"
"{402A3A65-EBF3-A7DF-E063-4804A8C0B80D}","236000","2025-08-22 00:00","PO30 2JE","D","N","F","9","","FAIRMOUNT DRIVE","","NEWPORT","ISLE OF WIGHT","ISLE OF WIGHT","A","A"
"{402A3A65-E8EE-A7DF-E063-4804A8C0B80D}","422000","2025-09-11 00:00","PO37 7NZ","D","N","F","7","","CHATSWORTH AVENUE","","SHANKLIN","ISLE OF WIGHT","ISLE OF WIGHT","A","A"
"{402A3A65-E910-A7DF-E063-4804A8C0B80D}","369950","2025-08-29 00:00","PO36 0HU","D","N","F","19","","PARK ROAD","BRADING","SANDOWN","ISLE OF WIGHT","ISLE OF WIGHT","A","A"
"{402A3A65-E91A-A7DF-E063-4804A8C0B80D}","220000","2025-09-05 00:00","PO33 2UR","T","N","F","9","","LEIGHWOOD CLOSE","","RYDE","ISLE OF WIGHT","ISLE OF WIGHT","A","A"
"{402A3A65-E93E-A7DF-E063-4804A8C0B80D}","184784","2025-07-30 00:00","PO31 8HH","D","N","F","34","","CHURCHILL ROAD","","COWES","ISLE OF WIGHT","ISLE OF WIGHT","A","A"
"{402A3A65-E957-A7DF-E063-4804A8C0B80D}","235000","2025-08-15 00:00","PO33 2UR","T","N","F","14","","LEIGHWOOD CLOSE","","RYDE","ISLE OF WIGHT","ISLE OF WIGHT","A","A"
"{402A3A65-E6CB-A7DF-E063-4804A8C0B80D}","327500","2025-09-05 00:00","PO31 8AJ","D","N","F","50","","FIELDWAY CRESCENT","NORTHWOOD","COWES","ISLE OF WIGHT","ISLE OF WIGHT","A","A"
"{402A3A65-E96B-A7DF-E063-4804A8C0B80D}","241000","2025-08-27 00:00","PO31 8AW","S","N","F","24","","GREENWAYS CLOSE","NORTHWOOD","COWES","ISLE OF WIGHT","ISLE OF WIGHT","A","A"
"{402A3A65-E978-A7DF-E063-4804A8C0B80D}","272500","2025-09-23 00:00","PO38 2RD","D","N","F","5","","BANNOCK ROAD","WHITWELL","VENTNOR","ISLE OF WIGHT","ISLE OF WIGHT","A","A"
"{402A3A65-F228-A7DF-E063-4804A8C0B80D}","280000","2025-09-18 00:00","PO35 5RR","S","N","F","42","","LINCOLN WAY","","BEMBRIDGE","ISLE OF WIGHT","ISLE OF WIGHT","A","A"
"{402A3A65-F229-A7DF-E063-4804A8C0B80D}","172000","2025-08-04 00:00","PO38 1NG","T","N","L","25","","SOUTH STREET","","VENTNOR","ISLE OF WIGHT","ISLE OF WIGHT","A","A"
"{402A3A65-F22A-A7DF-E063-4804A8C0B80D}","505000","2025-09-19 00:00","PO34 5LB","D","N","F","7","","MATTHEWS WAY","","SEAVIEW","ISLE OF WIGHT","ISLE OF WIGHT","A","A"
"{402A3A65-F22C-A7DF-E063-4804A8C0B80D}","260000","2025-03-28 00:00","PO30 1DT","T","N","F","55","","CASTLE ROAD","","NEWPORT","ISLE OF WIGHT","ISLE OF WIGHT","A","A"
"{402A3A65-F22D-A7DF-E063-4804A8C0B80D}","265000","2025-08-22 00:00","PO35 5NF","F","N","L","NORTHWELLS","10","DUCIE AVENUE","","BEMBRIDGE","ISLE OF WIGHT","ISLE OF WIGHT","A","A"
"{402A3A65-F22E-A7DF-E063-4804A8C0B80D}","295000","2025-08-14 00:00","PO36 0DQ","S","N","F","74","","HIGH STREET","BRADING","SANDOWN","ISLE OF WIGHT","ISLE OF WIGHT","A","A"
"{402A3A65-F22F-A7DF-E063-4804A8C0B80D}","545000","2025-08-18 00:00","PO31 7NE","T","N","F","202","","PARK ROAD","","COWES","ISLE OF WIGHT","ISLE OF WIGHT","A","A"
"{402A3A65-F230-A7DF-E063-4804A8C0B80D}","330000","2025-08-18 00:00","PO40 9ES","S","N","F","WILLOW COTTAGES","1","QUEENS ROAD","","FRESHWATER","ISLE OF WIGHT","ISLE OF WIGHT","A","A"
"{402A3A65-F231-A7DF-E063-4804A8C0B80D}","294950","2025-09-05 00:00","PO37 7NJ","S","N","F","40","","BLYTHE WAY","","SHANKLIN","ISLE OF WIGHT","ISLE OF WIGHT","A","A"
"{402A3A65-F232-A7DF-E063-4804A8C0B80D}","290000","2025-09-10 00:00","PO32 6DS","S","N","F","35","","OAKFIELD ROAD","","EAST COWES","ISLE OF WIGHT","ISLE OF WIGHT","A","A"
"{402A3A65-F233-A7DF-E063-4804A8C0B80D}","60000","2025-08-28 00:00","PO30 1AR","F","N","L","SAVOY COURT","FLAT 18","TOWN LANE","","NEWPORT","ISLE OF WIGHT","ISLE OF WIGHT","A","A"
"{402A3A65-F234-A7DF-E063-4804A8C0B80D}","210000","2025-08-22 00:00","PO33 2FA","T","N","F","WINTON COURT","10","WINTON STREET","","RYDE","ISLE OF WIGHT","ISLE OF WIGHT","A","A"
"{402A3A65-F235-A7DF-E063-4804A8C0B80D}","75000","2025-09-05 00:00","PO38 1PD","F","N","L","9","","SPRING HILL COURT","","VENTNOR","ISLE OF WIGHT","ISLE OF WIGHT","A","A"
"{402A3A65-F238-A7DF-E063-4804A8C0B80D}","175000","2025-09-12 00:00","PO36 9DY","T","N","F","143","","PEROWNE WAY","","SANDOWN","ISLE OF WIGHT","ISLE OF WIGHT","A","A"
"{402A3A65-F239-A7DF-E063-4804A8C0B80D}","257500","2025-08-29 00:00","PO33 1AH","S","N","F","CROFTON COTTAGES","2","HOPE ROAD","","RYDE","ISLE OF WIGHT","ISLE OF WIGHT","A","A"
"{402A3A65-F23A-A7DF-E063-4804A8C0B80D}","350000","2025-09-18 00:00","PO36 9ND","D","N","F","9","","CARPENTER CLOSE","LAKE","SANDOWN","ISLE OF WIGHT","ISLE OF WIGHT","A","A"
"{402A3A65-F23B-A7DF-E063-4804A8C0B80D}","310000","2025-09-10 00:00","PO37 6EL","F","N","L","DELPHI COURT","FLAT 1","HOPE ROAD","","SHANKLIN","ISLE OF WIGHT","ISLE OF WIGHT","A","A"
"{402A3A65-F23C-A7DF-E063-4804A8C0B80D}","105000","2025-08-29 00:00","PO33 4LW","F","N","L","HOMEBRAY HOUSE","FLAT 5","MARY ROSE AVENUE","WOOTTON BRIDGE","RYDE","ISLE OF WIGHT","ISLE OF WIGHT","A","A"
"{402A3A65-F23D-A7DF-E063-4804A8C0B80D}","230000","2025-09-17 00:00","PO38 1AT","T","N","F","6","","GLOUCESTER ROAD","","VENTNOR","ISLE OF WIGHT","ISLE OF WIGHT","A","A"
"{402A3A65-F23E-A7DF-E063-4804A8C0B80D}","635000","2025-07-29 00:00","PO36 9DE","D","N","F","24","","NUNWELL STREET","","SANDOWN","ISLE OF WIGHT","ISLE OF WIGHT","A","A"
"{402A3A65-F23F-A7DF-E063-4804A8C0B80D}","215000","2025-08-15 00:00","PO30 5LH","S","N","F","163","","GUNVILLE ROAD","","NEWPORT","ISLE OF WIGHT","ISLE OF WIGHT","A","A"
"{402A3A65-F240-A7DF-E063-4804A8C0B80D}","297500","2025-08-21 00:00","PO33 4RB","T","N","F","KENSINGTON COTTAGE","","GRAVEL PIT ROAD","WOOTTON BRIDGE","RYDE","ISLE OF WIGHT","ISLE OF WIGHT","A","A"
"{402A3A65-F241-A7DF-E063-4804A8C0B80D}","135000","2025-08-29 00:00","PO38 1LT","F","N","L","50A","FLAT 2","HIGH STREET","","VENTNOR","ISLE OF WIGHT","ISLE OF WIGHT","A","A"
"{402A3A65-F242-A7DF-E063-4804A8C0B80D}","480000","2025-03-21 00:00","PO38 2NJ","D","N","F","CORNER WAYS","","BARRACK SHUTE","NITON UNDERCLIFF","VENTNOR","ISLE OF WIGHT","ISLE OF WIGHT","A","A"
"{402A3A65-F243-A7DF-E063-4804A8C0B80D}","317500","2025-09-01 00:00","PO38 3HH","D","N","F","HADLEIGH","","HIGH STREET","GODSHILL","VENTNOR","ISLE OF WIGHT","ISLE OF WIGHT","A","A"
"{402A3A65-F246-A7DF-E063-4804A8C0B80D}","240000","2025-06-27 00:00","PO38 3JL","S","N","F","60","","SCHOOL CRESCENT","GODSHILL","VENTNOR","ISLE OF WIGHT","ISLE OF WIGHT","A","A"
"{402A3A65-F247-A7DF-E063-4804A8C0B80D}","290000","2025-09-19 00:00","PO33 1YF","S","N","F","22","","STATION ROAD","ST HELENS","RYDE","ISLE OF WIGHT","ISLE OF WIGHT","A","A"
"{402A3A65-F248-A7DF-E063-4804A8C0B80D}","575000","2025-08-28 00:00","PO38 3NX","D","N","F","CYPRESS","","NITON ROAD","ROOKLEY","VENTNOR","ISLE OF WIGHT","ISLE OF WIGHT","A","A"
"{402A3A65-F249-A7DF-E063-4804A8C0B80D}","255000","2025-08-26 00:00","PO33 3EP","S","N","L","33","","BETTESWORTH ROAD","","RYDE","ISLE OF WIGHT","ISLE OF WIGHT","A","A"
"{402A3A65-F24A-A7DF-E063-4804A8C0B80D}","250000","2025-03-19 00:00","PO38 1HN","S","N","L","46","","ST CATHERINE STREET","","VENTNOR","ISLE OF WIGHT","ISLE OF WIGHT","A","A"
"{402A3A65-F24B-A7DF-E063-4804A8C0B80D}","225000","2025-08-27 00:00","PO36 8NZ","S","N","F","5","","NEWCOMEN ROAD","","SANDOWN","ISLE OF WIGHT","ISLE OF WIGHT","A","A"
"{402A3A65-F24D-A7DF-E063-4804A8C0B80D}","160000","2025-08-15 00:00","PO33 2QX","T","N","F","3","","WINDSOR MEWS","","RYDE","ISLE OF WIGHT","ISLE OF WIGHT","A","A"
"{402A3A65-F24F-A7DF-E063-4804A8C0B80D}","110000","2025-08-29 00:00","PO36 8NU","F","N","L","CLIFF COURT","FLAT 23","CURRIE ROAD","LAKE","SANDOWN","ISLE OF WIGHT","ISLE OF WIGHT","A","A"
"{402A3A65-F250-A7DF-E063-4804A8C0B80D}","218000","2025-09-03 00:00","PO33 1HP","S","N","F","24","","ST JOHNS WOOD ROAD","","RYDE","ISLE OF WIGHT","ISLE OF WIGHT","A","A"
"{402A3A65-F251-A7DF-E063-4804A8C0B80D}","295000","2025-09-12 00:00","PO30 5GR","T","N","F","39","","KESTREL WAY","","NEWPORT","ISLE OF WIGHT","ISLE OF WIGHT","A","A"
"{402A3A65-F252-A7DF-E063-4804A8C0B80D}","210000","2025-08-18 00:00","PO38 1JY","F","N","L","CLEEVE HYRST","FLAT 2","BATH ROAD","","VENTNOR","ISLE OF WIGHT","ISLE OF WIGHT","A","A"
"{402A3A65-F254-A7DF-E063-4804A8C0B80D}","205000","2025-08-29 00:00","PO30 5SZ","S","N","F","5","","REDSTART CLOSE","","NEWPORT","ISLE OF WIGHT","ISLE OF WIGHT","A","A"
"{402A3A65-F255-A7DF-E063-4804A8C0B80D}","295000","2025-09-01 00:00","PO30 2NJ","D","N","F","HIGHBURY","","BUCKBURY LANE","","NEWPORT","ISLE OF WIGHT","ISLE OF WIGHT","A","A"
"{402A3A65-F256-A7DF-E063-4804A8C0B80D}","148000","2025-08-29 00:00","PO31 7PE","T","N","F","3","","ARCTIC ROAD","","COWES","ISLE OF WIGHT","ISLE OF WIGHT","A","A"
"{402A3A65-F257-A7DF-E063-4804A8C0B80D}","207500","2025-03-24 00:00","PO38 3BW","T","N","F","2","","ST MARTINS ROAD","WROXALL","VENTNOR","ISLE OF WIGHT","ISLE OF WIGHT","A","A"
"{402A3A65-F258-A7DF-E063-4804A8C0B80D}","210000","2025-09-26 00:00","PO30 5AB","T","N","F","12","","DRILL HALL ROAD","","NEWPORT","ISLE OF WIGHT","ISLE OF WIGHT","A","A"
"{402A3A65-F259-A7DF-E063-4804A8C0B80D}","147000","2025-08-08 00:00","PO33 2JN","F","N","L","BELVEDERE LODGE, 6","FLAT 2","BELVEDERE STREET","","RYDE","ISLE OF WIGHT","ISLE OF WIGHT","A","A"
"{402A3A65-F25A-A7DF-E063-4804A8C0B80D}","273000","2025-09-10 00:00","PO36 8NY","D","N","F","11","","THE GLADE","","SANDOWN","ISLE OF WIGHT","ISLE OF WIGHT","A","A"
"{402A3A65-F25B-A7DF-E063-4804A8C0B80D}","104000","2025-09-02 00:00","PO37 7JS","F","N","L","BROOKMEAD","FLAT 3","BROOK ROAD","","SHANKLIN","ISLE OF WIGHT","ISLE OF WIGHT","A","A"
"{402A3A65-F25C-A7DF-E063-4804A8C0B80D}","130000","2025-03-24 00:00","PO36 9JX","F","N","L","BAYVIEW COURT, 98","FLAT 30","SANDOWN ROAD","LAKE","SANDOWN","ISLE OF WIGHT","ISLE OF WIGHT","A","A"
"{402A3A65-F25D-A7DF-E063-4804A8C0B80D}","184000","2025-09-01 00:00","PO33 1NU","F","N","F","43","","GRASMERE AVENUE","","RYDE","ISLE OF WIGHT","ISLE OF WIGHT","A","A"
"{402A3A65-F25F-A7DF-E063-4804A8C0B80D}","250000","2025-08-20 00:00","PO31 7XE","F","N","L","FLAT 31","","ADMIRAL GARDENS","","COWES","ISLE OF WIGHT","ISLE OF WIGHT","A","A"
"{402A3A65-F260-A7DF-E063-4804A8C0B80D}","165000","2025-09-01 00:00","PO38 1EH","T","N","F","17","","DUDLEY ROAD","","VENTNOR","ISLE OF WIGHT","ISLE OF WIGHT","A","A"
"{402A3A65-F261-A7DF-E063-4804A8C0B80D}","142000","2025-08-15 00:00","PO33 2JR","F","N","L","VERNON HOUSE, 20","FLAT 2","WOOD STREET","","RYDE","ISLE OF WIGHT","ISLE OF WIGHT","A","A"
"{402A3A65-F262-A7DF-E063-4804A8C0B80D}","345000","2025-09-17 00:00","PO33 4NJ","D","N","F","18","","NORMAN WAY","WOOTTON BRIDGE","RYDE","ISLE OF WIGHT","ISLE OF WIGHT","A","A"
"{402A3A65-F264-A7DF-E063-4804A8C0B80D}","345000","2025-09-02 00:00","PO40 9DD","D","N","F","2","","REDLAKE ROAD","","FRESHWATER","ISLE OF WIGHT","ISLE OF WIGHT","A","A"
"{402A3A65-F265-A7DF-E063-4804A8C0B80D}","330000","2025-08-22 00:00","PO33 3RX","D","N","F","30","","KINGS ROAD","BINSTEAD","RYDE","ISLE OF WIGHT","ISLE OF WIGHT","A","A"
"{402A3A65-F266-A7DF-E063-4804A8C0B80D}","245000","2025-09-05 00:00","PO30 5PA","S","N","F","1","","FOX PLACE","","NEWPORT","ISLE OF WIGHT","ISLE OF WIGHT","A","A"
"{402A3A65-F267-A7DF-E063-4804A8C0B80D}","92000","2025-08-29 00:00","PO36 9JX","F","N","L","BAYVIEW COURT, 98","FLAT 9","SANDOWN ROAD","LAKE","SANDOWN","ISLE OF WIGHT","ISLE OF WIGHT","A","A"
"{402A3A65-F268-A7DF-E063-4804A8C0B80D}","735000","2025-03-31 00:00","PO30 1YR","D","N","F","BROOKSIDE DAIRY","","NUNNERY LANE","","NEWPORT","ISLE OF WIGHT","ISLE OF WIGHT","A","A"
"{402A3A65-F269-A7DF-E063-4804A8C0B80D}","395000","2025-09-09 00:00","PO30 3JP","D","N","F","LLORET","","FARRIERS WAY","SHORWELL","NEWPORT","ISLE OF WIGHT","ISLE OF WIGHT","A","A"
"{402A3A65-F26A-A7DF-E063-4804A8C0B80D}","305000","2025-09-05 00:00","PO30 5HT","S","N","F","2","","PARKHURST ROAD","","NEWPORT","ISLE OF WIGHT","ISLE OF WIGHT","A","A"
"{402A3A65-F26B-A7DF-E063-4804A8C0B80D}","320000","2025-03-27 00:00","PO40 9BA","S","N","F","108","","SCHOOL GREEN ROAD","","FRESHWATER","ISLE OF WIGHT","ISLE OF WIGHT","A","A"
"{402A3A65-F26C-A7DF-E063-4804A8C0B80D}","540000","2025-08-01 00:00","PO30 4LW","D","N","F","GRAND PRE","","MAIN ROAD","PORCHFIELD","NEWPORT","ISLE OF WIGHT","ISLE OF WIGHT","A","A"
"{402A3A65-F26D-A7DF-E063-4804A8C0B80D}","440000","2025-08-08 00:00","PO35 5UA","D","N","F","54","","FORELAND ROAD","","BEMBRIDGE","ISLE OF WIGHT","ISLE OF WIGHT","A","A"
"{402A3A65-F26E-A7DF-E063-4804A8C0B80D}","174000","2025-08-22 00:00","PO39 0AL","T","N","F","60","","LANES END","","TOTLAND BAY","ISLE OF WIGHT","ISLE OF WIGHT","A","A"
"{402A3A65-F271-A7DF-E063-4804A8C0B80D}","273000","2025-09-11 00:00","PO36 9QB","D","N","F","40","","WOODHALL DRIVE","","SANDOWN","ISLE OF WIGHT","ISLE OF WIGHT","A","A"
"{402A3A65-F272-A7DF-E063-4804A8C0B80D}","537000","2025-09-22 00:00","PO35 5RE","D","N","F","49","","CROSSWAY","","BEMBRIDGE","ISLE OF WIGHT","ISLE OF WIGHT","A","A"
"{402A3A65-F273-A7DF-E063-4804A8C0B80D}","151000","2025-08-18 00:00","PO38 1XY","D","N","F","THE RETREAT","","UNDERCLIFF DRIVE","ST LAWRENCE","VENTNOR","ISLE OF WIGHT","ISLE OF WIGHT","A","A"
"{402A3A65-F274-A7DF-E063-4804A8C0B80D}","205000","2025-08-29 00:00","PO32 6SF","T","N","F","4","","FALCON ROAD","","EAST COWES","ISLE OF WIGHT","ISLE OF WIGHT","A","A"
"{402A3A65-F276-A7DF-E063-4804A8C0B80D}","290000","2025-09-15 00:00","PO32 6HT","S","N","F","96","","GREENLANDS ROAD","","EAST COWES","ISLE OF WIGHT","ISLE OF WIGHT","A","A"
"{402A3A65-F277-A7DF-E063-4804A8C0B80D}","195000","2025-08-22 00:00","PO32 6HB","T","N","F","108","","CLARENCE ROAD","","EAST COWES","ISLE OF WIGHT","ISLE OF WIGHT","A","A"
"{402A3A65-F279-A7DF-E063-4804A8C0B80D}","330000","2025-08-29 00:00","PO40 9QW","T","N","F","SELBOURNE","","BLACKBRIDGE ROAD","","FRESHWATER","ISLE OF WIGHT","ISLE OF WIGHT","A","A"
"{402A3A65-F27A-A7DF-E063-4804A8C0B80D}","420000","2025-09-09 00:00","PO37 6NX","D","N","F","MEAD HOUSE","","RECTORY ROAD","","SHANKLIN","ISLE OF WIGHT","ISLE OF WIGHT","A","A"
"{402A3A65-F27B-A7DF-E063-4804A8C0B80D}","640000","2025-09-17 00:00","PO39 0DD","D","N","F","SANDY LANE","","COLWELL COMMON ROAD","","TOTLAND BAY","ISLE OF WIGHT","ISLE OF WIGHT","A","A"
"{402A3A65-F27C-A7DF-E063-4804A8C0B80D}","230000","2025-09-12 00:00","PO32 6EG","S","N","F","11","","BRITANNIA WAY","","EAST COWES","ISLE OF WIGHT","ISLE OF WIGHT","A","A"
"{402A3A65-F27D-A7DF-E063-4804A8C0B80D}","440000","2025-08-15 00:00","PO30 1HB","D","N","F","23","","COLLEGE ROAD","","NEWPORT","ISLE OF WIGHT","ISLE OF WIGHT","A","A"
"{402A3A65-F27E-A7DF-E063-4804A8C0B80D}","385000","2025-08-13 00:00","PO40 9NL","D","N","F","9","","BOUND ROAD","","FRESHWATER","ISLE OF WIGHT","ISLE OF WIGHT","A","A"
"{402A3A65-F27F-A7DF-E063-4804A8C0B80D}","295000","2025-09-25 00:00","PO40 9TG","S","N","F","10","","SOLENT HILL","","FRESHWATER","ISLE OF WIGHT","ISLE OF WIGHT","A","A"
"{402A3A65-F280-A7DF-E063-4804A8C0B80D}","510000","2025-09-25 00:00","PO38 1LX","D","N","F","5","","FOXHILLS","","VENTNOR","ISLE OF WIGHT","ISLE OF WIGHT","A","A"
"{402A3A65-F282-A7DF-E063-4804A8C0B80D}","300000","2025-09-26 00:00","PO38 2BJ","D","N","F","24","","GREENLYDD CLOSE","NITON","VENTNOR","ISLE OF WIGHT","ISLE OF WIGHT","A","A"
"{402A3A65-F283-A7DF-E063-4804A8C0B80D}","465000","2025-09-26 00:00","PO31 7UA","D","N","F","19","","PLACE ROAD","","COWES","ISLE OF WIGHT","ISLE OF WIGHT","A","A"
"{402A3A65-F284-A7DF-E063-4804A8C0B80D}","466666","2025-08-12 00:00","PO34 5BQ","S","N","F","HILARION","","SOMERSET ROAD","","SEAVIEW","ISLE OF WIGHT","ISLE OF WIGHT","A","A"
"{402A3A65-F285-A7DF-E063-4804A8C0B80D}","375000","2025-08-19 00:00","PO35 5XF","S","N","F","LOCKSLEIGH COTTAGE","1","DENNETT ROAD","","BEMBRIDGE","ISLE OF WIGHT","ISLE OF WIGHT","A","A"
"{402A3A65-F286-A7DF-E063-4804A8C0B80D}","450000","2025-08-05 00:00","PO40 9TP","D","N","F","GLEBELAND","","AFTON ROAD","","FRESHWATER","ISLE OF WIGHT","ISLE OF WIGHT","A","A"
"{402A3A65-F287-A7DF-E063-4804A8C0B80D}","335000","2025-08-05 00:00","PO38 2HF","S","N","F","WESTVIEW COTTAGES","1","CHALE STREET","CHALE","VENTNOR","ISLE OF WIGHT","ISLE OF WIGHT","A","A"
"{402A3A65-F288-A7DF-E063-4804A8C0B80D}","238000","2025-09-19 00:00","PO30 5RN","T","N","F","10","","PRIORS WALK","","NEWPORT","ISLE OF WIGHT","ISLE OF WIGHT","A","A"
"{402A3A65-F289-A7DF-E063-4804A8C0B80D}","410000","2025-08-26 00:00","PO30 3LN","D","N","F","SANDFOOT","","SANDY WAY","SHORWELL","NEWPORT","ISLE OF WIGHT","ISLE OF WIGHT","A","A"
"{402A3A65-F28A-A7DF-E063-4804A8C0B80D}","215000","2025-03-28 00:00","PO30 1EW","T","N","F","41","","CLARENCE ROAD","","NEWPORT","ISLE OF WIGHT","ISLE OF WIGHT","A","A"
"{402A3A65-F28B-A7DF-E063-4804A8C0B80D}","505000","2025-09-10 00:00","PO30 3AQ","D","N","F","ST ALBANS","","MAIN ROAD","ARRETON","NEWPORT","ISLE OF WIGHT","ISLE OF WIGHT","A","A"
"{402A3A65-F28C-A7DF-E063-4804A8C0B80D}","169000","2025-08-28 00:00","PO33 1LS","F","N","L","VISTA MARINA","FLAT 7","EAST HILL ROAD","","RYDE","ISLE OF WIGHT","ISLE OF WIGHT","A","A"
"{402A3A65-F28D-A7DF-E063-4804A8C0B80D}","255000","2025-08-22 00:00","PO40 9LE","D","N","F","12","","GOLDEN RIDGE","","FRESHWATER","ISLE OF WIGHT","ISLE OF WIGHT","A","A"
"{402A3A65-F28E-A7DF-E063-4804A8C0B80D}","258500","2025-09-01 00:00","PO31 7UY","S","N","F","32","","SEAVIEW ROAD","","COWES","ISLE OF WIGHT","ISLE OF WIGHT","A","A"
"{402A3A65-F28F-A7DF-E063-4804A8C0B80D}","399950","2025-03-28 00:00","PO41 0LB","T","N","F","3","","WELLINGTON SQUARE","","YARMOUTH","ISLE OF WIGHT","ISLE OF WIGHT","A","A"
"{402A3A65-F290-A7DF-E063-4804A8C0B80D}","215000","2025-08-15 00:00","PO32 6LG","F","N","L","21","","MEDINA VIEW","","EAST COWES","ISLE OF WIGHT","ISLE OF WIGHT","A","A"
"{402A3A65-F292-A7DF-E063-4804A8C0B80D}","140000","2025-08-29 00:00","PO30 5AJ","F","N","L","19","","THE HOLLOWS","","NEWPORT","ISLE OF WIGHT","ISLE OF WIGHT","A","A"
"{402A3A65-F294-A7DF-E063-4804A8C0B80D}","280000","2025-09-18 00:00","PO33 2NN","F","N","F","87A","","WEST STREET","","RYDE","ISLE OF WIGHT","ISLE OF WIGHT","A","A"
"{402A3A65-F296-A7DF-E063-4804A8C0B80D}","320000","2025-08-22 00:00","PO38 2BG","S","N","F","15","","VERLANDS CLOSE","NITON","VENTNOR","ISLE OF WIGHT","ISLE OF WIGHT","A","A"
"{402A3A65-F297-A7DF-E063-4804A8C0B80D}","320000","2025-07-04 00:00","PO40 9AR","S","N","F","15","","DALL SQUARE","","FRESHWATER","ISLE OF WIGHT","ISLE OF WIGHT","A","A"
"{402A3A65-F298-A7DF-E063-4804A8C0B80D}","800000","2025-06-30 00:00","PO39 0JD","D","N","F","APRIL COTTAGE","","","ALUM BAY","TOTLAND BAY","ISLE OF WIGHT","ISLE OF WIGHT","A","A"
"{402A3A65-F299-A7DF-E063-4804A8C0B80D}","280000","2025-08-01 00:00","PO37 7NQ","S","N","F","121","","CARTER AVENUE","","SHANKLIN","ISLE OF WIGHT","ISLE OF WIGHT","A","A"
"{402A3A65-F29B-A7DF-E063-4804A8C0B80D}","160000","2025-09-19 00:00","PO30 5EH","F","N","L","34B","","HEARN STREET","","NEWPORT","ISLE OF WIGHT","ISLE OF WIGHT","A","A"
"{402A3A65-F29D-A7DF-E063-4804A8C0B80D}","110000","2025-08-22 00:00","PO31 8RL","S","N","L","242","","GURNARD PINES","GURNARD","COWES","ISLE OF WIGHT","ISLE OF WIGHT","A","A"
"{402A3A65-F29E-A7DF-E063-4804A8C0B80D}","105000","2025-08-28 00:00","PO31 8RL","F","N","L","223","","GURNARD PINES","GURNARD","COWES","ISLE OF WIGHT","ISLE OF WIGHT","A","A"
"{402A3A65-F29F-A7DF-E063-4804A8C0B80D}","90000","2025-08-20 00:00","PO31 8RL","S","N","L","228","","GURNARD PINES","GURNARD","COWES","ISLE OF WIGHT","ISLE OF WIGHT","A","A"
"{402A3A65-F2A0-A7DF-E063-4804A8C0B80D}","202000","2025-09-08 00:00","PO32 6FF","T","N","F","76","","OSBORNE HEIGHTS","","EAST COWES","ISLE OF WIGHT","ISLE OF WIGHT","A","A"
"{402A3A65-F2A1-A7DF-E063-4804A8C0B80D}","280000","2025-03-25 00:00","PO33 3NA","S","N","L","HAWTHORNS","2","BINSTEAD ROAD","","RYDE","ISLE OF WIGHT","ISLE OF WIGHT","A","A"
"{402A3A65-F2A2-A7DF-E063-4804A8C0B80D}","200000","2025-08-22 00:00","PO40 9FH","T","N","F","OCEAN SPRAY","","MADEIRA LANE","","FRESHWATER","ISLE OF WIGHT","ISLE OF WIGHT","A","A"
"{402A3A65-F2A3-A7DF-E063-4804A8C0B80D}","310000","2025-08-29 00:00","PO31 7FA","T","N","F","12","","OSBORNE CHASE","","COWES","ISLE OF WIGHT","ISLE OF WIGHT","A","A"
"{402A3A65-F2A4-A7DF-E063-4804A8C0B80D}","320000","2025-08-06 00:00","PO41 0TQ","D","N","F","SUN MEADOW","","STATION ROAD","NINGWOOD","YARMOUTH","ISLE OF WIGHT","ISLE OF WIGHT","A","A"
"{402A3A65-F2A7-A7DF-E063-4804A8C0B80D}","318000","2025-08-05 00:00","PO32 6FE","D","N","F","15","","OSBORNE HEIGHTS","","EAST COWES","ISLE OF WIGHT","ISLE OF WIGHT","A","A"
"{402A3A65-F2A9-A7DF-E063-4804A8C0B80D}","195000","2025-08-22 00:00","PO40 9FL","S","N","F","ST. ANDREWS COURT","8","ST ANDREWS WAY","","FRESHWATER","ISLE OF WIGHT","ISLE OF WIGHT","A","A"
"{402A3A65-F2AA-A7DF-E063-4804A8C0B80D}","215000","2025-03-31 00:00","PO33 3QW","S","N","F","10","","TRAFALGAR DRIVE","","RYDE","ISLE OF WIGHT","ISLE OF WIGHT","A","A"
"{402A3A65-F2AB-A7DF-E063-4804A8C0B80D}","317500","2025-09-09 00:00","PO31 7SL","T","N","F","46","","GORDON ROAD","","COWES","ISLE OF WIGHT","ISLE OF WIGHT","A","A"
"{402A3A65-F2AD-A7DF-E063-4804A8C0B80D}","192500","2025-08-18 00:00","PO31 7DF","T","N","F","34","","ST ANDREWS STREET","","COWES","ISLE OF WIGHT","ISLE OF WIGHT","A","A"
"{402A3A65-F2AE-A7DF-E063-4804A8C0B80D}","297000","2025-03-21 00:00","PO36 9NB","D","N","F","18","","PORTER AVENUE","LAKE","SANDOWN","ISLE OF WIGHT","ISLE OF WIGHT","A","A"
"{402A3A65-F2AF-A7DF-E063-4804A8C0B80D}","400000","2025-09-03 00:00","PO33 1PD","D","N","F","9","","PUCKPOOL CLOSE","","RYDE","ISLE OF WIGHT","ISLE OF WIGHT","A","A"
"{402A3A65-F2B0-A7DF-E063-4804A8C0B80D}","480000","2025-08-15 00:00","PO36 0HE","D","N","F","OAKWOOD LODGE","","YOUNGWOODS WAY","ALVERSTONE GARDEN VILLAGE","SANDOWN","ISLE OF WIGHT","ISLE OF WIGHT","A","A"
"{402A3A65-F2B1-A7DF-E063-4804A8C0B80D}","287500","2025-03-24 00:00","PO33 1GA","D","N","F","3","","GASSIOT CLOSE","","RYDE","ISLE OF WIGHT","ISLE OF WIGHT","A","A"
"{402A3A65-F2B2-A7DF-E063-4804A8C0B80D}","530000","2025-03-28 00:00","PO35 5TY","D","N","F","10B","","SANDPIPERS","","BEMBRIDGE","ISLE OF WIGHT","ISLE OF WIGHT","A","A"
"{402A3A65-F2B3-A7DF-E063-4804A8C0B80D}","162500","2025-05-19 00:00","PO33 1FE","F","N","L","67","","AMHERST PLACE","","RYDE","ISLE OF WIGHT","ISLE OF WIGHT","A","A"
"{402A3A65-F2B5-A7DF-E063-4804A8C0B80D}","583000","2025-09-03 00:00","PO33 4EL","D","N","F","NYEWOOD","","QUARR ROAD","BINSTEAD","RYDE","ISLE OF WIGHT","ISLE OF WIGHT","A","A"
"{402A3A65-F2B7-A7DF-E063-4804A8C0B80D}","99000","2025-08-13 00:00","PO30 5GF","F","N","L","25","","BRICKFIELD CLOSE","","NEWPORT","ISLE OF WIGHT","ISLE OF WIGHT","A","A"
"{402A3A65-F2B8-A7DF-E063-4804A8C0B80D}","525000","2025-07-31 00:00","PO34 5EA","D","N","F","GREEN RIDGES","","PRIORY DRIVE","","SEAVIEW","ISLE OF WIGHT","ISLE OF WIGHT","A","A"
"{402A3A65-F2B9-A7DF-E063-4804A8C0B80D}","245000","2025-08-15 00:00","PO33 3JN","T","N","F","2A","","GRENVILLE DRIVE","","RYDE","ISLE OF WIGHT","ISLE OF WIGHT","A","A"
"{402A3A65-F2BA-A7DF-E063-4804A8C0B80D}","160000","2025-08-15 00:00","PO36 9BY","F","N","L","FERNDALE COURT, 15","FLAT 12","BROADWAY","","SANDOWN","ISLE OF WIGHT","ISLE OF WIGHT","A","A"
"{402A3A65-F2BB-A7DF-E063-4804A8C0B80D}","140000","2025-08-07 00:00","PO37 6EZ","F","N","L","23C","","ARTHURS HILL","","SHANKLIN","ISLE OF WIGHT","ISLE OF WIGHT","A","A"
"{402A3A65-F2BC-A7DF-E063-4804A8C0B80D}","250000","2025-08-22 00:00","PO38 3PB","T","N","F","35","","HILLCREST ROAD","ROOKLEY","VENTNOR","ISLE OF WIGHT","ISLE OF WIGHT","A","A"
"{402A3A65-F2BE-A7DF-E063-4804A8C0B80D}","249950","2025-08-29 00:00","PO40 9NF","T","N","F","PROSPECT COTTAGES","3","HEATH LANE","","FRESHWATER","ISLE OF WIGHT","ISLE OF WIGHT","A","A"
"{402A3A65-F2BF-A7DF-E063-4804A8C0B80D}","290000","2025-09-12 00:00","PO40 9BJ","S","N","F","SOUTH VIEW","2","HOOKE HILL","","FRESHWATER","ISLE OF WIGHT","ISLE OF WIGHT","A","A"
"{402A3A65-F2C2-A7DF-E063-4804A8C0B80D}","191500","2025-09-01 00:00","PO36 8ET","T","N","F","5","","YORK ROAD","","SANDOWN","ISLE OF WIGHT","ISLE OF WIGHT","A","A"
"{402A3A65-F2C3-A7DF-E063-4804A8C0B80D}","163500","2025-09-12 00:00","PO36 0BZ","F","N","L","NEWPORT HOUSE","","THE MALL","BRADING","SANDOWN","ISLE OF WIGHT","ISLE OF WIGHT","A","A"
"{402A3A65-F2C4-A7DF-E063-4804A8C0B80D}","66000","2025-08-08 00:00","PO30 2FR","F","N","L","2G","","GODRIC ROAD","","NEWPORT","ISLE OF WIGHT","ISLE OF WIGHT","A","A"
"{402A3A65-F2C6-A7DF-E063-4804A8C0B80D}","360000","2025-08-26 00:00","PO35 5TS","D","N","F","10","","PELHAM CLOSE","","BEMBRIDGE","ISLE OF WIGHT","ISLE OF WIGHT","A","A"
"{402A3A65-F2C7-A7DF-E063-4804A8C0B80D}","320000","2025-09-02 00:00","PO30 4BX","D","N","F","4","","LODGE CLOSE","BRIGHSTONE","NEWPORT","ISLE OF WIGHT","ISLE OF WIGHT","A","A"
"{402A3A65-F2C9-A7DF-E063-4804A8C0B80D}","160000","2025-08-29 00:00","PO31 7BS","F","N","L","18","GROUND FLOOR FLAT","YORK STREET","","COWES","ISLE OF WIGHT","ISLE OF WIGHT","A","A"
"{402A3A65-F2CA-A7DF-E063-4804A8C0B80D}","80000","2025-09-05 00:00","PO30 5UN","F","N","L","SOMERS BROOK COURT","FLAT 49","FOXES ROAD","","NEWPORT","ISLE OF WIGHT","ISLE OF WIGHT","A","A"
"{402A3A65-F2CB-A7DF-E063-4804A8C0B80D}","230000","2025-09-19 00:00","PO37 6BG","F","N","L","SUNNY BEACH APARTMENTS, 31","5","ESPLANADE","","SHANKLIN","ISLE OF WIGHT","ISLE OF WIGHT","A","A"
"{402A3A65-F2CC-A7DF-E063-4804A8C0B80D}","795000","2025-08-21 00:00","PO40 9QR","D","N","F","EASTWOOD","","EASTON LANE","","FRESHWATER","ISLE OF WIGHT","ISLE OF WIGHT","A","A"
"{402A3A65-F2CD-A7DF-E063-4804A8C0B80D}","274000","2025-06-27 00:00","PO39 0DH","S","N","F","12B","","THE AVENUE","","TOTLAND BAY","ISLE OF WIGHT","ISLE OF WIGHT","A","A"
"{402A3A65-F2CE-A7DF-E063-4804A8C0B80D}","440000","2025-08-26 00:00","PO33 1QY","D","N","F","5","","COTHEY WAY","","RYDE","ISLE OF WIGHT","ISLE OF WIGHT","A","A"
"{402A3A65-F2CF-A7DF-E063-4804A8C0B80D}","365000","2025-09-19 00:00","PO30 5LD","D","N","F","30","","GUNVILLE ROAD","","NEWPORT","ISLE OF WIGHT","ISLE OF WIGHT","A","A"
"{402A3A65-F2D0-A7DF-E063-4804A8C0B80D}","305000","2025-03-31 00:00","PO38 3EQ","D","N","L","SPINNAKERS","","PARK VIEW CLOSE","WROXALL","VENTNOR","ISLE OF WIGHT","ISLE OF WIGHT","A","A"
"{402A3A65-F2D1-A7DF-E063-4804A8C0B80D}","185000","2025-09-19 00:00","PO30 1NL","T","N","L","114","","HIGH STREET","CARISBROOKE","NEWPORT","ISLE OF WIGHT","ISLE OF WIGHT","A","A"
"{402A3A65-F2D2-A7DF-E063-4804A8C0B80D}","190000","2025-08-08 00:00","PO30 5EB","T","N","F","59","","CAESARS ROAD","","NEWPORT","ISLE OF WIGHT","ISLE OF WIGHT","A","A"
"{402A3A65-F2D3-A7DF-E063-4804A8C0B80D}","380000","2025-06-26 00:00","PO33 2RZ","S","N","L","52","","WELL STREET","","RYDE","ISLE OF WIGHT","ISLE OF WIGHT","A","A"
"{402A3A65-F2D4-A7DF-E063-4804A8C0B80D}","230000","2025-07-31 00:00","PO33 2RL","D","N","F","PRIORS WALK, 2A","IRIS COTTAGE 6","ST JOHNS ROAD","","RYDE","ISLE OF WIGHT","ISLE OF WIGHT","A","A"
"{402A3A65-F2D5-A7DF-E063-4804A8C0B80D}","235000","2025-09-02 00:00","PO33 4PL","S","N","F","50","","HIGH STREET","WOOTTON BRIDGE","RYDE","ISLE OF WIGHT","ISLE OF WIGHT","A","A"
"{402A3A65-F2D6-A7DF-E063-4804A8C0B80D}","150000","2025-03-31 00:00","PO33 2QE","F","N","L","GREENMOUNT, 8","APARTMENT 10","GREEN STREET","","RYDE","ISLE OF WIGHT","ISLE OF WIGHT","A","A"
"{402A3A65-F2D8-A7DF-E063-4804A8C0B80D}","260000","2025-09-25 00:00","PO40 9LP","S","N","F","10","","ARNHEM ROAD","","FRESHWATER","ISLE OF WIGHT","ISLE OF WIGHT","A","A"
"{402A3A65-F2D9-A7DF-E063-4804A8C0B80D}","210000","2025-03-27 00:00","PO37 6AL","F","N","L","SAVOY COURT, 7","FLAT 15","CHINE AVENUE","","SHANKLIN","ISLE OF WIGHT","ISLE OF WIGHT","A","A"
"{402A3A65-F2DA-A7DF-E063-4804A8C0B80D}","360000","2025-09-02 00:00","PO30 1ET","D","N","F","7A","","AVONDALE ROAD","","NEWPORT","ISLE OF WIGHT","ISLE OF WIGHT","A","A"
"{402A3A65-F2DB-A7DF-E063-4804A8C0B80D}","320000","2025-08-15 00:00","PO37 7HD","D","N","F","102","","GREEN LANE","","SHANKLIN","ISLE OF WIGHT","ISLE OF WIGHT","A","A"
"{402A3A65-F2DD-A7DF-E063-4804A8C0B80D}","250000","2025-08-21 00:00","PO32 6GP","S","N","F","3","","NAVAL TERRACE","","EAST COWES","ISLE OF WIGHT","ISLE OF WIGHT","A","A"
"{402A3A65-F2DE-A7DF-E063-4804A8C0B80D}","195000","2025-08-15 00:00","PO33 1EN","S","N","F","22","","REED STREET","","RYDE","ISLE OF WIGHT","ISLE OF WIGHT","A","A"
"{402A3A65-F2DF-A7DF-E063-4804A8C0B80D}","270000","2025-08-01 00:00","PO30 2FA","S","N","F","44","","SWAN STREET","","NEWPORT","ISLE OF WIGHT","ISLE OF WIGHT","A","A"
"{402A3A65-F2E0-A7DF-E063-4804A8C0B80D}","220000","2025-08-22 00:00","PO33 3NN","T","N","F","27","","MEADOWBROOK","","RYDE","ISLE OF WIGHT","ISLE OF WIGHT","A","A"
"{402A3A65-F2E1-A7DF-E063-4804A8C0B80D}","191000","2025-09-12 00:00","PO32 6FR","F","N","L","MILLFIELD HOUSE","FLAT 7","MILLFIELD AVENUE","","EAST COWES","ISLE OF WIGHT","ISLE OF WIGHT","A","A"
"{402A3A65-F2E2-A7DF-E063-4804A8C0B80D}","475000","2025-08-28 00:00","PO39 0AD","D","N","F","LE SAGE","","WARDEN ROAD","","TOTLAND BAY","ISLE OF WIGHT","ISLE OF WIGHT","A","A"
"{402A3A65-F2E3-A7DF-E063-4804A8C0B80D}","320000","2025-09-19 00:00","PO33 1GF","S","N","F","15","","MAPLE LEAF AVENUE","","RYDE","ISLE OF WIGHT","ISLE OF WIGHT","A","A"
"{402A3A65-F2E4-A7DF-E063-4804A8C0B80D}","128000","2025-03-05 00:00","PO31 7DN","F","N","L","99A","","PELHAM ROAD","","COWES","ISLE OF WIGHT","ISLE OF WIGHT","A","A"
"{402A3A65-F2E5-A7DF-E063-4804A8C0B80D}","661000","2025-07-17 00:00","PO38 2LJ","D","N","F","BOX COTTAGE","","SOUTHDOWN LANE","CHALE","VENTNOR","ISLE OF WIGHT","ISLE OF WIGHT","A","A"
"{402A3A65-F2E6-A7DF-E063-4804A8C0B80D}","385000","2025-09-17 00:00","PO38 3NG","D","N","F","DOWSABEL CHASE","","MAIN ROAD","ROOKLEY","VENTNOR","ISLE OF WIGHT","ISLE OF WIGHT","A","A"
"{402A3A65-F2E7-A7DF-E063-4804A8C0B80D}","430000","2025-09-12 00:00","PO33 3FF","S","N","F","24","","RYDE HOUSE DRIVE","","RYDE","ISLE OF WIGHT","ISLE OF WIGHT","A","A"
"{402A3A65-F2E9-A7DF-E063-4804A8C0B80D}","380000","2025-08-22 00:00","PO33 4RL","S","N","F","PORTORA","","PARK ROAD","WOOTTON BRIDGE","RYDE","ISLE OF WIGHT","ISLE OF WIGHT","A","A"
"{402A3A65-F2EE-A7DF-E063-4804A8C0B80D}","360000","2025-02-28 00:00","PO34 5AS","F","N","L","21","","HIGH SALTERNS","","SEAVIEW","ISLE OF WIGHT","ISLE OF WIGHT","A","A"
"{402A3A65-F2EF-A7DF-E063-4804A8C0B80D}","180000","2025-08-28 00:00","PO30 5EB","T","N","F","19","","CAESARS ROAD","","NEWPORT","ISLE OF WIGHT","ISLE OF WIGHT","A","A"
"{402A3A65-F2F6-A7DF-E063-4804A8C0B80D}","365000","2025-09-26 00:00","PO30 4LL","D","N","F","OAKLANDS","","LITTLE WHITEHOUSE ROAD","PORCHFIELD","NEWPORT","ISLE OF WIGHT","ISLE OF WIGHT","A","A"
"{402A3A65-F307-A7DF-E063-4804A8C0B80D}","255000","2025-02-11 00:00","PO33 2GE","S","N","F","9","","POPPY CLOSE","","RYDE","ISLE OF WIGHT","ISLE OF WIGHT","A","A"
"{402A3A65-F308-A7DF-E063-4804A8C0B80D}","280000","2025-07-01 00:00","PO31 8NS","S","N","F","CAMP VIEW","","REW STREET","","COWES","ISLE OF WIGHT","ISLE OF WIGHT","A","A"
"{3DCCB7CA-04A2-5B9D-E063-4704A8C0331E}","210000","2025-07-25 00:00","PO33 2BW","F","N","L","EASTFIELD, 33","FLAT 8","DOVER STREET","","RYDE","ISLE OF WIGHT","ISLE OF WIGHT","A","C"
