"{3DCCB7CA-BAE9-5B9D-E063-4704A8C0331E}","95000","2021-03-12 00:00","PO30 2JU","O","N","F","314","","FAIRLEE ROAD","","NEWPORT","ISLE OF WIGHT","ISLE OF WIGHT","B","A"
"{325718CB-4018-49FA-8810-B3AAD043A499}","49950","2002-07-18 00:00","PO36 8LJ","F","N","L","WHITETHORN COURT, 9A","FLAT 2","ROYAL STREET","","SANDOWN","ISLE OF WIGHT","ISLE OF WIGHT","A","C"
"{44538CED-19F3-41BC-93D7-5476EF7459DB}","82500","2004-06-28 00:00","PO36 8LJ","F","N","L","WHITETHORN COURT, 9A","FLAT 2","ROYAL STREET","","SANDOWN","ISLE OF WIGHT","ISLE OF WIGHT","A","C"
"{BD929F08-F82F-4A89-A37A-095B54FB102C}","149000","2004-01-15 00:00","PO33 2TL","D","N","L","10","","WEEKS ROAD","","RYDE","ISLE OF WIGHT","ISLE OF WIGHT","A","C"
"{ACDBC2D9-5887-47F0-A13C-639B6C70AF8D}","180000","2007-02-22 00:00","PO41 0SS","S","N","F","BLACKSMITH COTTAGE","","MAIN ROAD","THORLEY","YARMOUTH","ISLE OF WIGHT","ISLE OF WIGHT","A","C"
"{D6C62302-02FC-4A29-ACC9-790E825A37C5}","185000","2007-04-19 00:00","PO41 0SS","S","N","F","BLACKSMITH COTTAGE","","MAIN ROAD","THORLEY","YARMOUTH","ISLE OF WIGHT","ISLE OF WIGHT","A","C"
"{954CF53E-C532-4DF6-AA1A-2214A89069BF}","46500","2006-08-21 00:00","PO36 8LJ","F","N","L","WHITETHORN COURT, 9A","FLAT 2","ROYAL STREET","","SANDOWN","ISLE OF WIGHT","ISLE OF WIGHT","A","C"
"{1DB5609E-3781-4FB8-8075-54762FE7FBFD}","95000","2001-11-27 00:00","PO41 0QT","S","N","F","MERRILEES","","STATION ROAD","","YARMOUTH","ISLE OF WIGHT","ISLE OF WIGHT","A","C"
"{80CABF9E-4AF6-4702-883F-EE1908889980}","38500","2001-03-06 00:00","PO36 8LJ","F","N","L","WHITETHORN COURT, 9A","FLAT 2","ROYAL STREET","","SANDOWN","ISLE OF WIGHT","ISLE OF WIGHT","A","C"
"{3DCCB7CA-04AC-5B9D-E063-4704A8C0331E}","227500","2021-06-24 00:00","PO30 2HF","S","N","F","38","","RED FOX SQUARE","","NEWPORT","ISLE OF WIGHT","ISLE OF WIGHT","A","A"
"{3DCCB7CA-04AD-5B9D-E063-4704A8C0331E}","227500","2021-06-24 00:00","PO30 2HF","S","N","F","36","","RED FOX SQUARE","","NEWPORT","ISLE OF WIGHT","ISLE OF WIGHT","A","A"
"{3DCCB7CA-04D4-5B9D-E063-4704A8C0331E}","225000","2021-04-16 00:00","PO30 3FF","F","N","L","BRONTE VIEW, 24","APARTMENT 4","WHITECROFT PARK","","NEWPORT","ISLE OF WIGHT","ISLE OF WIGHT","A","A"
"{EA3278AA-E74C-2676-E053-6B04A8C015F8}","135000","2021-10-06 00:00","PO40 9AB","O","N","L","THE OLD BANK","","TENNYSON ROAD","","FRESHWATER","ISLE OF WIGHT","ISLE OF WIGHT","B","C"
"{D22473F6-807F-7B40-E053-6C04A8C0A630}","40000","2021-09-01 00:00","PO36 8QP","O","N","L","SANDOWN BAY HOLIDAY CENTRE","CHALET 187","YAVERLAND ROAD","","SANDOWN","ISLE OF WIGHT","ISLE OF WIGHT","B","C"
"{CFC9085D-5E34-9A70-E053-6B04A8C09D6A}","39000","2021-08-09 00:00","PO36 8QP","O","N","L","SANDOWN BAY HOLIDAY CENTRE","CHALET 54","YAVERLAND ROAD","","SANDOWN","ISLE OF WIGHT","ISLE OF WIGHT","B","C"
"{C6209F60-39B1-295E-E053-6C04A8C0DDCC}","80000","2021-02-08 00:00","PO30 2NJ","O","N","F","WINTERFELL","","BUCKBURY LANE","","NEWPORT","ISLE OF WIGHT","ISLE OF WIGHT","B","C"
"{A5C7C2A4-BE50-4749-AD7A-986B09F2B323}","61950","2003-08-01 00:00","PO36 8LJ","F","N","L","WHITETHORN COURT, 9A","FLAT 2","ROYAL STREET","","SANDOWN","ISLE OF WIGHT","ISLE OF WIGHT","A","C"
"{3DCCB7CA-0425-5B9D-E063-4704A8C0331E}","312200","2017-03-29 00:00","PO37 6EA","D","N","F","13","","HOPE ROAD","","SHANKLIN","ISLE OF WIGHT","ISLE OF WIGHT","A","A"
"{3DCCB7CA-BAE4-5B9D-E063-4704A8C0331E}","75000","2018-04-27 00:00","PO36 0NU","O","N","F","HILL TOP BARN","","HILL TOP","NEWCHURCH","SANDOWN","ISLE OF WIGHT","ISLE OF WIGHT","B","A"
"{6DA0844A-B5E3-30F2-E053-6B04A8C05F3B}","250000","2018-02-19 00:00","PO36 0NU","O","N","F","HILL TOP BARN","","HILL TOP","NEWCHURCH","SANDOWN","ISLE OF WIGHT","ISLE OF WIGHT","B","C"
"{79A74E21-A8D2-1289-E053-6B04A8C01627}","325000","2018-09-13 00:00","PO41 0QT","S","N","F","MERRILEES","","STATION ROAD","","YARMOUTH","ISLE OF WIGHT","ISLE OF WIGHT","A","C"
"{7E86B6FA-E995-458C-E053-6B04A8C0C84C}","290000","2018-11-30 00:00","PO41 0SS","S","N","F","BLACKSMITH COTTAGE","","MAIN ROAD","THORLEY","YARMOUTH","ISLE OF WIGHT","ISLE OF WIGHT","A","C"
"{7C2D0701-0FCA-4963-E053-6B04A8C07B97}","120000","2018-10-11 00:00","PO40 9UJ","O","N","F","UNIT 2-3","","GOLDEN HILL PARK","","FRESHWATER","ISLE OF WIGHT","ISLE OF WIGHT","B","C"
"{2A289EA1-A1A6-CDC8-E050-A8C063054829}","160500","2000-03-24 00:00","PO37 6EA","D","N","F","13","","HOPE ROAD","","SHANKLIN","ISLE OF WIGHT","ISLE OF WIGHT","A","C"
"{49B7852A-D1BB-7921-E050-A8C063056E8D}","505000","2017-01-06 00:00","PO31 7EA","O","N","F","1A","","MILL HILL ROAD","","COWES","ISLE OF WIGHT","ISLE OF WIGHT","B","C"
"{582D0637-EA98-8F22-E053-6C04A8C01BAC}","34000","2017-06-11 00:00","PO36 8QP","O","N","L","SANDOWN BAY HOLIDAY CENTRE","CHALET 13","YAVERLAND ROAD","","SANDOWN","ISLE OF WIGHT","ISLE OF WIGHT","B","C"
"{5CF9903C-E2EC-7F13-E053-6C04A8C074B1}","38000","2017-10-09 00:00","PO36 8QP","O","N","L","SANDOWN BAY HOLIDAY CENTRE","CHALET 184","YAVERLAND ROAD","","SANDOWN","ISLE OF WIGHT","ISLE OF WIGHT","B","C"
"{3DCCB7CA-BAE3-5B9D-E063-4704A8C0331E}","400000","2022-05-26 00:00","PO36 0NU","O","N","F","HILL TOP BARN","","HILL TOP","NEWCHURCH","SANDOWN","ISLE OF WIGHT","ISLE OF WIGHT","B","A"
"{3DCCB7CA-BAE5-5B9D-E063-4704A8C0331E}","2500","2019-10-09 00:00","PO33 1FA","O","N","F","CEDAR LODGE","","SWAYLANDS CLOSE","","RYDE","ISLE OF WIGHT","ISLE OF WIGHT","B","A"
"{3DCCB7CA-BAE7-5B9D-E063-4704A8C0331E}","187500","2019-11-01 00:00","PO30 2LU","O","N","F","FOUR LAKES RETREAT","","STAPLERS ROAD","","NEWPORT","ISLE OF WIGHT","ISLE OF WIGHT","B","A"
"{8CAC1319-069A-0253-E053-6B04A8C08E51}","650000","2019-04-17 00:00","PO31 7EA","O","N","F","1A","","MILL HILL ROAD","","COWES","ISLE OF WIGHT","ISLE OF WIGHT","B","C"
"{0E082197-7038-5C09-E063-4704A8C0A10E}","300000","2019-12-20 00:00","PO30 5TJ","O","N","F","50","","HORSEBRIDGE HILL","","NEWPORT","ISLE OF WIGHT","ISLE OF WIGHT","B","C"
"{3DCCB7CA-047B-5B9D-E063-4704A8C0331E}","131000","2022-10-13 00:00","PO33 1FF","F","N","L","64","","AMHERST PLACE","","RYDE","ISLE OF WIGHT","ISLE OF WIGHT","B","A"
"{80E1AA99-07CA-7BF8-E053-6C04A8C00BF2}","30000","2018-12-31 00:00","PO36 8QP","O","N","L","SANDOWN BAY HOLIDAY CENTRE","CHALET 7","YAVERLAND ROAD","","SANDOWN","ISLE OF WIGHT","ISLE OF WIGHT","B","C"
"{EED73E75-AC8E-6AF3-E053-6C04A8C08ABA}","400000","2022-05-26 00:00","PO36 0NU","D","N","F","HILL TOP BARN","","HILL TOP","NEWCHURCH","SANDOWN","ISLE OF WIGHT","ISLE OF WIGHT","A","C"
"{3DCCB7CA-BAE1-5B9D-E063-4704A8C0331E}","290000","2015-03-20 00:00","PO36 0DQ","O","N","F","46 - 48","","HIGH STREET","BRADING","SANDOWN","ISLE OF WIGHT","ISLE OF WIGHT","B","A"
"{8355F009-C611-55C5-E053-6B04A8C0D090}","36000","2019-02-12 00:00","PO36 8QP","O","N","L","SANDOWN BAY HOLIDAY CENTRE","CHALET 13","YAVERLAND ROAD","","SANDOWN","ISLE OF WIGHT","ISLE OF WIGHT","B","C"
"{87E1551E-E11B-6405-E053-6C04A8C0B2EE}","60000","2019-04-05 00:00","PO33 4JT","O","N","F","BLACKTHORN HOLLOW","","LOWER WOODSIDE ROAD","WOOTTON BRIDGE","RYDE","ISLE OF WIGHT","ISLE OF WIGHT","B","C"
"{1A0C5C63-F7E5-7CBE-E063-4804A8C06C96}","350000","2022-04-13 00:00","PO41 0UE","O","N","F","LOFT HOUSE","","BROOK ROAD","CHESSELL","YARMOUTH","ISLE OF WIGHT","ISLE OF WIGHT","B","C"
"{FAC30767-D0DB-5E20-E053-4704A8C004EE}","39999","2022-11-01 00:00","PO36 8QP","O","N","L","SANDOWN BAY HOLIDAY CENTRE","CHALET 46","YAVERLAND ROAD","","SANDOWN","ISLE OF WIGHT","ISLE OF WIGHT","B","C"
"{FAC30767-D0F3-5E20-E053-4704A8C004EE}","225000","2022-05-31 00:00","PO40 9GH","O","N","F","OAK HILL HOUSE","","WOODPECKER DRIVE","","FRESHWATER","ISLE OF WIGHT","ISLE OF WIGHT","B","C"
"{F87E72F9-D9F3-176C-E053-6B04A8C0D2BE}","30000","2022-10-12 00:00","PO36 8QP","O","N","L","SANDOWN BAY HOLIDAY CENTRE","CHALET 52","YAVERLAND ROAD","","SANDOWN","ISLE OF WIGHT","ISLE OF WIGHT","B","C"
"{3DCCB7CA-BAE8-5B9D-E063-4704A8C0331E}","200000","2020-09-03 00:00","PO30 2LU","O","N","F","FOUR LAKES RETREAT","","STAPLERS ROAD","","NEWPORT","ISLE OF WIGHT","ISLE OF WIGHT","B","A"
"{3DCCB7CA-BAE6-5B9D-E063-4704A8C0331E}","310000","2023-11-06 00:00","PO30 2LU","O","N","F","FOUR LAKES RETREAT","","STAPLERS ROAD","","NEWPORT","ISLE OF WIGHT","ISLE OF WIGHT","B","A"
"{3DCCB7CA-BAED-5B9D-E063-4704A8C0331E}","30000","2023-08-18 00:00","PO41 0SS","O","N","F","BLACKSMITH COTTAGE","","MAIN ROAD","THORLEY","YARMOUTH","ISLE OF WIGHT","ISLE OF WIGHT","B","A"
"{B5755FFE-A810-7D01-E053-6C04A8C036B6}","38500","2020-08-31 00:00","PO36 8QP","O","N","L","SANDOWN BAY HOLIDAY CENTRE","CHALET 80","YAVERLAND ROAD","","SANDOWN","ISLE OF WIGHT","ISLE OF WIGHT","B","C"
"{9FF0D96A-7B21-11ED-E053-6C04A8C06383}","36000","2020-02-12 00:00","PO36 8QP","O","N","L","SANDOWN BAY HOLIDAY CENTRE","2","YAVERLAND ROAD","","SANDOWN","ISLE OF WIGHT","ISLE OF WIGHT","B","C"
"{B82222ED-9EA4-6691-E053-6B04A8C02FB2}","36000","2020-10-10 00:00","PO36 8QP","O","N","L","SANDOWN BAY HOLIDAY CENTRE","CHALET 13","YAVERLAND ROAD","","SANDOWN","ISLE OF WIGHT","ISLE OF WIGHT","B","C"
"{BEF7EBBF-A215-7A76-E053-6B04A8C092F7}","80000","2020-08-12 00:00","PO30 2NJ","O","N","F","CASTLE VIEW","","BUCKBURY LANE","","NEWPORT","ISLE OF WIGHT","ISLE OF WIGHT","B","C"
"{3DCCB7CA-04A6-5B9D-E063-4704A8C0331E}","190000","2023-09-15 00:00","PO32 6GE","T","N","F","36A","","CROMWELL AVENUE","","EAST COWES","ISLE OF WIGHT","ISLE OF WIGHT","A","A"
"{3DCCB7CA-04B1-5B9D-E063-4704A8C0331E}","279995","2023-06-28 00:00","PO30 2FP","D","N","F","65","","GODRIC ROAD","","NEWPORT","ISLE OF WIGHT","ISLE OF WIGHT","A","A"
"{3DCCB7CA-04B6-5B9D-E063-4704A8C0331E}","220000","2023-10-30 00:00","PO30 5TJ","T","N","F","56","","HORSEBRIDGE HILL","","NEWPORT","ISLE OF WIGHT","ISLE OF WIGHT","A","A"
"{75FB03AE-C613-4765-97BB-08C0A9B0BDED}","41000","1995-07-27 00:00","PO38 1DS","D","N","F","56","","MITCHELL AVENUE","","VENTNOR","ISLE OF WIGHT","ISLE OF WIGHT","A","C"
"{3DCCB7CA-B83A-5B9D-E063-4704A8C0331E}","185000","2023-04-28 00:00","PO33 2HN","O","N","F","11","","HIGH STREET","","RYDE","ISLE OF WIGHT","ISLE OF WIGHT","B","A"
"{3DCCB7CA-BAD6-5B9D-E063-4704A8C0331E}","91000","2023-02-17 00:00","PO39 0FB","T","N","L","OLD BAKE HOUSE","1","WARD ROAD","","TOTLAND BAY","ISLE OF WIGHT","ISLE OF WIGHT","B","A"
"{3DCCB7CA-BAEC-5B9D-E063-4704A8C0331E}","235000","2023-06-23 00:00","PO30 2GH","O","N","F","66","","ANGELICA GROVE","","NEWPORT","ISLE OF WIGHT","ISLE OF WIGHT","B","A"
"{06C9F488-094E-9388-E063-4804A8C0BD98}","47000","2023-08-02 00:00","PO36 8QP","O","N","L","SANDOWN BAY HOLIDAY CENTRE","CHALET 184","YAVERLAND ROAD","","SANDOWN","ISLE OF WIGHT","ISLE OF WIGHT","B","C"
"{06C9F488-0954-9388-E063-4804A8C0BD98}","50000","2023-08-29 00:00","PO36 8QP","O","N","L","SANDOWN BAY HOLIDAY CENTRE","CHALET 13","YAVERLAND ROAD","","SANDOWN","ISLE OF WIGHT","ISLE OF WIGHT","B","C"
"{F5E8B082-3886-3A13-E053-6C04A8C060B7}","47500","2023-02-06 00:00","PO36 8QP","O","N","L","SANDOWN BAY HOLIDAY CENTRE","CHALET 181","YAVERLAND ROAD","","SANDOWN","ISLE OF WIGHT","ISLE OF WIGHT","B","C"
"{1061746E-D021-3C34-E063-4804A8C0F9E7}","165000","2023-07-10 00:00","PO38 3NP","O","N","F","CHAPEL HOUSE","","NITON ROAD","ROOKLEY","VENTNOR","ISLE OF WIGHT","ISLE OF WIGHT","B","C"
"{09266DDC-5F10-AF90-E063-4704A8C02087}","32500","2023-10-01 00:00","PO36 8QP","O","N","L","SANDOWN BAY HOLIDAY CENTRE","CHALET 46","YAVERLAND ROAD","","SANDOWN","ISLE OF WIGHT","ISLE OF WIGHT","B","C"
"{3DCCB7CA-BAC9-5B9D-E063-4704A8C0331E}","380000","2024-12-18 00:00","PO33 4NH","O","N","F","84","","CHURCH ROAD","WOOTTON BRIDGE","RYDE","ISLE OF WIGHT","ISLE OF WIGHT","B","A"
"{3DCCB7CA-BACA-5B9D-E063-4704A8C0331E}","180000","2024-10-30 00:00","PO38 1NG","T","N","F","36","","SOUTH STREET","","VENTNOR","ISLE OF WIGHT","ISLE OF WIGHT","B","A"
"{3DCCB7CA-BACB-5B9D-E063-4704A8C0331E}","24500","2024-10-15 00:00","PO40 9SY","O","N","F","181","","BRAMBLES CHINE","","FRESHWATER","ISLE OF WIGHT","ISLE OF WIGHT","B","A"
"{3DCCB7CA-BACE-5B9D-E063-4704A8C0331E}","630000","2024-10-29 00:00","PO38 1AR","O","N","F","47","","LOWTHERVILLE ROAD","","VENTNOR","ISLE OF WIGHT","ISLE OF WIGHT","B","A"
"{3DCCB7CA-BACF-5B9D-E063-4704A8C0331E}","1100000","2024-09-11 00:00","PO30 2LB","O","N","F","LITTLE FAIRLEE FARM","","MEWS LANE","","NEWPORT","ISLE OF WIGHT","ISLE OF WIGHT","B","A"
"{3DCCB7CA-BAD0-5B9D-E063-4704A8C0331E}","310000","2024-09-26 00:00","PO33 2HW","O","N","L","20","","HIGH STREET","","RYDE","ISLE OF WIGHT","ISLE OF WIGHT","B","A"
"{3DCCB7CA-BAD1-5B9D-E063-4704A8C0331E}","55000","2024-10-04 00:00","PO36 8QP","O","N","L","56","","SANDOWN BAY HOLIDAY CENTRE","","SANDOWN","ISLE OF WIGHT","ISLE OF WIGHT","B","A"
"{3DCCB7CA-BAD2-5B9D-E063-4704A8C0331E}","78500","2024-11-21 00:00","PO33 2RF","F","N","L","BEDWORTH HOUSE, 29","FLAT 2","BEDWORTH PLACE","","RYDE","ISLE OF WIGHT","ISLE OF WIGHT","B","A"
"{3DCCB7CA-BAD4-5B9D-E063-4704A8C0331E}","39995","2024-12-11 00:00","PO36 8QP","O","N","L","88","","SANDOWN BAY HOLIDAY CENTRE","","SANDOWN","ISLE OF WIGHT","ISLE OF WIGHT","B","A"
"{3DCCB7CA-BAD7-5B9D-E063-4704A8C0331E}","257000","2024-10-15 00:00","PO31 8AP","O","N","F","UNIT 9","","ENTERPRISE WAY","","COWES","ISLE OF WIGHT","ISLE OF WIGHT","B","A"
"{3DCCB7CA-BAD8-5B9D-E063-4704A8C0331E}","90000","2024-11-19 00:00","PO36 8LP","F","N","L","1","FLAT 3","ROYAL STREET","","SANDOWN","ISLE OF WIGHT","ISLE OF WIGHT","B","A"
"{3DCCB7CA-BAEF-5B9D-E063-4704A8C0331E}","125000","2024-11-22 00:00","PO30 4QP","O","N","F","PUMP COPSE","","PUMP LANE","CALBOURNE","NEWPORT","ISLE OF WIGHT","ISLE OF WIGHT","B","A"
"{3DCCB7CA-BAD9-5B9D-E063-4704A8C0331E}","190000","2024-09-13 00:00","PO33 2JE","O","N","L","97","","GEORGE STREET","","RYDE","ISLE OF WIGHT","ISLE OF WIGHT","B","A"
"{3DCCB7CA-BADC-5B9D-E063-4704A8C0331E}","60000","2024-10-04 00:00","PO36 8QP","O","N","L","49","","SANDOWN BAY HOLIDAY CENTRE","","SANDOWN","ISLE OF WIGHT","ISLE OF WIGHT","B","A"
"{3DCCB7CA-BAEE-5B9D-E063-4704A8C0331E}","100000","2024-11-21 00:00","PO33 2FR","F","N","L","KEATS HOUSE, 38","FLAT 3","UNION ROAD","","RYDE","ISLE OF WIGHT","ISLE OF WIGHT","B","A"
"{3DCCB7CA-046B-5B9D-E063-4704A8C0331E}","247000","2024-10-30 00:00","PO36 8BA","S","N","F","23","","FORT STREET","","SANDOWN","ISLE OF WIGHT","ISLE OF WIGHT","A","A"
"{3DCCB7CA-04B0-5B9D-E063-4704A8C0331E}","177500","2024-08-09 00:00","PO36 8DQ","F","N","L","LAVINIA COURT, 37","FLAT 6","CARTER STREET","","SANDOWN","ISLE OF WIGHT","ISLE OF WIGHT","A","A"
"{3DCCB7CA-045B-5B9D-E063-4704A8C0331E}","550000","2024-10-22 00:00","PO31 7QY","D","N","F","MONTPELIER COTTAGE","","CASTLE ROAD","","COWES","ISLE OF WIGHT","ISLE OF WIGHT","A","A"
"{3DCCB7CA-0465-5B9D-E063-4704A8C0331E}","285000","2024-10-14 00:00","PO31 7UQ","S","N","F","62","","SEAVIEW ROAD","","COWES","ISLE OF WIGHT","ISLE OF WIGHT","A","A"
"{3DCCB7CA-0492-5B9D-E063-4704A8C0331E}","525000","2024-10-25 00:00","PO40 9PU","D","N","F","EVENTIDE","","VICTORIA ROAD","","FRESHWATER","ISLE OF WIGHT","ISLE OF WIGHT","A","A"
"{3DCCB7CA-04B5-5B9D-E063-4704A8C0331E}","167000","2024-10-15 00:00","PO36 0PS","F","N","L","ROSE COURT","FLAT 9","WOODS DRIVE","APSE HEATH","SANDOWN","ISLE OF WIGHT","ISLE OF WIGHT","A","A"
"{3DCCB7CA-04B7-5B9D-E063-4704A8C0331E}","120000","2024-08-09 00:00","PO32 6TE","F","N","L","172","FLAT 9","YORK AVENUE","","EAST COWES","ISLE OF WIGHT","ISLE OF WIGHT","A","A"
"{3DCCB7CA-04B8-5B9D-E063-4704A8C0331E}","110000","2024-08-07 00:00","PO30 5HE","F","N","L","STAR COURT, 11E","FLAT 5","ST JAMES STREET","","NEWPORT","ISLE OF WIGHT","ISLE OF WIGHT","A","A"
"{3DCCB7CA-04B9-5B9D-E063-4704A8C0331E}","125000","2024-08-20 00:00","PO32 6TE","F","N","L","172","FLAT 7","YORK AVENUE","","EAST COWES","ISLE OF WIGHT","ISLE OF WIGHT","A","A"
"{3DCCB7CA-04BA-5B9D-E063-4704A8C0331E}","245000","2024-09-19 00:00","PO36 8AL","F","N","L","LITTLEDENE, 30","FLAT 2","VICTORIA ROAD","","SANDOWN","ISLE OF WIGHT","ISLE OF WIGHT","A","A"
"{3DCCB7CA-04BB-5B9D-E063-4704A8C0331E}","297500","2024-09-20 00:00","PO38 3DW","S","N","F","REW VIEW COTTAGES","3","REW LANE","WROXALL","VENTNOR","ISLE OF WIGHT","ISLE OF WIGHT","A","A"
"{3DCCB7CA-04BC-5B9D-E063-4704A8C0331E}","195000","2024-08-22 00:00","PO30 5NW","S","N","F","9","","WOOLCOMBE ROAD","","NEWPORT","ISLE OF WIGHT","ISLE OF WIGHT","A","A"
"{3DCCB7CA-04BD-5B9D-E063-4704A8C0331E}","325000","2024-09-24 00:00","PO30 1AY","S","N","F","CASTLE VIEW","1","CLATTERFORD ROAD","","NEWPORT","ISLE OF WIGHT","ISLE OF WIGHT","A","A"
"{3DCCB7CA-04BE-5B9D-E063-4704A8C0331E}","300000","2024-10-08 00:00","PO38 3DW","S","N","F","REW VIEW COTTAGES","4","REW LANE","WROXALL","VENTNOR","ISLE OF WIGHT","ISLE OF WIGHT","A","A"
"{3DCCB7CA-04BF-5B9D-E063-4704A8C0331E}","250000","2024-09-18 00:00","PO36 9EL","D","N","F","43","","FAIRVIEW CRESCENT","LAKE","SANDOWN","ISLE OF WIGHT","ISLE OF WIGHT","A","A"
"{3DCCB7CA-04C0-5B9D-E063-4704A8C0331E}","360000","2024-09-27 00:00","PO30 1SU","D","N","F","89","","CLATTERFORD ROAD","","NEWPORT","ISLE OF WIGHT","ISLE OF WIGHT","A","A"
"{3DCCB7CA-04C2-5B9D-E063-4704A8C0331E}","200000","2024-10-10 00:00","PO36 8AA","F","N","L","SEAHAVEN, 23","FLAT 5","CARTER STREET","","SANDOWN","ISLE OF WIGHT","ISLE OF WIGHT","A","A"
"{3DCCB7CA-04C3-5B9D-E063-4704A8C0331E}","197500","2024-10-04 00:00","PO36 8AA","F","N","L","SEAHAVEN, 23","FLAT 11","CARTER STREET","","SANDOWN","ISLE OF WIGHT","ISLE OF WIGHT","A","A"
"{3DCCB7CA-04C4-5B9D-E063-4704A8C0331E}","230000","2024-10-04 00:00","PO30 2HD","D","N","F","26","","ST PAULS VIEW ROAD","","NEWPORT","ISLE OF WIGHT","ISLE OF WIGHT","A","A"
"{3DCCB7CA-04C5-5B9D-E063-4704A8C0331E}","165000","2024-10-21 00:00","PO30 1PA","S","N","F","38","","CLATTERFORD ROAD","","NEWPORT","ISLE OF WIGHT","ISLE OF WIGHT","A","A"
"{3DCCB7CA-04C6-5B9D-E063-4704A8C0331E}","290000","2024-10-29 00:00","PO31 8PL","S","N","F","370","","NEWPORT ROAD","","COWES","ISLE OF WIGHT","ISLE OF WIGHT","A","A"
"{3DCCB7CA-04C7-5B9D-E063-4704A8C0331E}","175000","2024-10-31 00:00","PO33 2TH","S","N","L","25","","OSBORNE ROAD","","RYDE","ISLE OF WIGHT","ISLE OF WIGHT","A","A"
"{3DCCB7CA-04C8-5B9D-E063-4704A8C0331E}","160000","2024-10-30 00:00","PO40 9LF","S","N","F","65","","GOLDEN RIDGE","","FRESHWATER","ISLE OF WIGHT","ISLE OF WIGHT","A","A"
"{3DCCB7CA-04C9-5B9D-E063-4704A8C0331E}","150000","2024-10-11 00:00","PO36 8AA","F","N","L","SEAHAVEN, 23","FLAT 4","CARTER STREET","","SANDOWN","ISLE OF WIGHT","ISLE OF WIGHT","A","A"
"{3DCCB7CA-04CA-5B9D-E063-4704A8C0331E}","252000","2024-10-30 00:00","PO40 9DD","D","N","F","14","","REDLAKE ROAD","","FRESHWATER","ISLE OF WIGHT","ISLE OF WIGHT","A","A"
"{3DCCB7CA-04CB-5B9D-E063-4704A8C0331E}","287000","2024-10-11 00:00","PO30 5RA","D","N","F","42","","HINTON ROAD","","NEWPORT","ISLE OF WIGHT","ISLE OF WIGHT","A","A"
"{3DCCB7CA-04CC-5B9D-E063-4704A8C0331E}","775000","2024-11-01 00:00","PO30 5QN","S","N","F","GREEN PARK FARMHOUSE","","FOREST ROAD","","NEWPORT","ISLE OF WIGHT","ISLE OF WIGHT","A","A"
"{3DCCB7CA-04CD-5B9D-E063-4704A8C0331E}","295000","2024-11-08 00:00","PO36 8AA","F","N","L","SEAHAVEN, 23","FLAT 2","CARTER STREET","","SANDOWN","ISLE OF WIGHT","ISLE OF WIGHT","A","A"
"{3DCCB7CA-04CE-5B9D-E063-4704A8C0331E}","285000","2024-10-31 00:00","PO36 8AA","F","N","L","SEAHAVEN, 23","FLAT 1","CARTER STREET","","SANDOWN","ISLE OF WIGHT","ISLE OF WIGHT","A","A"
"{3DCCB7CA-04D0-5B9D-E063-4704A8C0331E}","300000","2024-12-19 00:00","PO38 3DW","S","N","F","REW VIEW COTTAGES","2","REW LANE","WROXALL","VENTNOR","ISLE OF WIGHT","ISLE OF WIGHT","A","A"
"{3DCCB7CA-04D2-5B9D-E063-4704A8C0331E}","344000","2024-10-01 00:00","PO36 8AA","F","N","L","SEAHAVEN, 23","FLAT 13","CARTER STREET","","SANDOWN","ISLE OF WIGHT","ISLE OF WIGHT","A","A"
"{3DCCB7CA-0420-5B9D-E063-4704A8C0331E}","154000","2024-12-04 00:00","PO33 3BU","T","N","L","84","","ARTHUR STREET","","RYDE","ISLE OF WIGHT","ISLE OF WIGHT","A","A"
"{3DCCB7CA-0423-5B9D-E063-4704A8C0331E}","235000","2024-10-15 00:00","PO36 9DY","S","N","F","115","","PEROWNE WAY","","SANDOWN","ISLE OF WIGHT","ISLE OF WIGHT","A","A"
"{3DCCB7CA-042E-5B9D-E063-4704A8C0331E}","225000","2024-10-04 00:00","PO36 8DZ","S","N","F","119","","AVENUE ROAD","","SANDOWN","ISLE OF WIGHT","ISLE OF WIGHT","A","A"
"{3DCCB7CA-0437-5B9D-E063-4704A8C0331E}","175000","2024-10-10 00:00","PO30 5HN","T","N","F","102","","HUNNYHILL","","NEWPORT","ISLE OF WIGHT","ISLE OF WIGHT","A","A"
"{3DCCB7CA-043A-5B9D-E063-4704A8C0331E}","391250","2024-12-13 00:00","PO35 5XZ","D","N","F","33","","MEADOW DRIVE","","BEMBRIDGE","ISLE OF WIGHT","ISLE OF WIGHT","A","A"
"{3DCCB7CA-0446-5B9D-E063-4704A8C0331E}","305000","2024-10-11 00:00","PO37 7BY","D","N","F","78","","WILTON PARK ROAD","","SHANKLIN","ISLE OF WIGHT","ISLE OF WIGHT","A","A"
"{3DCCB7CA-0447-5B9D-E063-4704A8C0331E}","215000","2024-12-06 00:00","PO33 3EA","S","N","L","15","","WILLIAM STREET","","RYDE","ISLE OF WIGHT","ISLE OF WIGHT","A","A"
"{3DCCB7CA-0452-5B9D-E063-4704A8C0331E}","220000","2024-11-22 00:00","PO30 1HN","S","N","F","4","","HEATH CLOSE","","NEWPORT","ISLE OF WIGHT","ISLE OF WIGHT","A","A"
"{3DCCB7CA-0459-5B9D-E063-4704A8C0331E}","320000","2024-09-06 00:00","PO36 9PQ","D","N","F","9","","WHITECROSS FARM LANE","LAKE","SANDOWN","ISLE OF WIGHT","ISLE OF WIGHT","A","A"
"{1C3E72FF-02D1-F410-E063-4804A8C0DFA6}","234000","2024-05-24 00:00","PO30 1EW","O","N","F","37B","","CLARENCE ROAD","","NEWPORT","ISLE OF WIGHT","ISLE OF WIGHT","B","C"
"{1C3E72FE-39FF-F410-E063-4804A8C0DFA6}","54000","2024-01-25 00:00","PO36 8QP","F","N","L","SANDOWN BAY HOLIDAY CENTRE","2","YAVERLAND ROAD","","SANDOWN","ISLE OF WIGHT","ISLE OF WIGHT","A","C"
"{2ACACE8C-EA25-295E-E063-4804A8C0B0EB}","300000","2024-12-16 00:00","PO30 1NZ","D","N","F","76","","CLATTERFORD ROAD","","NEWPORT","ISLE OF WIGHT","ISLE OF WIGHT","A","C"
"{12A8BAB6-F76E-2125-E063-4804A8C08CC1}","60000","2024-01-12 00:00","PO36 8QP","O","N","L","SANDOWN BAY HOLIDAY CENTRE","CHALET 46","YAVERLAND ROAD","","SANDOWN","ISLE OF WIGHT","ISLE OF WIGHT","B","C"
"{36A61A95-4C03-DEF2-E063-4704A8C046AE}","58000","2024-11-15 00:00","PO36 8QP","O","N","L","SANDOWN BAY HOLIDAY CENTRE","CHALET 54","YAVERLAND ROAD","","SANDOWN","ISLE OF WIGHT","ISLE OF WIGHT","B","C"
"{2859C1AC-F12F-52B4-E063-4804A8C05948}","90000","2024-11-19 00:00","PO36 8LP","F","N","L","1","FLAT 3","ROYAL STREET","","SANDOWN","ISLE OF WIGHT","ISLE OF WIGHT","B","D"
"{2859C1AC-F137-52B4-E063-4804A8C05948}","525000","2024-10-25 00:00","PO40 9PU","D","N","F","EVENTIDE","","VICTORIA ROAD","","FRESHWATER","ISLE OF WIGHT","ISLE OF WIGHT","B","D"
"{25E9DA81-D9A7-555E-E063-4704A8C066F2}","175000","2024-10-10 00:00","PO30 5HN","T","N","F","102","","HUNNYHILL","","NEWPORT","ISLE OF WIGHT","ISLE OF WIGHT","B","D"
"{25E9DA81-D9B0-555E-E063-4704A8C066F2}","550000","2024-10-22 00:00","PO31 7QY","D","N","F","MONTPELIER COTTAGE","","CASTLE ROAD","","COWES","ISLE OF WIGHT","ISLE OF WIGHT","B","D"
"{3DCCB7CA-BAC7-5B9D-E063-4704A8C0331E}","145000","2025-07-07 00:00","PO38 1PU","S","N","F","119","","LEESON ROAD","BONCHURCH","VENTNOR","ISLE OF WIGHT","ISLE OF WIGHT","B","A"
"{3DCCB7CA-BAC8-5B9D-E063-4704A8C0331E}","550000","2025-05-29 00:00","PO33 4JH","O","N","F","LODGE PARK","","LOWER WOODSIDE ROAD","WOOTTON BRIDGE","RYDE","ISLE OF WIGHT","ISLE OF WIGHT","B","A"
"{3DCCB7CA-BACC-5B9D-E063-4704A8C0331E}","160000","2025-06-25 00:00","PO32 6DU","T","N","F","12","","ORCHARD ROAD","","EAST COWES","ISLE OF WIGHT","ISLE OF WIGHT","B","A"
"{3DCCB7CA-BACD-5B9D-E063-4704A8C0331E}","1500000","2025-05-02 00:00","PO30 5QJ","O","N","F","SNOWS","","FOREST ROAD","","NEWPORT","ISLE OF WIGHT","ISLE OF WIGHT","B","A"
"{3DCCB7CA-BAD3-5B9D-E063-4704A8C0331E}","410000","2025-03-25 00:00","PO30 5RT","O","N","F","8","","REDWOOD CLOSE","","NEWPORT","ISLE OF WIGHT","ISLE OF WIGHT","B","A"
"{3DCCB7CA-BAD5-5B9D-E063-4704A8C0331E}","1500000","2025-05-02 00:00","PO30 5QJ","O","N","F","KINGS LANDROVER","","FOREST ROAD","","NEWPORT","ISLE OF WIGHT","ISLE OF WIGHT","B","A"
"{3DCCB7CA-BADA-5B9D-E063-4704A8C0331E}","135000","2025-07-25 00:00","PO33 2AR","F","N","L","WYDFORD HOUSE, 23","FLAT 5","BELLEVUE ROAD","","RYDE","ISLE OF WIGHT","ISLE OF WIGHT","B","A"
"{3DCCB7CA-BADB-5B9D-E063-4704A8C0331E}","137500","2025-02-25 00:00","PO39 0BE","O","N","F","NEEDLES STATION","","LANES END","","TOTLAND BAY","ISLE OF WIGHT","ISLE OF WIGHT","B","A"
"{3DCCB7CA-BADD-5B9D-E063-4704A8C0331E}","261000","2025-03-25 00:00","PO30 3LN","O","N","F","SHORWELL METHODIST CHURCH","","SANDY WAY","SHORWELL","NEWPORT","ISLE OF WIGHT","ISLE OF WIGHT","B","A"
"{3DCCB7CA-BADE-5B9D-E063-4704A8C0331E}","50000","2025-07-30 00:00","","O","N","F","NURSERY","LAND FORMING PART OF","SHANKLIN ROAD","GODSHILL","VENTNOR","ISLE OF WIGHT","ISLE OF WIGHT","B","A"
"{3DCCB7CA-BADF-5B9D-E063-4704A8C0331E}","195000","2025-08-14 00:00","PO31 7XB","O","N","L","BRUNSWICK COURT","FLAT 12","MEDINA ROAD","","COWES","ISLE OF WIGHT","ISLE OF WIGHT","B","A"
"{3DCCB7CA-BAE0-5B9D-E063-4704A8C0331E}","625000","2025-08-15 00:00","PO36 0JZ","D","N","F","65","","FOREST ROAD","WINFORD","SANDOWN","ISLE OF WIGHT","ISLE OF WIGHT","B","A"
"{3DCCB7CA-BAE2-5B9D-E063-4704A8C0331E}","67500","2025-07-09 00:00","PO33 2RJ","F","N","L","63","FLAT A","HIGH STREET","","RYDE","ISLE OF WIGHT","ISLE OF WIGHT","B","A"
"{3DCCB7CA-BAEA-5B9D-E063-4704A8C0331E}","110000","2025-08-01 00:00","PO31 8RS","S","N","L","253","","GURNARD PINES","GURNARD","COWES","ISLE OF WIGHT","ISLE OF WIGHT","B","A"
"{3DCCB7CA-BAEB-5B9D-E063-4704A8C0331E}","80000","2025-08-07 00:00","PO33 2QT","T","N","L","21","","GREEN STREET","","RYDE","ISLE OF WIGHT","ISLE OF WIGHT","B","A"
"{3DCCB7CA-BAF0-5B9D-E063-4704A8C0331E}","162500","2025-03-20 00:00","PO34 5EE","S","N","F","12","","EDDINGTON ROAD","","SEAVIEW","ISLE OF WIGHT","ISLE OF WIGHT","B","A"
"{3DCCB7CA-BAF1-5B9D-E063-4704A8C0331E}","18000","2025-03-10 00:00","PO30 5ES","O","N","F","QUARRY VIEW COURT","FLAT 1","QUARRY VIEW","CAMP HILL","NEWPORT","ISLE OF WIGHT","ISLE OF WIGHT","B","A"
"{3DCCB7C9-FC3C-5B9D-E063-4704A8C0331E}","310000","2025-08-01 00:00","PO30 2LL","D","N","F","7","","COOK AVENUE","","NEWPORT","ISLE OF WIGHT","ISLE OF WIGHT","A","A"
"{3DCCB7C9-FC3E-5B9D-E063-4704A8C0331E}","152640","2025-08-11 00:00","PO35 5TN","D","N","F","2","","BEACHFIELD ROAD","","BEMBRIDGE","ISLE OF WIGHT","ISLE OF WIGHT","A","A"
"{3DCCB7C9-FA3F-5B9D-E063-4704A8C0331E}","295000","2025-07-11 00:00","PO34 5JB","D","N","F","2","","ORCHARD ROAD","","SEAVIEW","ISLE OF WIGHT","ISLE OF WIGHT","A","A"
"{3DCCB7CA-0417-5B9D-E063-4704A8C0331E}","210000","2025-07-25 00:00","PO32 6HU","S","N","F","15","","MEADOW ROAD","","EAST COWES","ISLE OF WIGHT","ISLE OF WIGHT","A","A"
"{3DCCB7CA-0418-5B9D-E063-4704A8C0331E}","427500","2025-07-25 00:00","PO38 2HD","S","N","F","CHALE ABBEY FARM COTTAGE","","UPPER HOUSE LANE","CHALE","VENTNOR","ISLE OF WIGHT","ISLE OF WIGHT","A","A"
"{3DCCB7CA-0419-5B9D-E063-4704A8C0331E}","435000","2025-07-18 00:00","PO31 8LW","D","N","F","40","","PALLANCE ROAD","NORTHWOOD","COWES","ISLE OF WIGHT","ISLE OF WIGHT","A","A"
"{3DCCB7CA-041A-5B9D-E063-4704A8C0331E}","190000","2025-07-31 00:00","PO30 5JR","T","N","F","15","","ARTHUR MOODY DRIVE","","NEWPORT","ISLE OF WIGHT","ISLE OF WIGHT","A","A"
"{3DCCB7CA-041B-5B9D-E063-4704A8C0331E}","249000","2025-07-29 00:00","PO31 7ST","T","N","F","76","","ST MARYS ROAD","","COWES","ISLE OF WIGHT","ISLE OF WIGHT","A","A"
"{3DCCB7CA-041C-5B9D-E063-4704A8C0331E}","433493","2025-08-20 00:00","PO41 0RN","D","N","F","4","","BRAXTON MEADOW","NORTON","YARMOUTH","ISLE OF WIGHT","ISLE OF WIGHT","A","A"
"{3DCCB7CA-041D-5B9D-E063-4704A8C0331E}","215000","2025-07-25 00:00","PO33 3QZ","S","N","F","16","","HAMILTON ROAD","","RYDE","ISLE OF WIGHT","ISLE OF WIGHT","A","A"
"{3DCCB7CA-041E-5B9D-E063-4704A8C0331E}","450000","2025-08-12 00:00","PO35 5TP","S","N","F","LEDGE VIEW, 14","","FORELANDS FIELD ROAD","","BEMBRIDGE","ISLE OF WIGHT","ISLE OF WIGHT","A","A"
"{3DCCB7CA-041F-5B9D-E063-4704A8C0331E}","220000","2025-06-27 00:00","PO30 2HN","T","N","F","6B","","ROYAL EXCHANGE","","NEWPORT","ISLE OF WIGHT","ISLE OF WIGHT","A","A"
"{3DCCB7CA-0421-5B9D-E063-4704A8C0331E}","200000","2025-07-11 00:00","PO32 6EF","T","N","F","47","","ST DAVIDS ROAD","","EAST COWES","ISLE OF WIGHT","ISLE OF WIGHT","A","A"
"{3DCCB7CA-0422-5B9D-E063-4704A8C0331E}","265000","2025-06-10 00:00","PO36 9HU","S","N","F","9","","ALFRED ROAD","","SANDOWN","ISLE OF WIGHT","ISLE OF WIGHT","A","A"
"{3DCCB7CA-0424-5B9D-E063-4704A8C0331E}","430000","2025-03-25 00:00","PO41 0RN","D","N","F","12","","BRAXTON MEADOW","NORTON","YARMOUTH","ISLE OF WIGHT","ISLE OF WIGHT","A","A"
"{3DCCB7CA-0426-5B9D-E063-4704A8C0331E}","188000","2025-07-02 00:00","PO30 1RA","T","N","F","3","","CANBERRA TERRACE","","NEWPORT","ISLE OF WIGHT","ISLE OF WIGHT","A","A"
"{3DCCB7CA-0427-5B9D-E063-4704A8C0331E}","302500","2025-06-30 00:00","PO31 7PP","S","N","F","23","","STEPHENSON ROAD","","COWES","ISLE OF WIGHT","ISLE OF WIGHT","A","A"
"{3DCCB7CA-0428-5B9D-E063-4704A8C0331E}","355000","2025-08-05 00:00","PO40 9PZ","S","N","F","2","","GUYERS ROAD","","FRESHWATER","ISLE OF WIGHT","ISLE OF WIGHT","A","A"
"{3DCCB7CA-0429-5B9D-E063-4704A8C0331E}","415000","2025-08-11 00:00","PO36 9PQ","D","N","F","THE SWALLOWS","","WHITECROSS FARM LANE","LAKE","SANDOWN","ISLE OF WIGHT","ISLE OF WIGHT","A","A"
"{3DCCB7CA-042A-5B9D-E063-4704A8C0331E}","330000","2025-03-27 00:00","PO33 4JF","D","N","F","22","","WHITEHEAD CRESCENT","WOOTTON BRIDGE","RYDE","ISLE OF WIGHT","ISLE OF WIGHT","A","A"
"{3DCCB7CA-042B-5B9D-E063-4704A8C0331E}","725000","2025-08-26 00:00","PO38 1JH","D","N","F","LINDUM","","BELGRAVE ROAD","","VENTNOR","ISLE OF WIGHT","ISLE OF WIGHT","A","A"
"{3DCCB7CA-042C-5B9D-E063-4704A8C0331E}","270000","2025-05-23 00:00","PO30 1RE","S","N","F","23","","NELSON ROAD","","NEWPORT","ISLE OF WIGHT","ISLE OF WIGHT","A","A"
"{3DCCB7CA-042D-5B9D-E063-4704A8C0331E}","420000","2025-03-05 00:00","PO38 1RG","D","N","F","CRESTWOOD","","BONCHURCH VILLAGE ROAD","","VENTNOR","ISLE OF WIGHT","ISLE OF WIGHT","A","A"
"{3DCCB7CA-042F-5B9D-E063-4704A8C0331E}","145000","2025-07-11 00:00","PO30 1QQ","T","N","F","10","","PORTLAND STREET","","NEWPORT","ISLE OF WIGHT","ISLE OF WIGHT","A","A"
"{3DCCB7CA-0430-5B9D-E063-4704A8C0331E}","80000","2025-07-07 00:00","PO36 8LJ","F","N","L","WHITETHORN COURT, 9A","FLAT 2","ROYAL STREET","","SANDOWN","ISLE OF WIGHT","ISLE OF WIGHT","A","A"
"{3DCCB7CA-0431-5B9D-E063-4704A8C0331E}","250000","2025-08-15 00:00","PO33 2RP","D","N","L","40","","ST JOHNS ROAD","","RYDE","ISLE OF WIGHT","ISLE OF WIGHT","A","A"
"{3DCCB7CA-0432-5B9D-E063-4704A8C0331E}","125000","2025-07-31 00:00","PO33 1LN","F","N","L","THE CEDARS, 50","FLAT 11","WEST HILL ROAD","","RYDE","ISLE OF WIGHT","ISLE OF WIGHT","A","A"
"{3DCCB7CA-0433-5B9D-E063-4704A8C0331E}","142000","2025-07-31 00:00","PO33 2SF","T","N","L","30","","PRINCE STREET","","RYDE","ISLE OF WIGHT","ISLE OF WIGHT","A","A"
"{3DCCB7CA-0434-5B9D-E063-4704A8C0331E}","380000","2025-08-08 00:00","PO30 4NL","S","N","F","DELPHIS","","STATION ROAD","NINGWOOD","NEWPORT","ISLE OF WIGHT","ISLE OF WIGHT","A","A"
"{3DCCB7CA-0435-5B9D-E063-4704A8C0331E}","190000","2025-07-07 00:00","PO30 1RN","D","N","F","79B","","ELM GROVE","","NEWPORT","ISLE OF WIGHT","ISLE OF WIGHT","A","A"
"{3DCCB7CA-0436-5B9D-E063-4704A8C0331E}","245000","2025-07-28 00:00","PO36 9HG","S","N","F","23","","MEDEWAY","","SANDOWN","ISLE OF WIGHT","ISLE OF WIGHT","A","A"
"{3DCCB7CA-0438-5B9D-E063-4704A8C0331E}","735000","2025-03-28 00:00","PO31 7QZ","S","N","F","27","","CASTLE ROAD","","COWES","ISLE OF WIGHT","ISLE OF WIGHT","A","A"
"{3DCCB7CA-0439-5B9D-E063-4704A8C0331E}","290000","2025-07-21 00:00","PO33 1BU","T","N","L","5","","SOMERSET ROAD","","RYDE","ISLE OF WIGHT","ISLE OF WIGHT","A","A"
"{3DCCB7C9-FCA8-5B9D-E063-4704A8C0331E}","230000","2025-08-18 00:00","PO31 8HD","S","N","F","9","","THE GREEN","","COWES","ISLE OF WIGHT","ISLE OF WIGHT","A","A"
"{3DCCB7CA-043E-5B9D-E063-4704A8C0331E}","94000","2025-07-23 00:00","PO30 2EU","T","N","F","38","","GORDON ROAD","","NEWPORT","ISLE OF WIGHT","ISLE OF WIGHT","A","A"
"{3DCCB7CA-043B-5B9D-E063-4704A8C0331E}","136875","2025-07-29 00:00","PO33 4LB","D","N","F","5","","BARGE LANE","WOOTTON BRIDGE","RYDE","ISLE OF WIGHT","ISLE OF WIGHT","A","A"
"{3DCCB7CA-043C-5B9D-E063-4704A8C0331E}","365000","2025-03-24 00:00","PO30 4DL","D","N","F","DOWNSVIEW","","MOOR LANE","BRIGHSTONE","NEWPORT","ISLE OF WIGHT","ISLE OF WIGHT","A","A"
"{3DCCB7CA-043D-5B9D-E063-4704A8C0331E}","273500","2025-07-30 00:00","PO31 7NJ","D","N","F","157","","PARK ROAD","","COWES","ISLE OF WIGHT","ISLE OF WIGHT","A","A"
"{3DCCB7CA-043F-5B9D-E063-4704A8C0331E}","775000","2025-07-28 00:00","PO36 8QB","D","N","F","LITTLE ELM","","YAVERLAND ROAD","","SANDOWN","ISLE OF WIGHT","ISLE OF WIGHT","A","A"
"{3DCCB7CA-0440-5B9D-E063-4704A8C0331E}","550000","2025-08-07 00:00","PO35 5YJ","D","N","F","4","","MEADOW CLOSE","","BEMBRIDGE","ISLE OF WIGHT","ISLE OF WIGHT","A","A"
"{3DCCB7CA-0441-5B9D-E063-4704A8C0331E}","180000","2025-07-07 00:00","PO30 2AQ","S","N","F","41","","ASH ROAD","","NEWPORT","ISLE OF WIGHT","ISLE OF WIGHT","A","A"
"{3DCCB7CA-0442-5B9D-E063-4704A8C0331E}","385000","2025-08-07 00:00","PO30 5FD","D","N","F","6","","HORNBEAM CLOSE","","NEWPORT","ISLE OF WIGHT","ISLE OF WIGHT","A","A"
"{3DCCB7CA-0443-5B9D-E063-4704A8C0331E}","135000","2025-08-07 00:00","PO31 8BT","F","N","L","BRIARY COURT","FLAT 23","EGYPT ESPLANADE","","COWES","ISLE OF WIGHT","ISLE OF WIGHT","A","A"
"{3DCCB7CA-0444-5B9D-E063-4704A8C0331E}","274000","2025-06-27 00:00","PO30 5TJ","S","N","F","89","","HORSEBRIDGE HILL","","NEWPORT","ISLE OF WIGHT","ISLE OF WIGHT","A","A"
"{3DCCB7CA-0445-5B9D-E063-4704A8C0331E}","522500","2025-07-08 00:00","PO37 6QB","D","N","F","SWEET BRIAR","","WESTHILL ROAD","","SHANKLIN","ISLE OF WIGHT","ISLE OF WIGHT","A","A"
"{3DCCB7CA-0448-5B9D-E063-4704A8C0331E}","400000","2025-07-16 00:00","PO39 0HH","D","N","F","SUMMERS WELL","","WINDMILL LANE","","TOTLAND BAY","ISLE OF WIGHT","ISLE OF WIGHT","A","A"
"{3DCCB7CA-0449-5B9D-E063-4704A8C0331E}","230000","2025-08-01 00:00","PO33 3EP","S","N","L","3","","BETTESWORTH ROAD","","RYDE","ISLE OF WIGHT","ISLE OF WIGHT","A","A"
"{3DCCB7CA-044A-5B9D-E063-4704A8C0331E}","399950","2025-03-13 00:00","PO37 6DQ","S","N","F","31","","QUEENS ROAD","","SHANKLIN","ISLE OF WIGHT","ISLE OF WIGHT","A","A"
"{3DCCB7CA-044B-5B9D-E063-4704A8C0331E}","155000","2025-08-08 00:00","PO37 6AD","F","N","L","SHANKLIN TOWERS","FLAT 38","PROSPECT ROAD","","SHANKLIN","ISLE OF WIGHT","ISLE OF WIGHT","A","A"
"{3DCCB7CA-044C-5B9D-E063-4704A8C0331E}","228500","2025-07-25 00:00","PO33 3XB","T","N","F","4","","BIRCH GARDENS","BINSTEAD","RYDE","ISLE OF WIGHT","ISLE OF WIGHT","A","A"
"{3DCCB7CA-044D-5B9D-E063-4704A8C0331E}","292500","2025-08-18 00:00","PO36 9QQ","D","N","F","12","","SANDHAM GARDENS","","SANDOWN","ISLE OF WIGHT","ISLE OF WIGHT","A","A"
"{3DCCB7CA-044E-5B9D-E063-4704A8C0331E}","350000","2025-08-11 00:00","PO40 9PT","D","N","F","WIGHTSTONE","","EVERARD CLOSE","","FRESHWATER","ISLE OF WIGHT","ISLE OF WIGHT","A","A"
"{3DCCB7CA-044F-5B9D-E063-4704A8C0331E}","195000","2025-07-24 00:00","PO37 7AQ","S","N","L","21","","SPRING GARDENS","","SHANKLIN","ISLE OF WIGHT","ISLE OF WIGHT","A","A"
"{3DCCB7CA-0450-5B9D-E063-4704A8C0331E}","490000","2025-07-25 00:00","PO41 0NU","D","N","F","WINDWARD","","ST JAMES STREET","","YARMOUTH","ISLE OF WIGHT","ISLE OF WIGHT","A","A"
"{3DCCB7CA-0451-5B9D-E063-4704A8C0331E}","390000","2025-08-06 00:00","PO36 9NP","D","N","F","2","","CHELSFIELD AVENUE","LAKE","SANDOWN","ISLE OF WIGHT","ISLE OF WIGHT","A","A"
"{3DCCB7CA-0453-5B9D-E063-4704A8C0331E}","305000","2025-07-17 00:00","PO32 6HA","D","N","F","92","","CLARENCE ROAD","","EAST COWES","ISLE OF WIGHT","ISLE OF WIGHT","A","A"
"{3DCCB7CA-0454-5B9D-E063-4704A8C0331E}","520000","2025-08-15 00:00","PO36 0JX","D","N","F","MEADE VIEW","","WINFORD ROAD","WINFORD","SANDOWN","ISLE OF WIGHT","ISLE OF WIGHT","A","A"
"{3DCCB7CA-0455-5B9D-E063-4704A8C0331E}","812000","2025-07-09 00:00","PO35 5SU","D","N","F","FAIRHAVEN","","LANE END ROAD","","BEMBRIDGE","ISLE OF WIGHT","ISLE OF WIGHT","A","A"
"{3DCCB7CA-0456-5B9D-E063-4704A8C0331E}","373000","2025-03-11 00:00","PO38 1UE","D","N","F","14","","CASTLE COURT","","VENTNOR","ISLE OF WIGHT","ISLE OF WIGHT","A","A"
"{3DCCB7CA-0457-5B9D-E063-4704A8C0331E}","375000","2025-08-08 00:00","PO40 9PU","S","N","F","ARNEWOOD","","VICTORIA ROAD","","FRESHWATER","ISLE OF WIGHT","ISLE OF WIGHT","A","A"
"{3DCCB7CA-0458-5B9D-E063-4704A8C0331E}","555000","2025-07-30 00:00","PO34 5HW","D","N","F","PATRIA","","SEAGROVE MANOR ROAD","","SEAVIEW","ISLE OF WIGHT","ISLE OF WIGHT","A","A"
"{3DCCB7CA-045A-5B9D-E063-4704A8C0331E}","206500","2025-07-18 00:00","PO32 6EN","S","N","F","11","","ROSETTA DRIVE","","EAST COWES","ISLE OF WIGHT","ISLE OF WIGHT","A","A"
"{3DCCB7CA-045C-5B9D-E063-4704A8C0331E}","288000","2025-08-07 00:00","PO36 8NZ","S","N","F","25","","NEWCOMEN ROAD","","SANDOWN","ISLE OF WIGHT","ISLE OF WIGHT","A","A"
"{3DCCB7CA-045D-5B9D-E063-4704A8C0331E}","188950","2025-07-29 00:00","PO32 6SA","T","N","F","8","","ALFRED STREET","","EAST COWES","ISLE OF WIGHT","ISLE OF WIGHT","A","A"
"{3DCCB7CA-045E-5B9D-E063-4704A8C0331E}","172500","2025-01-24 00:00","PO30 2HR","T","N","F","11","","HIGHFIELD ROAD","","NEWPORT","ISLE OF WIGHT","ISLE OF WIGHT","A","A"
"{3DCCB7CA-045F-5B9D-E063-4704A8C0331E}","580000","2025-02-28 00:00","PO33 3AQ","D","N","F","7","","NORTHWOOD DRIVE","","RYDE","ISLE OF WIGHT","ISLE OF WIGHT","A","A"
"{3DCCB7CA-0460-5B9D-E063-4704A8C0331E}","243000","2025-03-21 00:00","PO30 5RW","T","N","F","18","","PRIORS WALK","","NEWPORT","ISLE OF WIGHT","ISLE OF WIGHT","A","A"
"{3DCCB7CA-0461-5B9D-E063-4704A8C0331E}","775000","2025-07-10 00:00","PO30 3AD","D","N","F","THE WILLOWS","","MAIN ROAD","ARRETON","NEWPORT","ISLE OF WIGHT","ISLE OF WIGHT","A","A"
"{3DCCB7C9-FA85-5B9D-E063-4704A8C0331E}","325000","2025-07-11 00:00","PO33 4NJ","D","N","F","20","","NORMAN WAY","WOOTTON BRIDGE","RYDE","ISLE OF WIGHT","ISLE OF WIGHT","A","A"
"{3DCCB7C9-FCD1-5B9D-E063-4704A8C0331E}","332000","2025-07-17 00:00","PO38 3BX","S","N","F","3","","MOUNTFIELD ROAD","WROXALL","VENTNOR","ISLE OF WIGHT","ISLE OF WIGHT","A","A"
"{3DCCB7C9-FCE2-5B9D-E063-4704A8C0331E}","380000","2025-07-30 00:00","PO30 4AS","D","N","F","13","","HOLLIS DRIVE","BRIGHSTONE","NEWPORT","ISLE OF WIGHT","ISLE OF WIGHT","A","A"
"{3DCCB7CA-0466-5B9D-E063-4704A8C0331E}","544000","2025-06-27 00:00","PO33 4EP","D","N","F","3","","ABBOTS CLOSE","BINSTEAD","RYDE","ISLE OF WIGHT","ISLE OF WIGHT","A","A"
"{3DCCB7CA-0462-5B9D-E063-4704A8C0331E}","215000","2025-08-13 00:00","PO33 1HL","S","N","F","56","","ST JOHNS WOOD ROAD","","RYDE","ISLE OF WIGHT","ISLE OF WIGHT","A","A"
"{3DCCB7CA-0463-5B9D-E063-4704A8C0331E}","320000","2025-08-07 00:00","PO31 7UJ","S","N","F","17","","ROGERSON CLOSE","","COWES","ISLE OF WIGHT","ISLE OF WIGHT","A","A"
"{3DCCB7CA-0464-5B9D-E063-4704A8C0331E}","220000","2025-08-08 00:00","PO38 1NG","T","N","F","40","","SOUTH STREET","","VENTNOR","ISLE OF WIGHT","ISLE OF WIGHT","A","A"
"{3DCCB7CA-0467-5B9D-E063-4704A8C0331E}","170000","2025-07-28 00:00","PO30 5NY","T","N","F","21","","ALVINGTON MANOR VIEW","","NEWPORT","ISLE OF WIGHT","ISLE OF WIGHT","A","A"
"{3DCCB7CA-0468-5B9D-E063-4704A8C0331E}","170000","2025-08-11 00:00","PO39 0EJ","F","N","L","HURST VIEW","FLAT 3","EDEN ROAD","","TOTLAND BAY","ISLE OF WIGHT","ISLE OF WIGHT","A","A"
"{3DCCB7CA-0469-5B9D-E063-4704A8C0331E}","288500","2025-08-12 00:00","PO33 3PJ","T","N","F","JASMINE COTTAGE, 7","","HAWTHORN CLOSE","","RYDE","ISLE OF WIGHT","ISLE OF WIGHT","A","A"
"{3DCCB7CA-046A-5B9D-E063-4704A8C0331E}","150000","2025-07-25 00:00","PO38 1PU","D","N","F","111","","LEESON ROAD","BONCHURCH","VENTNOR","ISLE OF WIGHT","ISLE OF WIGHT","A","A"
"{3DCCB7CA-046C-5B9D-E063-4704A8C0331E}","545000","2025-07-10 00:00","PO33 4NA","D","N","F","32","","PALMERS ROAD","WOOTTON BRIDGE","RYDE","ISLE OF WIGHT","ISLE OF WIGHT","A","A"
"{3DCCB7CA-046D-5B9D-E063-4704A8C0331E}","325500","2025-07-28 00:00","PO30 1HA","S","N","F","41","","CYPRESS ROAD","","NEWPORT","ISLE OF WIGHT","ISLE OF WIGHT","A","A"
"{3DCCB7CA-046E-5B9D-E063-4704A8C0331E}","115000","2025-07-31 00:00","PO30 5JY","F","N","L","LANGTON COURT, 65","FLAT 4","CROCKER STREET","","NEWPORT","ISLE OF WIGHT","ISLE OF WIGHT","A","A"
"{3DCCB7CA-046F-5B9D-E063-4704A8C0331E}","310000","2025-08-15 00:00","PO31 7UN","S","N","F","105","","SEAVIEW ROAD","","COWES","ISLE OF WIGHT","ISLE OF WIGHT","A","A"
"{3DCCB7CA-0470-5B9D-E063-4704A8C0331E}","140000","2025-07-28 00:00","PO40 9FL","F","N","L","ST. ANDREWS COURT","2","ST ANDREWS WAY","","FRESHWATER","ISLE OF WIGHT","ISLE OF WIGHT","A","A"
"{3DCCB7CA-0471-5B9D-E063-4704A8C0331E}","245000","2025-08-26 00:00","PO31 7PJ","S","N","F","241","","ARCTIC ROAD","","COWES","ISLE OF WIGHT","ISLE OF WIGHT","A","A"
"{3DCCB7CA-0472-5B9D-E063-4704A8C0331E}","160000","2025-07-25 00:00","PO30 1UJ","T","N","F","87","","PYLE STREET","","NEWPORT","ISLE OF WIGHT","ISLE OF WIGHT","A","A"
"{3DCCB7CA-0473-5B9D-E063-4704A8C0331E}","183000","2025-06-13 00:00","PO31 8LR","F","N","L","WOODSIDE, 8","FLAT 5","WOODSIDE CLOSE","","COWES","ISLE OF WIGHT","ISLE OF WIGHT","A","A"
"{3DCCB7CA-0474-5B9D-E063-4704A8C0331E}","327500","2025-07-28 00:00","PO30 5EG","S","N","F","110","","SYLVAN DRIVE","","NEWPORT","ISLE OF WIGHT","ISLE OF WIGHT","A","A"
"{3DCCB7CA-0475-5B9D-E063-4704A8C0331E}","130000","2025-07-30 00:00","PO38 3BY","D","N","F","STAR COTTAGES, 6","","CLARENCE ROAD","WROXALL","VENTNOR","ISLE OF WIGHT","ISLE OF WIGHT","A","A"
"{3DCCB7CA-0476-5B9D-E063-4704A8C0331E}","155000","2025-08-01 00:00","PO37 7AA","T","N","L","18A","","REGENT STREET","","SHANKLIN","ISLE OF WIGHT","ISLE OF WIGHT","A","A"
"{3DCCB7CA-0477-5B9D-E063-4704A8C0331E}","152500","2025-07-04 00:00","PO41 0XE","F","N","L","32","","THE VINEYARD","BOULDNOR","YARMOUTH","ISLE OF WIGHT","ISLE OF WIGHT","A","A"
"{3DCCB7CA-0478-5B9D-E063-4704A8C0331E}","190000","2025-07-18 00:00","PO31 8BD","F","N","L","SHARON COURT","FLAT 10","QUEENS ROAD","","COWES","ISLE OF WIGHT","ISLE OF WIGHT","A","A"
"{3DCCB7CA-0479-5B9D-E063-4704A8C0331E}","595000","2025-02-26 00:00","PO33 4RG","D","N","F","THE ACORNS","4","STATION ROAD","WOOTTON BRIDGE","RYDE","ISLE OF WIGHT","ISLE OF WIGHT","A","A"
"{3DCCB7CA-047A-5B9D-E063-4704A8C0331E}","158000","2025-07-31 00:00","PO40 9FF","F","N","L","5","","BROOKSIDE CLOSE","","FRESHWATER","ISLE OF WIGHT","ISLE OF WIGHT","A","A"
"{3DCCB7CA-047C-5B9D-E063-4704A8C0331E}","295000","2025-07-25 00:00","PO33 1FH","T","N","F","11","","LONG ORCHARD","","RYDE","ISLE OF WIGHT","ISLE OF WIGHT","A","A"
"{3DCCB7CA-047D-5B9D-E063-4704A8C0331E}","318000","2025-08-19 00:00","PO36 9NH","D","N","F","35","","JAMES AVENUE","","SANDOWN","ISLE OF WIGHT","ISLE OF WIGHT","A","A"
"{3DCCB7CA-047E-5B9D-E063-4704A8C0331E}","190000","2025-08-15 00:00","PO31 7QJ","F","N","L","NUMBER ONE","FLAT 17","THE PARADE","","COWES","ISLE OF WIGHT","ISLE OF WIGHT","A","A"
"{3DCCB7CA-047F-5B9D-E063-4704A8C0331E}","177000","2025-07-18 00:00","PO30 5HL","T","N","F","51","","HUNNYHILL","","NEWPORT","ISLE OF WIGHT","ISLE OF WIGHT","A","A"
"{3DCCB7CA-0480-5B9D-E063-4704A8C0331E}","550000","2025-08-12 00:00","PO39 0AQ","D","N","F","56","","HURST POINT VIEW","","TOTLAND BAY","ISLE OF WIGHT","ISLE OF WIGHT","A","A"
"{3DCCB7CA-0481-5B9D-E063-4704A8C0331E}","125000","2025-07-17 00:00","PO30 5AB","F","N","L","4A","","DRILL HALL ROAD","","NEWPORT","ISLE OF WIGHT","ISLE OF WIGHT","A","A"
"{3DCCB7CA-0482-5B9D-E063-4704A8C0331E}","185000","2025-07-15 00:00","PO33 1DX","S","N","F","13","","LOWER HIGHLAND ROAD","","RYDE","ISLE OF WIGHT","ISLE OF WIGHT","A","A"
"{3DCCB7CA-0483-5B9D-E063-4704A8C0331E}","150000","2025-03-28 00:00","PO31 8HD","F","N","L","49","","THE GREEN","","COWES","ISLE OF WIGHT","ISLE OF WIGHT","A","A"
"{3DCCB7CA-0484-5B9D-E063-4704A8C0331E}","90000","2025-08-08 00:00","PO30 5PW","F","N","L","MEDINA COURT","47","OLD WESTMINSTER LANE","","NEWPORT","ISLE OF WIGHT","ISLE OF WIGHT","A","A"
"{3DCCB7CA-0485-5B9D-E063-4704A8C0331E}","215000","2025-08-01 00:00","PO30 2JH","T","N","F","50","","BELLECROFT DRIVE","","NEWPORT","ISLE OF WIGHT","ISLE OF WIGHT","A","A"
"{3DCCB7CA-0489-5B9D-E063-4704A8C0331E}","340000","2025-08-20 00:00","PO30 4BG","D","N","F","9","","SHIPPARDS ROAD","BRIGHSTONE","NEWPORT","ISLE OF WIGHT","ISLE OF WIGHT","A","A"
"{3DCCB7CA-0486-5B9D-E063-4704A8C0331E}","400000","2025-07-31 00:00","PO32 6AR","S","N","F","GLENLUCE","","MILLFIELD AVENUE","","EAST COWES","ISLE OF WIGHT","ISLE OF WIGHT","A","A"
"{3DCCB7CA-0487-5B9D-E063-4704A8C0331E}","118000","2025-03-11 00:00","PO34 5AJ","S","N","F","73","","SALTERNS BEACH BUNGALOWS","","SEAVIEW","ISLE OF WIGHT","ISLE OF WIGHT","A","A"
"{3DCCB7CA-0488-5B9D-E063-4704A8C0331E}","240000","2025-07-28 00:00","PO30 2HP","S","N","F","29C","","SCHOOL LANE","BARTON","NEWPORT","ISLE OF WIGHT","ISLE OF WIGHT","A","A"
"{3DCCB7CA-048A-5B9D-E063-4704A8C0331E}","265000","2025-07-28 00:00","PO30 1BZ","T","N","F","95","","CARISBROOKE ROAD","","NEWPORT","ISLE OF WIGHT","ISLE OF WIGHT","A","A"
"{3DCCB7CA-048B-5B9D-E063-4704A8C0331E}","135000","2025-08-13 00:00","PO36 0JJ","F","N","L","WINFORD COURT","FLAT 4","FOREST WAY","WINFORD","SANDOWN","ISLE OF WIGHT","ISLE OF WIGHT","A","A"
"{3DCCB7CA-048C-5B9D-E063-4704A8C0331E}","260000","2025-03-28 00:00","PO33 3DN","S","N","L","4","","RATCLIFFE AVENUE","","RYDE","ISLE OF WIGHT","ISLE OF WIGHT","A","A"
"{3DCCB7CA-048D-5B9D-E063-4704A8C0331E}","215000","2025-08-06 00:00","PO36 0DQ","T","N","F","OLD POST OFFICE MEWS","3","HIGH STREET","BRADING","SANDOWN","ISLE OF WIGHT","ISLE OF WIGHT","A","A"
"{3DCCB7CA-048E-5B9D-E063-4704A8C0331E}","757500","2025-07-22 00:00","PO37 7PS","D","N","F","SUMMER BREEZE LODGE","","UPPER HYDE FARM LANE","","SHANKLIN","ISLE OF WIGHT","ISLE OF WIGHT","A","A"
"{3DCCB7CA-048F-5B9D-E063-4704A8C0331E}","625000","2025-06-05 00:00","PO30 3JP","D","N","F","SPRINGFIELD","","FARRIERS WAY","SHORWELL","NEWPORT","ISLE OF WIGHT","ISLE OF WIGHT","A","A"
"{3DCCB7CA-0490-5B9D-E063-4704A8C0331E}","237000","2025-06-06 00:00","PO32 6FL","S","N","F","26","","ROYAL ARCHITECTS ROAD","","EAST COWES","ISLE OF WIGHT","ISLE OF WIGHT","A","A"
"{3DCCB7CA-0491-5B9D-E063-4704A8C0331E}","465000","2025-08-07 00:00","PO31 7FQ","T","N","F","THE MALTINGS","4","DENMARK ROAD","","COWES","ISLE OF WIGHT","ISLE OF WIGHT","A","A"
"{3DCCB7CA-0493-5B9D-E063-4704A8C0331E}","295000","2025-08-15 00:00","PO30 3DW","F","N","L","WORDSWORTH MANSIONS, 2","APARTMENT 6","WHITECROFT PARK","","NEWPORT","ISLE OF WIGHT","ISLE OF WIGHT","A","A"
"{3DCCB7CA-0494-5B9D-E063-4704A8C0331E}","549950","2025-05-30 00:00","PO33 4RL","D","N","F","OAK TREES","","PARK ROAD","WOOTTON BRIDGE","RYDE","ISLE OF WIGHT","ISLE OF WIGHT","A","A"
"{3DCCB7CA-0495-5B9D-E063-4704A8C0331E}","220000","2025-06-27 00:00","PO30 2GA","T","N","F","67","","WELLESLEY WAY","","NEWPORT","ISLE OF WIGHT","ISLE OF WIGHT","A","A"
"{3DCCB7CA-0496-5B9D-E063-4704A8C0331E}","155000","2025-02-21 00:00","PO33 2AZ","F","N","L","TENNYSON HOUSE, 11","FLAT 9","UNION ROAD","","RYDE","ISLE OF WIGHT","ISLE OF WIGHT","A","A"
"{3DCCB7CA-0497-5B9D-E063-4704A8C0331E}","265000","2025-08-20 00:00","PO32 6RL","S","N","F","38","","CHURCH PATH","","EAST COWES","ISLE OF WIGHT","ISLE OF WIGHT","A","A"
"{3DCCB7CA-0498-5B9D-E063-4704A8C0331E}","230000","2025-07-21 00:00","PO30 2GA","D","N","F","79","","WELLESLEY WAY","","NEWPORT","ISLE OF WIGHT","ISLE OF WIGHT","A","A"
"{3DCCB7CA-0499-5B9D-E063-4704A8C0331E}","120000","2025-08-18 00:00","PO30 5PR","S","N","F","31","","ROOKE STREET","","NEWPORT","ISLE OF WIGHT","ISLE OF WIGHT","A","A"
"{3DCCB7CA-049A-5B9D-E063-4704A8C0331E}","440000","2025-07-18 00:00","PO33 2TQ","D","N","F","46","","SWANMORE ROAD","","RYDE","ISLE OF WIGHT","ISLE OF WIGHT","A","A"
"{3DCCB7CA-049B-5B9D-E063-4704A8C0331E}","260000","2025-07-21 00:00","PO30 1DT","T","N","F","59","","CASTLE ROAD","","NEWPORT","ISLE OF WIGHT","ISLE OF WIGHT","A","A"
"{3DCCB7CA-049C-5B9D-E063-4704A8C0331E}","326000","2025-03-28 00:00","PO37 7NX","D","N","F","20","","ORCHARD ROAD","","SHANKLIN","ISLE OF WIGHT","ISLE OF WIGHT","A","A"
"{3DCCB7CA-049D-5B9D-E063-4704A8C0331E}","810000","2025-03-27 00:00","PO34 5BZ","D","N","F","SQUIRRELS CHASE","","GULLY ROAD","","SEAVIEW","ISLE OF WIGHT","ISLE OF WIGHT","A","A"
"{3DCCB7CA-049E-5B9D-E063-4704A8C0331E}","285000","2025-03-31 00:00","PO35 5AA","F","N","L","SILVER SANDS COURT","APARTMENT 2","CHURCH ROAD","","BEMBRIDGE","ISLE OF WIGHT","ISLE OF WIGHT","A","A"
"{3DCCB7CA-049F-5B9D-E063-4704A8C0331E}","244000","2025-07-31 00:00","PO30 3FE","F","N","L","HARDY VILLAS, 20","APARTMENT 7","WHITECROFT PARK","","NEWPORT","ISLE OF WIGHT","ISLE OF WIGHT","A","A"
"{3DCCB7CA-04A0-5B9D-E063-4704A8C0331E}","245000","2025-07-29 00:00","PO31 7EL","D","N","F","166","","MILL HILL ROAD","","COWES","ISLE OF WIGHT","ISLE OF WIGHT","A","A"
"{3DCCB7CA-04A1-5B9D-E063-4704A8C0331E}","300000","2025-07-30 00:00","PO36 9BZ","D","N","L","36","","BROADWAY","","SANDOWN","ISLE OF WIGHT","ISLE OF WIGHT","A","A"
"{3DCCB7CA-04A2-5B9D-E063-4704A8C0331E}","220000","2025-07-25 00:00","PO33 2BW","F","N","L","EASTFIELD, 33","FLAT 8","DOVER STREET","","RYDE","ISLE OF WIGHT","ISLE OF WIGHT","A","A"
"{3DCCB7CA-04A3-5B9D-E063-4704A8C0331E}","135000","2025-08-01 00:00","PO30 2FE","F","N","L","BELLFLOWER HOUSE, 1","FLAT 5","BEAUCHAMP DRIVE","","NEWPORT","ISLE OF WIGHT","ISLE OF WIGHT","A","A"
"{3DCCB7CA-04A4-5B9D-E063-4704A8C0331E}","465000","2025-07-11 00:00","PO33 3AJ","D","N","F","17","","SPENCER GLADE","","RYDE","ISLE OF WIGHT","ISLE OF WIGHT","A","A"
"{3DCCB7CA-04A5-5B9D-E063-4704A8C0331E}","375500","2025-07-18 00:00","PO40 9RU","D","N","F","BRAMBLEDOWN","","NORTON GREEN","","FRESHWATER","ISLE OF WIGHT","ISLE OF WIGHT","A","A"
"{3DCCB7CA-04A7-5B9D-E063-4704A8C0331E}","120000","2025-05-19 00:00","PO33 4LS","F","N","L","54","","DOWNSVIEW GARDENS","WOOTTON BRIDGE","RYDE","ISLE OF WIGHT","ISLE OF WIGHT","A","A"
"{3DCCB7CA-04A8-5B9D-E063-4704A8C0331E}","400000","2025-08-26 00:00","PO31 7GA","D","N","F","36","","DEAUVILLE AVENUE","","COWES","ISLE OF WIGHT","ISLE OF WIGHT","A","A"
"{3DCCB7CA-04AE-5B9D-E063-4704A8C0331E}","225000","2025-03-18 00:00","PO36 8AZ","S","N","F","46","","AVENUE ROAD","","SANDOWN","ISLE OF WIGHT","ISLE OF WIGHT","A","A"
"{3DCCB7CA-04A9-5B9D-E063-4704A8C0331E}","130000","2025-07-31 00:00","PO37 6AF","F","N","L","THORNBURY, 1","FLAT 6","ALEXANDRA ROAD","","SHANKLIN","ISLE OF WIGHT","ISLE OF WIGHT","A","A"
"{3DCCB7CA-04AA-5B9D-E063-4704A8C0331E}","975000","2025-07-24 00:00","PO39 0FH","D","N","F","1","","FERN BANK CLOSE","","TOTLAND BAY","ISLE OF WIGHT","ISLE OF WIGHT","A","A"
"{3DCCB7CA-04AB-5B9D-E063-4704A8C0331E}","400000","2025-07-16 00:00","PO31 7GA","S","N","F","35","","DEAUVILLE AVENUE","","COWES","ISLE OF WIGHT","ISLE OF WIGHT","A","A"
"{3DCCB7CA-04AF-5B9D-E063-4704A8C0331E}","235000","2025-08-12 00:00","PO30 2FQ","S","N","F","14","","BUTTERCUP GLADE","","NEWPORT","ISLE OF WIGHT","ISLE OF WIGHT","A","A"
"{3DCCB7CA-04B2-5B9D-E063-4704A8C0331E}","135000","2025-03-21 00:00","PO36 0DQ","F","N","L","50","","HIGH STREET","BRADING","SANDOWN","ISLE OF WIGHT","ISLE OF WIGHT","A","A"
"{3DCCB7CA-04B3-5B9D-E063-4704A8C0331E}","180000","2025-07-10 00:00","PO36 8NS","F","N","L","CLIFF HOUSE","FLAT 7","CLIFF ROAD","","SANDOWN","ISLE OF WIGHT","ISLE OF WIGHT","A","A"
"{3DCCB7CA-04B4-5B9D-E063-4704A8C0331E}","211000","2025-03-10 00:00","PO37 6BT","F","N","L","WAVERLEY COURT, 8","FLAT 14","ESPLANADE","","SHANKLIN","ISLE OF WIGHT","ISLE OF WIGHT","A","A"
"{3DCCB7CA-04C1-5B9D-E063-4704A8C0331E}","163000","2025-03-13 00:00","PO33 3DS","F","N","L","15","FLAT 3","PARTLANDS AVENUE","","RYDE","ISLE OF WIGHT","ISLE OF WIGHT","A","A"
"{3DCCB7CA-04CF-5B9D-E063-4704A8C0331E}","195000","2025-06-30 00:00","PO30 1RW","T","N","F","47","","ELM GROVE","","NEWPORT","ISLE OF WIGHT","ISLE OF WIGHT","A","A"
"{3DCCB7CA-04D1-5B9D-E063-4704A8C0331E}","100000","2025-03-17 00:00","PO33 4LR","T","N","F","77","","MARY ROSE AVENUE","WOOTTON BRIDGE","RYDE","ISLE OF WIGHT","ISLE OF WIGHT","A","A"
"{3DCCB7CA-04D3-5B9D-E063-4704A8C0331E}","465000","2025-03-31 00:00","PO33 4NY","S","N","F","5","","REYNARDS PLACE","WOOTTON BRIDGE","RYDE","ISLE OF WIGHT","ISLE OF WIGHT","A","A"
"{3DCCB7CA-04D5-5B9D-E063-4704A8C0331E}","122000","2025-08-04 00:00","PO31 7PY","T","N","F","78","","TENNYSON ROAD","","COWES","ISLE OF WIGHT","ISLE OF WIGHT","A","A"
"{3DCCB7C9-FAE1-5B9D-E063-4704A8C0331E}","397500","2025-08-18 00:00","PO31 8HN","D","N","F","40","","CROSSFIELD AVENUE","","COWES","ISLE OF WIGHT","ISLE OF WIGHT","A","A"
"{3DCCB7C9-FD9D-5B9D-E063-4704A8C0331E}","167000","2025-07-25 00:00","PO36 9BX","S","N","F","65","","PEROWNE WAY","","SANDOWN","ISLE OF WIGHT","ISLE OF WIGHT","A","A"
"{3DCCB7C9-FDEE-5B9D-E063-4704A8C0331E}","192500","2025-08-08 00:00","PO30 5ND","T","N","F","6","","SPRING WALK","","NEWPORT","ISLE OF WIGHT","ISLE OF WIGHT","A","A"
"{3DCCB7C9-FEC8-5B9D-E063-4704A8C0331E}","285000","2025-07-25 00:00","PO38 2RB","D","N","F","78","","BANNOCK ROAD","WHITWELL","VENTNOR","ISLE OF WIGHT","ISLE OF WIGHT","A","A"
"{38EDC0C2-FB29-0F63-E063-4704A8C00424}","283500","2025-06-23 00:00","PO40 9HU","D","N","F","THE FRONTAGE","","NEW VILLAGE","","FRESHWATER","ISLE OF WIGHT","ISLE OF WIGHT","A","D"
"{34222872-6182-4D2B-E063-4704A8C07853}","83635","2025-03-10 00:00","PO30 5NL","S","N","F","2","","HEWITT CRESCENT","","NEWPORT","ISLE OF WIGHT","ISLE OF WIGHT","A","D"
"{34222872-61A0-4D2B-E063-4704A8C07853}","410000","2025-03-25 00:00","PO30 5RT","D","N","F","8","","REDWOOD CLOSE","","NEWPORT","ISLE OF WIGHT","ISLE OF WIGHT","A","D"
