"{712A5468-653F-43F9-B663-A8084DB37AD0}","67000","2002-11-19 00:00","PO33 2EQ","F","N","F","36B","","CASTLE STREET","","RYDE","ISLE OF WIGHT","ISLE OF WIGHT","A","C"
"{7F475D7B-7DDF-43E3-8E56-9EE771C07683}","41000","2001-01-15 00:00","PO33 2EQ","F","N","F","36B","","CASTLE STREET","","RYDE","ISLE OF WIGHT","ISLE OF WIGHT","A","C"
"{CB0035E6-8324-58AE-E053-6B04A8C091AF}","200000","2021-01-29 00:00","PO33 2PA","O","N","F","50","","ST THOMAS STREET","","RYDE","ISLE OF WIGHT","ISLE OF WIGHT","B","C"
"{919FEC06-1F47-9A90-E053-6C04A8C0A300}","75000","2017-08-01 00:00","PO33 2PA","O","N","F","50","","ST THOMAS STREET","","RYDE","ISLE OF WIGHT","ISLE OF WIGHT","B","C"
"{3E0330EF-E110-8D89-E050-A8C062052140}","291000","2016-08-31 00:00","PO38 1TF","S","N","F","RAMILLIES","","MARLBOROUGH ROAD","","VENTNOR","ISLE OF WIGHT","ISLE OF WIGHT","A","C"
"{3B5CE841-D4B9-EE3A-E063-4804A8C0D6F1}","114990","1998-09-04 00:00","PO33 4HY","D","N","F","OAK COTTAGE","","NEW ROAD","WOOTTON BRIDGE","RYDE","ISLE OF WIGHT","ISLE OF WIGHT","A","A"
"{3B5CE841-D554-EE3A-E063-4804A8C0D6F1}","160000","2022-12-21 00:00","PO30 5DD","T","N","F","17","","MILL STREET","","NEWPORT","ISLE OF WIGHT","ISLE OF WIGHT","A","A"
"{351D7AC5-6B19-40EC-8D91-F24CC59E9E34}","195000","2015-02-10 00:00","PO39 0DT","S","Y","F","CHURCH HOUSE","5","UPLANDS ROAD","","TOTLAND BAY","ISLE OF WIGHT","ISLE OF WIGHT","A","C"
"{0DBBA1DA-9AF8-42F1-BF09-5E36E1713B45}","240000","2015-04-16 00:00","PO38 2BE","D","N","F","FIG TREE","","BARRACK SHUTE","NITON","VENTNOR","ISLE OF WIGHT","ISLE OF WIGHT","A","C"
"{B0A9D11C-085D-4C1F-E053-6C04A8C0D716}","170000","2020-08-17 00:00","PO36 8FH","O","N","F","MARGRETTE MEWS, 11A","2","LEED STREET","","SANDOWN","ISLE OF WIGHT","ISLE OF WIGHT","B","C"
"{E7B085FC-4DE6-7E31-E053-6C04A8C0E67F}","265000","2020-03-13 00:00","PO31 8NA","S","N","F","HILLIS COTTAGE","","HILLIS GATE ROAD","","COWES","ISLE OF WIGHT","ISLE OF WIGHT","A","C"
"{3B5CE841-D516-EE3A-E063-4804A8C0D6F1}","148000","2023-08-07 00:00","PO30 5GF","F","N","L","SHANKLIN HOUSE, 37","APARTMENT 5","BRICKFIELD CLOSE","","NEWPORT","ISLE OF WIGHT","ISLE OF WIGHT","A","A"
"{3B5CE841-D53B-EE3A-E063-4804A8C0D6F1}","218500","2023-02-17 00:00","PO30 2GH","T","N","F","48","","ANGELICA GROVE","","NEWPORT","ISLE OF WIGHT","ISLE OF WIGHT","A","A"
"{3B5CE841-D53C-EE3A-E063-4804A8C0D6F1}","215000","2023-02-24 00:00","PO30 2GH","T","N","F","50","","ANGELICA GROVE","","NEWPORT","ISLE OF WIGHT","ISLE OF WIGHT","A","A"
"{3B5CE841-D53D-EE3A-E063-4804A8C0D6F1}","216500","2023-04-27 00:00","PO30 2GG","T","N","F","24","","LARKSPUR CLOSE","","NEWPORT","ISLE OF WIGHT","ISLE OF WIGHT","A","A"
"{3B5CE841-D53E-EE3A-E063-4804A8C0D6F1}","265000","2023-04-28 00:00","PO30 2GH","S","N","F","76","","ANGELICA GROVE","","NEWPORT","ISLE OF WIGHT","ISLE OF WIGHT","A","A"
"{3B5CE841-D53F-EE3A-E063-4804A8C0D6F1}","267000","2023-04-28 00:00","PO30 2GH","S","N","F","74","","ANGELICA GROVE","","NEWPORT","ISLE OF WIGHT","ISLE OF WIGHT","A","A"
"{3B5CE841-D540-EE3A-E063-4804A8C0D6F1}","265000","2023-06-28 00:00","PO30 2FP","S","Y","F","73","","GODRIC ROAD","","NEWPORT","ISLE OF WIGHT","ISLE OF WIGHT","A","A"
"{3B5CE841-D541-EE3A-E063-4804A8C0D6F1}","260000","2023-03-22 00:00","PO30 2GG","S","N","F","14","","LARKSPUR CLOSE","","NEWPORT","ISLE OF WIGHT","ISLE OF WIGHT","A","A"
"{3B5CE841-D542-EE3A-E063-4804A8C0D6F1}","216500","2023-06-28 00:00","PO30 2FP","T","Y","F","69","","GODRIC ROAD","","NEWPORT","ISLE OF WIGHT","ISLE OF WIGHT","A","A"
"{3B5CE841-D543-EE3A-E063-4804A8C0D6F1}","262500","2023-06-28 00:00","PO30 2FP","S","Y","F","71","","GODRIC ROAD","","NEWPORT","ISLE OF WIGHT","ISLE OF WIGHT","A","A"
"{3B5CE841-D547-EE3A-E063-4804A8C0D6F1}","212500","2023-07-27 00:00","PO30 2FP","T","Y","F","69A","","GODRIC ROAD","","NEWPORT","ISLE OF WIGHT","ISLE OF WIGHT","A","A"
"{3B5CE841-D544-EE3A-E063-4804A8C0D6F1}","220000","2023-06-28 00:00","PO30 2FP","S","N","F","67A","","GODRIC ROAD","","NEWPORT","ISLE OF WIGHT","ISLE OF WIGHT","A","A"
"{3B5CE841-D545-EE3A-E063-4804A8C0D6F1}","260000","2023-06-28 00:00","PO30 2FP","S","Y","F","71A","","GODRIC ROAD","","NEWPORT","ISLE OF WIGHT","ISLE OF WIGHT","A","A"
"{3B5CE841-D546-EE3A-E063-4804A8C0D6F1}","267000","2023-06-29 00:00","PO30 2FP","S","Y","F","73A","","GODRIC ROAD","","NEWPORT","ISLE OF WIGHT","ISLE OF WIGHT","A","A"
"{3B5CE842-934B-EE3A-E063-4804A8C0D6F1}","137700","2023-11-29 00:00","PO30 3FE","F","N","L","HARDY VILLAS, 20","APARTMENT 10","WHITECROFT PARK","","NEWPORT","ISLE OF WIGHT","ISLE OF WIGHT","B","A"
"{3B5CE842-934F-EE3A-E063-4804A8C0D6F1}","220000","2023-06-28 00:00","PO30 2FP","T","Y","F","69B","","GODRIC ROAD","","NEWPORT","ISLE OF WIGHT","ISLE OF WIGHT","B","A"
"{3B5CE841-C9E7-EE3A-E063-4804A8C0D6F1}","350000","2024-09-20 00:00","PO30 4AT","D","N","F","CYRENA","","UPPER LANE","BRIGHSTONE","NEWPORT","ISLE OF WIGHT","ISLE OF WIGHT","A","A"
"{3B5CE841-CC09-EE3A-E063-4804A8C0D6F1}","213000","2024-08-02 00:00","PO33 2TT","S","N","F","37","","SANDCROFT AVENUE","","RYDE","ISLE OF WIGHT","ISLE OF WIGHT","A","A"
"{3B5CE841-CCEA-EE3A-E063-4804A8C0D6F1}","175000","2024-11-04 00:00","PO33 3QF","T","N","F","3","","WINSTON CLOSE","","RYDE","ISLE OF WIGHT","ISLE OF WIGHT","A","A"
"{3B5CE841-D4B5-EE3A-E063-4804A8C0D6F1}","152500","2024-09-04 00:00","PO33 2EZ","T","N","L","16","","NELSON STREET","","RYDE","ISLE OF WIGHT","ISLE OF WIGHT","A","A"
"{3B5CE841-D4B7-EE3A-E063-4804A8C0D6F1}","145000","2024-09-20 00:00","PO30 1HW","F","N","L","MOUNT PLEASANT HOUSE","FLAT 1","HEATH CLOSE","","NEWPORT","ISLE OF WIGHT","ISLE OF WIGHT","A","A"
"{3B5CE841-D4E0-EE3A-E063-4804A8C0D6F1}","130000","2024-09-30 00:00","PO30 5HZ","F","N","L","80A","","ALBANY ROAD","","NEWPORT","ISLE OF WIGHT","ISLE OF WIGHT","A","A"
"{3B5CE841-D507-EE3A-E063-4804A8C0D6F1}","75000","2024-09-27 00:00","PO33 3AE","F","N","L","CONISTON HOUSE","FLAT 1","CONISTON DRIVE","","RYDE","ISLE OF WIGHT","ISLE OF WIGHT","A","A"
"{3B5CE841-D520-EE3A-E063-4804A8C0D6F1}","160000","2024-09-02 00:00","PO39 0AU","F","N","L","GRANVILLE COURT","FLAT 4","THE BROADWAY","","TOTLAND BAY","ISLE OF WIGHT","ISLE OF WIGHT","A","A"
"{3B5CE841-D548-EE3A-E063-4804A8C0D6F1}","115000","2024-07-19 00:00","PO37 6AT","F","N","L","COUNTY HOUSE, 6","FLAT 2","CROSS STREET","","SHANKLIN","ISLE OF WIGHT","ISLE OF WIGHT","A","A"
"{3B5CE841-D54A-EE3A-E063-4804A8C0D6F1}","350000","2024-07-17 00:00","PO36 8FH","T","N","F","MARGRETTE MEWS, 11A","1","LEED STREET","","SANDOWN","ISLE OF WIGHT","ISLE OF WIGHT","A","A"
"{3B5CE841-D54B-EE3A-E063-4804A8C0D6F1}","370000","2024-07-26 00:00","PO35 5XW","S","N","F","STARBOARD COTTAGE, 6","","FORELAND ROAD","","BEMBRIDGE","ISLE OF WIGHT","ISLE OF WIGHT","A","A"
"{3B5CE841-D54C-EE3A-E063-4804A8C0D6F1}","205000","2024-11-14 00:00","PO33 4RB","T","N","F","MEDINA VIEW","","GRAVEL PIT ROAD","WOOTTON BRIDGE","RYDE","ISLE OF WIGHT","ISLE OF WIGHT","A","A"
"{3B5CE842-9339-EE3A-E063-4804A8C0D6F1}","73000","2025-01-20 00:00","PO30 2AE","F","N","L","17A","","PAN CLOSE","","NEWPORT","ISLE OF WIGHT","ISLE OF WIGHT","B","A"
"{3B5CE842-933A-EE3A-E063-4804A8C0D6F1}","330000","2025-07-01 00:00","PO37 6BD","O","N","F","31","","PALMERSTON ROAD","","SHANKLIN","ISLE OF WIGHT","ISLE OF WIGHT","B","A"
"{3B5CE842-933B-EE3A-E063-4804A8C0D6F1}","170000","2025-07-07 00:00","PO30 5EA","T","N","F","70","","CAESARS ROAD","","NEWPORT","ISLE OF WIGHT","ISLE OF WIGHT","B","A"
"{3B5CE842-933C-EE3A-E063-4804A8C0D6F1}","125000","2025-07-03 00:00","PO37 7BU","F","N","L","ORCHARD COURT, 74","FLAT 3","WILTON PARK ROAD","","SHANKLIN","ISLE OF WIGHT","ISLE OF WIGHT","B","A"
"{3B5CE842-933D-EE3A-E063-4804A8C0D6F1}","76000","2025-06-17 00:00","PO36 9BT","F","N","L","5","","STOWER PLACE","","SANDOWN","ISLE OF WIGHT","ISLE OF WIGHT","B","A"
"{3B5CE842-9340-EE3A-E063-4804A8C0D6F1}","152500","2025-07-04 00:00","PO37 7BH","F","N","L","CAERNARVON LODGE, 2","FLAT 1","CLARENCE ROAD","","SHANKLIN","ISLE OF WIGHT","ISLE OF WIGHT","B","A"
"{3B5CE842-9342-EE3A-E063-4804A8C0D6F1}","54000","2025-01-15 00:00","PO31 8RH","O","N","L","111","","GURNARD PINES","","COWES","ISLE OF WIGHT","ISLE OF WIGHT","B","A"
"{3B5CE842-9346-EE3A-E063-4804A8C0D6F1}","158000","2025-07-03 00:00","PO30 5DD","T","N","F","7B","","MILL STREET","","NEWPORT","ISLE OF WIGHT","ISLE OF WIGHT","B","A"
"{3B5CE842-9347-EE3A-E063-4804A8C0D6F1}","92500","2025-03-03 00:00","PO41 0RJ","O","N","L","THE WEST BAY CLUB","WHITFIELD P1","HALLETTS SHUTE","NORTON","YARMOUTH","ISLE OF WIGHT","ISLE OF WIGHT","B","A"
"{3B5CE842-9349-EE3A-E063-4804A8C0D6F1}","94000","2025-05-08 00:00","PO33 1JZ","F","N","L","MARY BELL COURT, 13","FLAT 13","SIMEON STREET","","RYDE","ISLE OF WIGHT","ISLE OF WIGHT","B","A"
"{3B5CE842-934A-EE3A-E063-4804A8C0D6F1}","122500","2025-07-14 00:00","PO32 6GB","F","N","L","RIVER COURT, 62","FLAT 8","ALBERT WAY","","EAST COWES","ISLE OF WIGHT","ISLE OF WIGHT","B","A"
"{3B5CE842-934D-EE3A-E063-4804A8C0D6F1}","290000","2025-07-24 00:00","PO33 2JH","O","N","F","23","","STAR STREET","","RYDE","ISLE OF WIGHT","ISLE OF WIGHT","B","A"
"{3B5CE842-934E-EE3A-E063-4804A8C0D6F1}","107880","2025-07-14 00:00","PO30 2HD","T","N","F","13A","","ST PAULS VIEW ROAD","","NEWPORT","ISLE OF WIGHT","ISLE OF WIGHT","B","A"
"{3B5CE842-9350-EE3A-E063-4804A8C0D6F1}","450000","2025-07-24 00:00","PO31 7LB","O","N","F","KINGSWOOD","FLAT 1","CORONATION ROAD","","COWES","ISLE OF WIGHT","ISLE OF WIGHT","B","A"
"{3B5CE842-9377-EE3A-E063-4804A8C0D6F1}","116025","2025-05-13 00:00","PO37 6EH","O","N","L","CHANNEL VIEW HOTEL, 24","ROOM LG-1","HOPE ROAD","","SHANKLIN","ISLE OF WIGHT","ISLE OF WIGHT","B","A"
"{3B5CE842-9378-EE3A-E063-4804A8C0D6F1}","465000","2025-05-28 00:00","PO36 8FE","F","N","L","BREAKWATERS, 1","APARTMENT 11","BREAKWATER WAY","","SANDOWN","ISLE OF WIGHT","ISLE OF WIGHT","B","A"
"{3B5CE841-D54D-EE3A-E063-4804A8C0D6F1}","185000","2024-08-19 00:00","PO37 7NX","D","N","F","18A","","ORCHARD ROAD","","SHANKLIN","ISLE OF WIGHT","ISLE OF WIGHT","A","A"
"{3B5CE841-D54E-EE3A-E063-4804A8C0D6F1}","130000","2024-08-06 00:00","PO30 5HE","F","N","L","STAR COURT 11E","FLAT 1","ST JAMES STREET","","NEWPORT","ISLE OF WIGHT","ISLE OF WIGHT","A","A"
"{3B5CE841-D54F-EE3A-E063-4804A8C0D6F1}","240000","2024-08-23 00:00","PO37 7AA","F","N","L","20B","","REGENT STREET","","SHANKLIN","ISLE OF WIGHT","ISLE OF WIGHT","A","A"
"{3B5CE841-D550-EE3A-E063-4804A8C0D6F1}","370000","2024-07-22 00:00","PO33 4AH","D","N","F","PICKETT COTTAGE","","HARWOOD CLOSE","WOOTTON BRIDGE","RYDE","ISLE OF WIGHT","ISLE OF WIGHT","A","A"
"{3B5CE841-D551-EE3A-E063-4804A8C0D6F1}","235000","2024-07-08 00:00","PO30 5SD","T","N","F","5","","BUCKINGHAM CRESCENT","","NEWPORT","ISLE OF WIGHT","ISLE OF WIGHT","A","A"
"{3B5CE841-D552-EE3A-E063-4804A8C0D6F1}","157500","2024-08-22 00:00","PO36 8HE","F","N","L","55","","ST JOHNS ROAD","","SANDOWN","ISLE OF WIGHT","ISLE OF WIGHT","A","A"
"{3B5CE841-D553-EE3A-E063-4804A8C0D6F1}","110000","2024-08-23 00:00","PO32 6TE","F","N","L","172","FLAT 2","YORK AVENUE","","EAST COWES","ISLE OF WIGHT","ISLE OF WIGHT","A","A"
"{3B5CE841-D555-EE3A-E063-4804A8C0D6F1}","340000","2024-08-21 00:00","PO38 2BW","D","N","F","TOLVERNE","","BLACKGANG ROAD","NITON","VENTNOR","ISLE OF WIGHT","ISLE OF WIGHT","A","A"
"{3B5CE841-D556-EE3A-E063-4804A8C0D6F1}","300000","2024-08-28 00:00","PO37 7AL","S","N","L","12","","ST PAULS AVENUE","","SHANKLIN","ISLE OF WIGHT","ISLE OF WIGHT","A","A"
"{3B5CE842-9379-EE3A-E063-4804A8C0D6F1}","156230","2025-06-19 00:00","PO37 6EH","O","N","L","CHANNEL VIEW HOTEL, 24","ROOM SB-6","HOPE ROAD","","SHANKLIN","ISLE OF WIGHT","ISLE OF WIGHT","B","A"
"{3B5CE841-D55A-EE3A-E063-4804A8C0D6F1}","290000","2024-09-25 00:00","PO36 8FH","T","N","F","MARGRETTE MEWS, 11A","5","LEED STREET","","SANDOWN","ISLE OF WIGHT","ISLE OF WIGHT","A","A"
"{3B5CE841-D557-EE3A-E063-4804A8C0D6F1}","202500","2024-08-30 00:00","PO33 1AF","S","N","F","71","","MARLBOROUGH ROAD","","RYDE","ISLE OF WIGHT","ISLE OF WIGHT","A","A"
"{3B5CE841-D558-EE3A-E063-4804A8C0D6F1}","500000","2024-08-27 00:00","PO33 4LF","D","N","F","CRANFIELD","","ASHLAKE FARM LANE","WOOTTON BRIDGE","RYDE","ISLE OF WIGHT","ISLE OF WIGHT","A","A"
"{3B5CE841-D559-EE3A-E063-4804A8C0D6F1}","490000","2024-09-09 00:00","PO41 0YB","D","N","F","MYRTLE COTTAGE","","HAMSTEAD ROAD","CRANMORE","YARMOUTH","ISLE OF WIGHT","ISLE OF WIGHT","A","A"
"{3B5CE841-D55B-EE3A-E063-4804A8C0D6F1}","1500000","2024-08-28 00:00","PO34 5AN","T","N","F","WEST TURRET","","SPRINGVALE ROAD","","SEAVIEW","ISLE OF WIGHT","ISLE OF WIGHT","A","A"
"{3B5CE841-D55C-EE3A-E063-4804A8C0D6F1}","320000","2024-09-25 00:00","PO33 4PX","S","N","F","49","","CHURCH ROAD","WOOTTON BRIDGE","RYDE","ISLE OF WIGHT","ISLE OF WIGHT","A","A"
"{3B5CE841-D55D-EE3A-E063-4804A8C0D6F1}","180000","2024-03-20 00:00","PO36 9HD","T","N","L","26","","LAKE HILL","","SANDOWN","ISLE OF WIGHT","ISLE OF WIGHT","A","A"
"{3B5CE841-D55E-EE3A-E063-4804A8C0D6F1}","425000","2024-12-03 00:00","PO36 8FE","T","N","F","2","","BREAKWATER WAY","","SANDOWN","ISLE OF WIGHT","ISLE OF WIGHT","A","A"
"{3B5CE842-9348-EE3A-E063-4804A8C0D6F1}","40000","2025-03-31 00:00","PO41 0RJ","O","N","L","CAPE COTTAGES","UNIT A13","HALLETTS SHUTE","NORTON","YARMOUTH","ISLE OF WIGHT","ISLE OF WIGHT","B","A"
"{3B5CE842-915B-EE3A-E063-4804A8C0D6F1}","140000","2024-10-18 00:00","PO37 7AS","O","N","F","GROSVENOR PRESS","","STATION APPROACH","","SHANKLIN","ISLE OF WIGHT","ISLE OF WIGHT","B","A"
"{3B5CE842-933E-EE3A-E063-4804A8C0D6F1}","147000","2024-08-20 00:00","PO30 1PZ","T","N","F","35","","CHAPEL STREET","","NEWPORT","ISLE OF WIGHT","ISLE OF WIGHT","B","A"
"{3B5CE842-933F-EE3A-E063-4804A8C0D6F1}","118100","2024-10-03 00:00","PO37 6JZ","O","N","L","17","","HIGH STREET","","SHANKLIN","ISLE OF WIGHT","ISLE OF WIGHT","B","A"
"{3B5CE842-9341-EE3A-E063-4804A8C0D6F1}","53000","2024-12-02 00:00","PO36 8QP","O","N","L","5","","SANDOWN BAY HOLIDAY CENTRE","","SANDOWN","ISLE OF WIGHT","ISLE OF WIGHT","B","A"
"{3B5CE842-9343-EE3A-E063-4804A8C0D6F1}","130000","2024-10-01 00:00","PO36 8EU","O","N","F","7C","","MARSH CLOSE","","SANDOWN","ISLE OF WIGHT","ISLE OF WIGHT","B","A"
"{3B5CE842-9344-EE3A-E063-4804A8C0D6F1}","70000","2024-07-08 00:00","PO37 6JN","O","N","F","52","","HIGH STREET","","SHANKLIN","ISLE OF WIGHT","ISLE OF WIGHT","B","A"
"{3B5CE842-9345-EE3A-E063-4804A8C0D6F1}","216000","2024-09-23 00:00","PO40 9PN","T","N","F","32","","SOLENT GARDENS","","FRESHWATER","ISLE OF WIGHT","ISLE OF WIGHT","B","A"
"{3B5CE842-934C-EE3A-E063-4804A8C0D6F1}","20000","2024-08-28 00:00","","O","N","F","OLD BAKEHOUSE","GARAGE 9","WARD ROAD","","TOTLAND BAY","ISLE OF WIGHT","ISLE OF WIGHT","B","A"
"{3B5CE842-9351-EE3A-E063-4804A8C0D6F1}","19000","2024-07-01 00:00","PO38 1LZ","O","N","L","142","","HIGH STREET","","VENTNOR","ISLE OF WIGHT","ISLE OF WIGHT","B","A"
"{3B5CE842-9352-EE3A-E063-4804A8C0D6F1}","245225","2024-02-05 00:00","PO37 6EH","O","N","L","CHANNEL VIEW HOTEL, 24","ROOM LG-2","HOPE ROAD","","SHANKLIN","ISLE OF WIGHT","ISLE OF WIGHT","B","A"
"{3B5CE842-9353-EE3A-E063-4804A8C0D6F1}","226695","2024-02-02 00:00","PO37 6EH","O","N","L","CHANNEL VIEW HOTEL, 24","ROOM LG-3","HOPE ROAD","","SHANKLIN","ISLE OF WIGHT","ISLE OF WIGHT","B","A"
"{3B5CE842-9354-EE3A-E063-4804A8C0D6F1}","212925","2024-02-05 00:00","PO37 6EH","O","N","L","CHANNEL VIEW HOTEL, 24","ROOM LG-4","HOPE ROAD","","SHANKLIN","ISLE OF WIGHT","ISLE OF WIGHT","B","A"
"{3B5CE842-9355-EE3A-E063-4804A8C0D6F1}","297925","2024-02-05 00:00","PO37 6EH","O","N","L","CHANNEL VIEW HOTEL, 24","ROOM LG-5","HOPE ROAD","","SHANKLIN","ISLE OF WIGHT","ISLE OF WIGHT","B","A"
"{3B5CE842-9356-EE3A-E063-4804A8C0D6F1}","287215","2024-02-05 00:00","PO37 6EH","O","N","L","CHANNEL VIEW HOTEL, 24","ROOM LG-6","HOPE ROAD","","SHANKLIN","ISLE OF WIGHT","ISLE OF WIGHT","B","A"
"{3B5CE842-9357-EE3A-E063-4804A8C0D6F1}","246330","2024-02-05 00:00","PO37 6EH","O","N","L","CHANNEL VIEW HOTEL, 24","ROOM LG-7","HOPE ROAD","","SHANKLIN","ISLE OF WIGHT","ISLE OF WIGHT","B","A"
"{3B5CE842-9358-EE3A-E063-4804A8C0D6F1}","98430","2024-02-05 00:00","PO37 6EH","O","N","L","CHANNEL VIEW HOTEL, 24","ROOM FB-10","HOPE ROAD","","SHANKLIN","ISLE OF WIGHT","ISLE OF WIGHT","B","A"
"{3B5CE842-9359-EE3A-E063-4804A8C0D6F1}","236640","2024-02-07 00:00","PO37 6EH","O","N","L","CHANNEL VIEW HOTEL, 24","ROOM FA-1","HOPE ROAD","","SHANKLIN","ISLE OF WIGHT","ISLE OF WIGHT","B","A"
"{3B5CE842-935A-EE3A-E063-4804A8C0D6F1}","238510","2024-02-07 00:00","PO37 6EH","O","N","L","CHANNEL VIEW HOTEL, 24","ROOM FA-2","HOPE ROAD","","SHANKLIN","ISLE OF WIGHT","ISLE OF WIGHT","B","A"
"{3B5CE842-935B-EE3A-E063-4804A8C0D6F1}","204510","2024-03-07 00:00","PO37 6EH","O","N","L","CHANNEL VIEW HOTEL, 24","ROOM FA-3","HOPE ROAD","","SHANKLIN","ISLE OF WIGHT","ISLE OF WIGHT","B","A"
"{3B5CE842-935C-EE3A-E063-4804A8C0D6F1}","248115","2024-03-07 00:00","PO37 6EH","O","N","L","CHANNEL VIEW HOTEL, 24","ROOM FA-4","HOPE ROAD","","SHANKLIN","ISLE OF WIGHT","ISLE OF WIGHT","B","A"
"{3B5CE841-D4D8-EE3A-E063-4804A8C0D6F1}","220000","2024-09-27 00:00","PO33 3QT","T","N","F","73","","BROADWAY CRESCENT","","RYDE","ISLE OF WIGHT","ISLE OF WIGHT","A","A"
"{3B5CE842-9360-EE3A-E063-4804A8C0D6F1}","185980","2024-03-26 00:00","PO37 6EH","O","N","L","CHANNEL VIEW HOTEL, 24","ROOM FA-10","HOPE ROAD","","SHANKLIN","ISLE OF WIGHT","ISLE OF WIGHT","B","A"
"{3B5CE842-935D-EE3A-E063-4804A8C0D6F1}","169320","2024-03-15 00:00","PO37 6EH","O","N","L","CHANNEL VIEW HOTEL, 24","ROOM FA-5","HOPE ROAD","","SHANKLIN","ISLE OF WIGHT","ISLE OF WIGHT","B","A"
"{3B5CE842-935E-EE3A-E063-4804A8C0D6F1}","225930","2024-03-19 00:00","PO37 6EH","O","N","L","CHANNEL VIEW HOTEL, 24","ROOM FA-6","HOPE ROAD","","SHANKLIN","ISLE OF WIGHT","ISLE OF WIGHT","B","A"
"{3B5CE842-935F-EE3A-E063-4804A8C0D6F1}","178500","2024-03-19 00:00","PO37 6EH","O","N","L","CHANNEL VIEW HOTEL, 24","ROOM FA-8","HOPE ROAD","","SHANKLIN","ISLE OF WIGHT","ISLE OF WIGHT","B","A"
"{3B5CE842-9361-EE3A-E063-4804A8C0D6F1}","85765","2024-03-26 00:00","PO37 6EH","O","N","L","CHANNEL VIEW HOTEL, 24","ROOM FB-6","HOPE ROAD","","SHANKLIN","ISLE OF WIGHT","ISLE OF WIGHT","B","A"
"{3B5CE842-9362-EE3A-E063-4804A8C0D6F1}","150960","2024-03-20 00:00","PO37 6EH","O","N","L","CHANNEL VIEW HOTEL, 24","ROOM FB-9","HOPE ROAD","","SHANKLIN","ISLE OF WIGHT","ISLE OF WIGHT","B","A"
"{3B5CE842-9363-EE3A-E063-4804A8C0D6F1}","166600","2024-03-22 00:00","PO37 6EH","O","N","L","CHANNEL VIEW HOTEL, 24","ROOM FA-7","HOPE ROAD","","SHANKLIN","ISLE OF WIGHT","ISLE OF WIGHT","B","A"
"{3B5CE842-9364-EE3A-E063-4804A8C0D6F1}","123760","2024-03-22 00:00","PO37 6EH","O","N","L","CHANNEL VIEW HOTEL, 24","ROOM FA-9","HOPE ROAD","","SHANKLIN","ISLE OF WIGHT","ISLE OF WIGHT","B","A"
"{3B5CE842-9365-EE3A-E063-4804A8C0D6F1}","163795","2024-03-22 00:00","PO37 6EH","O","N","L","CHANNEL VIEW HOTEL, 24","ROOM FA-11","HOPE ROAD","","SHANKLIN","ISLE OF WIGHT","ISLE OF WIGHT","B","A"
"{3B5CE842-9366-EE3A-E063-4804A8C0D6F1}","130475","2024-03-22 00:00","PO37 6EH","O","N","L","CHANNEL VIEW HOTEL, 24","ROOM FB-4","HOPE ROAD","","SHANKLIN","ISLE OF WIGHT","ISLE OF WIGHT","B","A"
"{3B5CE842-9367-EE3A-E063-4804A8C0D6F1}","218450","2024-03-28 00:00","PO37 6EH","O","N","L","CHANNEL VIEW HOTEL, 24","ROOM FB-7","HOPE ROAD","","SHANKLIN","ISLE OF WIGHT","ISLE OF WIGHT","B","A"
"{3B5CE842-9368-EE3A-E063-4804A8C0D6F1}","180455","2024-03-28 00:00","PO37 6EH","O","N","L","CHANNEL VIEW HOTEL, 24","ROOM FB-8","HOPE ROAD","","SHANKLIN","ISLE OF WIGHT","ISLE OF WIGHT","B","A"
"{3B5CE842-9369-EE3A-E063-4804A8C0D6F1}","160000","2024-07-16 00:00","PO30 4DU","O","N","F","PLOT 9","","HUNNYHILL","BRIGHSTONE","NEWPORT","ISLE OF WIGHT","ISLE OF WIGHT","B","A"
"{3B5CE842-936A-EE3A-E063-4804A8C0D6F1}","183345","2024-04-05 00:00","PO37 6EH","O","N","L","CHANNEL VIEW HOTEL, 24","ROOM FB-1","HOPE ROAD","","SHANKLIN","ISLE OF WIGHT","ISLE OF WIGHT","B","A"
"{3B5CE842-936B-EE3A-E063-4804A8C0D6F1}","254405","2024-04-16 00:00","PO37 6EH","O","N","L","CHANNEL VIEW HOTEL, 24","ROOM FB-2","HOPE ROAD","","SHANKLIN","ISLE OF WIGHT","ISLE OF WIGHT","B","A"
"{3B5CE842-936C-EE3A-E063-4804A8C0D6F1}","253725","2024-05-14 00:00","PO37 6EH","O","N","L","CHANNEL VIEW HOTEL, 24","ROOM FB-3","HOPE ROAD","","SHANKLIN","ISLE OF WIGHT","ISLE OF WIGHT","B","A"
"{3B5CE842-936D-EE3A-E063-4804A8C0D6F1}","241825","2024-04-26 00:00","PO37 6EH","O","N","L","CHANNEL VIEW HOTEL, 24","ROOM FB-5","HOPE ROAD","","SHANKLIN","ISLE OF WIGHT","ISLE OF WIGHT","B","A"
"{3B5CE842-936E-EE3A-E063-4804A8C0D6F1}","110000","2024-07-04 00:00","PO38 1RH","F","N","L","RIVIERA PARK APARTMENTS","APARTMENT 28","SHORE ROAD","BONCHURCH","VENTNOR","ISLE OF WIGHT","ISLE OF WIGHT","B","A"
"{3B5CE842-936F-EE3A-E063-4804A8C0D6F1}","17000","2024-07-24 00:00","PO40 9UU","O","N","F","2 CLARENCE BUILDINGS","","AVENUE ROAD","","FRESHWATER","ISLE OF WIGHT","ISLE OF WIGHT","B","A"
"{3B5CE842-9370-EE3A-E063-4804A8C0D6F1}","335000","2024-08-07 00:00","PO38 3BH","O","N","F","THE VESTRY","","HIGH STREET","WROXALL","VENTNOR","ISLE OF WIGHT","ISLE OF WIGHT","B","A"
"{3B5CE842-9371-EE3A-E063-4804A8C0D6F1}","1600","2024-06-05 00:00","PO33 2PZ","O","N","F","WEST END, 34","FLAT 1","JOHN STREET","","RYDE","ISLE OF WIGHT","ISLE OF WIGHT","B","A"
"{3B5CE842-9372-EE3A-E063-4804A8C0D6F1}","140000","2024-08-07 00:00","PO33 2JJ","F","N","L","6","FLAT 1","ANGLESEA STREET","","RYDE","ISLE OF WIGHT","ISLE OF WIGHT","B","A"
"{3B5CE842-9373-EE3A-E063-4804A8C0D6F1}","105000","2024-08-07 00:00","PO33 2JJ","F","N","L","6","FLAT 2","ANGLESEA STREET","","RYDE","ISLE OF WIGHT","ISLE OF WIGHT","B","A"
"{3B5CE842-9374-EE3A-E063-4804A8C0D6F1}","80000","2024-08-23 00:00","PO37 7AA","O","N","L","20","","REGENT STREET","","SHANKLIN","ISLE OF WIGHT","ISLE OF WIGHT","B","A"
"{3B5CE842-9375-EE3A-E063-4804A8C0D6F1}","120000","2024-08-21 00:00","PO30 5HE","F","N","L","STAR COURT 11E","FLAT 4","ST JAMES STREET","","NEWPORT","ISLE OF WIGHT","ISLE OF WIGHT","B","A"
"{3B5CE842-9376-EE3A-E063-4804A8C0D6F1}","1000","2024-08-12 00:00","PO41 0XS","O","N","F","LYNDALE","","CRANMORE AVENUE","CRANMORE","YARMOUTH","ISLE OF WIGHT","ISLE OF WIGHT","B","A"
"{3B5CE842-7F6B-EE3A-E063-4804A8C0D6F1}","250","2024-08-23 00:00","","O","N","F","PLOT B029","","ISLE OF WIGHT LANE","KENSWORTH","DUNSTABLE","CENTRAL BEDFORDSHIRE","CENTRAL BEDFORDSHIRE","B","A"
"{36A61A95-4C16-DEF2-E063-4704A8C046AE}","120000","2024-05-02 00:00","PO33 2RJ","F","N","L","131A","","HIGH STREET","","RYDE","ISLE OF WIGHT","ISLE OF WIGHT","B","C"
"{25E9DA81-D9B7-555E-E063-4704A8C066F2}","143000","2024-09-25 00:00","PO36 8HJ","F","N","L","AMELIA COURT, 9","FLAT 3","WINCHESTER PARK ROAD","","SANDOWN","ISLE OF WIGHT","ISLE OF WIGHT","B","D"
"{38EDC0C2-FB22-0F63-E063-4704A8C00424}","259950","2024-08-12 00:00","PO37 6PP","F","N","L","WESTFIELD, 5","APARTMENT 6","HIGHFIELD ROAD","","SHANKLIN","ISLE OF WIGHT","ISLE OF WIGHT","A","D"
"{3B5CE841-D4F0-EE3A-E063-4804A8C0D6F1}","260000","2025-04-30 00:00","PO36 9JA","S","N","F","31","","MANOR ROAD","LAKE","SANDOWN","ISLE OF WIGHT","ISLE OF WIGHT","A","A"
"{3B5CE841-D4ED-EE3A-E063-4804A8C0D6F1}","237000","2025-02-07 00:00","PO33 2QQ","F","N","L","70","","WEST STREET","","RYDE","ISLE OF WIGHT","ISLE OF WIGHT","A","A"
"{3B5CE841-D4EE-EE3A-E063-4804A8C0D6F1}","660000","2025-07-04 00:00","PO37 6RR","D","N","F","FEZZIWIG","","LUCCOMBE ROAD","","SHANKLIN","ISLE OF WIGHT","ISLE OF WIGHT","A","A"
"{3B5CE841-D4EF-EE3A-E063-4804A8C0D6F1}","122500","2025-07-16 00:00","PO33 4AL","T","N","F","4","","ASHEY PARK","","RYDE","ISLE OF WIGHT","ISLE OF WIGHT","A","A"
"{3B5CE841-D4F1-EE3A-E063-4804A8C0D6F1}","155000","2025-02-21 00:00","PO33 2BH","S","N","L","7","","DANIEL STREET","","RYDE","ISLE OF WIGHT","ISLE OF WIGHT","A","A"
"{3B5CE841-D4F2-EE3A-E063-4804A8C0D6F1}","235000","2025-06-11 00:00","PO38 2BW","S","N","F","RILL FARM COTTAGE","","BLACKGANG ROAD","NITON","VENTNOR","ISLE OF WIGHT","ISLE OF WIGHT","A","A"
"{3B5CE841-D4F3-EE3A-E063-4804A8C0D6F1}","277000","2025-05-16 00:00","PO38 3LL","S","N","F","21","","MOOR VIEW","GODSHILL","VENTNOR","ISLE OF WIGHT","ISLE OF WIGHT","A","A"
"{3B5CE841-D4F4-EE3A-E063-4804A8C0D6F1}","205000","2025-06-16 00:00","PO30 1HG","T","N","F","75","","MEDINA AVENUE","","NEWPORT","ISLE OF WIGHT","ISLE OF WIGHT","A","A"
"{3B5CE841-D4F5-EE3A-E063-4804A8C0D6F1}","370000","2025-07-18 00:00","PO33 3BB","D","N","F","9","","STONELANDS ORCHARD","","RYDE","ISLE OF WIGHT","ISLE OF WIGHT","A","A"
"{3B5CE841-D4F6-EE3A-E063-4804A8C0D6F1}","330000","2025-07-25 00:00","PO33 1YF","D","N","F","HAVEN","","STATION ROAD","ST HELENS","RYDE","ISLE OF WIGHT","ISLE OF WIGHT","A","A"
"{3B5CE841-D4F7-EE3A-E063-4804A8C0D6F1}","225000","2025-07-04 00:00","PO40 9UT","S","N","F","IVY COTTAGE","","AVENUE ROAD","","FRESHWATER","ISLE OF WIGHT","ISLE OF WIGHT","A","A"
"{3B5CE841-D4F8-EE3A-E063-4804A8C0D6F1}","215000","2025-07-11 00:00","PO41 0PF","F","N","L","DAMIAN HOUSE","FLAT 1","WHEATSHEAF LANE","","YARMOUTH","ISLE OF WIGHT","ISLE OF WIGHT","A","A"
"{3B5CE841-D4F9-EE3A-E063-4804A8C0D6F1}","645000","2025-07-07 00:00","PO33 2NY","D","N","F","13","","SPENCER ROAD","","RYDE","ISLE OF WIGHT","ISLE OF WIGHT","A","A"
"{3B5CE841-D4FA-EE3A-E063-4804A8C0D6F1}","695000","2025-07-09 00:00","PO33 4EZ","D","N","F","29","","FISHBOURNE LANE","FISHBOURNE","RYDE","ISLE OF WIGHT","ISLE OF WIGHT","A","A"
"{3B5CE841-D4FB-EE3A-E063-4804A8C0D6F1}","218000","2025-06-30 00:00","PO33 3HR","S","N","F","279","","UPTON ROAD","","RYDE","ISLE OF WIGHT","ISLE OF WIGHT","A","A"
"{3B5CE841-D4FC-EE3A-E063-4804A8C0D6F1}","200000","2025-02-28 00:00","PO33 2QZ","S","N","F","1","","HANSFORD MEWS","","RYDE","ISLE OF WIGHT","ISLE OF WIGHT","A","A"
"{3B5CE841-D4FD-EE3A-E063-4804A8C0D6F1}","695000","2025-07-10 00:00","PO30 3EG","D","N","F","COSY COTTAGE","","GATCOMBE ROAD","GATCOMBE","NEWPORT","ISLE OF WIGHT","ISLE OF WIGHT","A","A"
"{3B5CE841-D4FE-EE3A-E063-4804A8C0D6F1}","225000","2025-05-30 00:00","PO36 8BJ","F","N","L","4","","CROSS STREET","","SANDOWN","ISLE OF WIGHT","ISLE OF WIGHT","A","A"
"{3B5CE841-D4FF-EE3A-E063-4804A8C0D6F1}","565000","2025-07-18 00:00","PO38 2HG","D","N","F","FAIRVIEW","","CHALE STREET","CHALE","VENTNOR","ISLE OF WIGHT","ISLE OF WIGHT","A","A"
"{3B5CE841-D500-EE3A-E063-4804A8C0D6F1}","140000","2025-07-04 00:00","PO38 1DD","D","N","F","THE COACH HOUSE","","ZIG ZAG ROAD","","VENTNOR","ISLE OF WIGHT","ISLE OF WIGHT","A","A"
"{3B5CE841-D501-EE3A-E063-4804A8C0D6F1}","380000","2025-06-27 00:00","PO39 0BJ","D","N","F","STICKLEDOWN","","MADEIRA ROAD","","TOTLAND BAY","ISLE OF WIGHT","ISLE OF WIGHT","A","A"
"{3B5CE841-D502-EE3A-E063-4804A8C0D6F1}","285000","2025-06-27 00:00","PO30 5EQ","S","N","F","101","","SYLVAN DRIVE","","NEWPORT","ISLE OF WIGHT","ISLE OF WIGHT","A","A"
"{3B5CE841-D503-EE3A-E063-4804A8C0D6F1}","225000","2025-06-16 00:00","PO36 8LZ","F","N","L","2","","ROYAL CRESCENT","","SANDOWN","ISLE OF WIGHT","ISLE OF WIGHT","A","A"
"{3B5CE841-D504-EE3A-E063-4804A8C0D6F1}","145000","2025-06-02 00:00","PO33 2RF","F","N","L","21","","BEDWORTH PLACE","","RYDE","ISLE OF WIGHT","ISLE OF WIGHT","A","A"
"{3B5CE841-D505-EE3A-E063-4804A8C0D6F1}","222000","2025-06-09 00:00","PO30 5BA","T","N","F","45","","QUAY STREET","","NEWPORT","ISLE OF WIGHT","ISLE OF WIGHT","A","A"
"{3B5CE841-D506-EE3A-E063-4804A8C0D6F1}","365000","2025-07-11 00:00","PO31 7LJ","D","N","F","1","","MOORGREEN ROAD","","COWES","ISLE OF WIGHT","ISLE OF WIGHT","A","A"
"{3B5CE841-D508-EE3A-E063-4804A8C0D6F1}","196000","2025-06-25 00:00","PO32 6DU","T","N","F","5","","ORCHARD ROAD","","EAST COWES","ISLE OF WIGHT","ISLE OF WIGHT","A","A"
"{3B5CE841-D509-EE3A-E063-4804A8C0D6F1}","190000","2025-02-28 00:00","PO32 6DT","S","N","F","54","","ORCHARD ROAD","","EAST COWES","ISLE OF WIGHT","ISLE OF WIGHT","A","A"
"{3B5CE841-D50A-EE3A-E063-4804A8C0D6F1}","135000","2025-07-15 00:00","PO40 9BQ","F","N","L","3A","","ORCHARD CLOSE","","FRESHWATER","ISLE OF WIGHT","ISLE OF WIGHT","A","A"
"{3B5CE841-D50B-EE3A-E063-4804A8C0D6F1}","310000","2025-07-25 00:00","PO30 5BA","T","N","F","44","","QUAY STREET","","NEWPORT","ISLE OF WIGHT","ISLE OF WIGHT","A","A"
"{3B5CE841-D50C-EE3A-E063-4804A8C0D6F1}","282500","2025-07-09 00:00","PO31 7UH","S","N","F","THE SHEILINGS","1","THREE GATES ROAD","","COWES","ISLE OF WIGHT","ISLE OF WIGHT","A","A"
"{3B5CE841-D50D-EE3A-E063-4804A8C0D6F1}","170000","2025-07-18 00:00","PO31 7HN","F","N","L","MARANATHA COURT, 1","FLAT 2","BELLEVUE ROAD","","COWES","ISLE OF WIGHT","ISLE OF WIGHT","A","A"
"{3B5CE841-D50E-EE3A-E063-4804A8C0D6F1}","325000","2025-07-17 00:00","PO34 5DR","S","N","F","CAMBRIDGE COTTAGES","2","NETTLESTONE HILL","","SEAVIEW","ISLE OF WIGHT","ISLE OF WIGHT","A","A"
"{3B5CE841-D50F-EE3A-E063-4804A8C0D6F1}","295000","2025-06-13 00:00","PO39 0JA","F","N","L","ALUM BAY HOUSE","FLAT 2","ALUM BAY OLD ROAD","","TOTLAND BAY","ISLE OF WIGHT","ISLE OF WIGHT","A","A"
"{3B5CE841-D513-EE3A-E063-4804A8C0D6F1}","285000","2025-01-31 00:00","PO40 9TU","F","N","L","TENNYSONS VIEW","8","MILITARY ROAD","","FRESHWATER","ISLE OF WIGHT","ISLE OF WIGHT","A","A"
"{3B5CE841-D510-EE3A-E063-4804A8C0D6F1}","150000","2025-06-26 00:00","PO30 2DW","F","N","L","61","FLAT 11","VICTORIA ROAD","","NEWPORT","ISLE OF WIGHT","ISLE OF WIGHT","A","A"
"{3B5CE841-D511-EE3A-E063-4804A8C0D6F1}","260000","2025-02-21 00:00","PO38 3JL","D","N","F","7","","SCHOOL CRESCENT","GODSHILL","VENTNOR","ISLE OF WIGHT","ISLE OF WIGHT","A","A"
"{3B5CE841-D512-EE3A-E063-4804A8C0D6F1}","315000","2025-06-19 00:00","PO33 4PE","S","N","F","8","","HIGH STREET","WOOTTON BRIDGE","RYDE","ISLE OF WIGHT","ISLE OF WIGHT","A","A"
"{3B5CE841-D514-EE3A-E063-4804A8C0D6F1}","129500","2025-07-01 00:00","PO36 8JQ","F","N","L","JAMES COURT","FLAT 8","LEED STREET","","SANDOWN","ISLE OF WIGHT","ISLE OF WIGHT","A","A"
"{3B5CE841-D515-EE3A-E063-4804A8C0D6F1}","485000","2025-06-27 00:00","PO31 8JU","D","N","F","24","","ALBERT ROAD","","COWES","ISLE OF WIGHT","ISLE OF WIGHT","A","A"
"{3B5CE841-D517-EE3A-E063-4804A8C0D6F1}","272000","2025-07-25 00:00","PO36 0NF","S","N","F","THE OLD BAKERY","","HIGH STREET","NEWCHURCH","SANDOWN","ISLE OF WIGHT","ISLE OF WIGHT","A","A"
"{3B5CE841-D518-EE3A-E063-4804A8C0D6F1}","322000","2025-07-24 00:00","PO30 5GF","T","N","F","33","","BRICKFIELD CLOSE","","NEWPORT","ISLE OF WIGHT","ISLE OF WIGHT","A","A"
"{3B5CE841-D519-EE3A-E063-4804A8C0D6F1}","180000","2025-02-28 00:00","PO30 3BY","F","N","L","TENNYSON RISE, 1","APARTMENT 6","WHITECROFT PARK","","NEWPORT","ISLE OF WIGHT","ISLE OF WIGHT","A","A"
"{3B5CE841-D51A-EE3A-E063-4804A8C0D6F1}","402000","2025-06-27 00:00","PO30 5EQ","D","N","F","65","","SYLVAN DRIVE","","NEWPORT","ISLE OF WIGHT","ISLE OF WIGHT","A","A"
"{3B5CE841-D51B-EE3A-E063-4804A8C0D6F1}","200000","2025-06-26 00:00","PO36 9FN","F","N","L","KINGSWOOD COURT, 9A","FLAT 4","BROADWAY","","SANDOWN","ISLE OF WIGHT","ISLE OF WIGHT","A","A"
"{3B5CE841-D51C-EE3A-E063-4804A8C0D6F1}","460000","2025-06-30 00:00","PO38 3NG","D","N","F","BULLRUSHES","","MAIN ROAD","ROOKLEY","VENTNOR","ISLE OF WIGHT","ISLE OF WIGHT","A","A"
"{3B5CE841-D51D-EE3A-E063-4804A8C0D6F1}","193000","2025-07-04 00:00","PO30 1RW","T","N","F","75","","ELM GROVE","","NEWPORT","ISLE OF WIGHT","ISLE OF WIGHT","A","A"
"{3B5CE841-D51E-EE3A-E063-4804A8C0D6F1}","420000","2025-05-28 00:00","PO30 2DY","T","N","F","12","","CORMORANT GROVE","","NEWPORT","ISLE OF WIGHT","ISLE OF WIGHT","A","A"
"{3B5CE841-D51F-EE3A-E063-4804A8C0D6F1}","335000","2025-07-01 00:00","PO30 4DG","S","N","F","5","","HEATH GARDENS","BRIGHSTONE","NEWPORT","ISLE OF WIGHT","ISLE OF WIGHT","A","A"
"{3B5CE841-D521-EE3A-E063-4804A8C0D6F1}","272000","2025-07-08 00:00","PO33 3QZ","D","N","F","26","","HAMILTON ROAD","","RYDE","ISLE OF WIGHT","ISLE OF WIGHT","A","A"
"{3B5CE841-D522-EE3A-E063-4804A8C0D6F1}","275000","2025-07-09 00:00","PO32 6RL","T","N","F","12","","CHURCH PATH","","EAST COWES","ISLE OF WIGHT","ISLE OF WIGHT","A","A"
"{3B5CE841-D523-EE3A-E063-4804A8C0D6F1}","546640","2025-06-12 00:00","PO35 5YF","D","N","F","3","","WOODNUTT CLOSE","","BEMBRIDGE","ISLE OF WIGHT","ISLE OF WIGHT","A","A"
"{3B5CE841-D524-EE3A-E063-4804A8C0D6F1}","197950","2025-06-27 00:00","PO33 2SF","S","N","F","18","","PRINCE STREET","","RYDE","ISLE OF WIGHT","ISLE OF WIGHT","A","A"
"{3B5CE841-D525-EE3A-E063-4804A8C0D6F1}","218000","2025-02-10 00:00","PO33 2RX","S","N","F","24","","SURREY STREET","","RYDE","ISLE OF WIGHT","ISLE OF WIGHT","A","A"
"{3B5CE841-D526-EE3A-E063-4804A8C0D6F1}","236500","2025-07-11 00:00","PO33 2DJ","T","N","F","WINTON COURT","1","TRINITY STREET","","RYDE","ISLE OF WIGHT","ISLE OF WIGHT","A","A"
"{3B5CE841-D527-EE3A-E063-4804A8C0D6F1}","240000","2025-07-08 00:00","PO37 7HA","S","N","F","1","","ROYAL CLOSE","","SHANKLIN","ISLE OF WIGHT","ISLE OF WIGHT","A","A"
"{3B5CE841-D528-EE3A-E063-4804A8C0D6F1}","100000","2025-06-30 00:00","PO30 5UN","F","N","L","SOMERS BROOK COURT","FLAT 3","FOXES ROAD","","NEWPORT","ISLE OF WIGHT","ISLE OF WIGHT","A","A"
"{3B5CE841-D529-EE3A-E063-4804A8C0D6F1}","295000","2025-02-26 00:00","PO32 6FP","T","N","F","7","","ROYALIST COURT","","EAST COWES","ISLE OF WIGHT","ISLE OF WIGHT","A","A"
"{3B5CE841-D52A-EE3A-E063-4804A8C0D6F1}","428000","2025-07-18 00:00","PO40 9BH","D","N","F","BROCK COTTAGE","","HOOKE HILL","","FRESHWATER","ISLE OF WIGHT","ISLE OF WIGHT","A","A"
"{3B5CE841-D52B-EE3A-E063-4804A8C0D6F1}","105000","2025-07-11 00:00","PO33 3BX","F","N","L","5A","","ARGYLL PLACE","","RYDE","ISLE OF WIGHT","ISLE OF WIGHT","A","A"
"{3B5CE841-D52C-EE3A-E063-4804A8C0D6F1}","253000","2025-06-30 00:00","PO30 2FX","S","N","F","12","","SAXON CLOSE","","NEWPORT","ISLE OF WIGHT","ISLE OF WIGHT","A","A"
"{3B5CE841-D52D-EE3A-E063-4804A8C0D6F1}","261000","2025-07-25 00:00","PO40 9FT","S","N","F","6","","OLD SCHOOL CLOSE","","FRESHWATER","ISLE OF WIGHT","ISLE OF WIGHT","A","A"
"{3B5CE841-D52E-EE3A-E063-4804A8C0D6F1}","110000","2025-04-16 00:00","PO33 2AR","F","N","L","WYDFORD HOUSE, 23","FLAT 9","BELLEVUE ROAD","","RYDE","ISLE OF WIGHT","ISLE OF WIGHT","A","A"
"{3B5CE841-D52F-EE3A-E063-4804A8C0D6F1}","332500","2025-07-18 00:00","PO30 2DG","S","N","F","69","","STAPLERS ROAD","","NEWPORT","ISLE OF WIGHT","ISLE OF WIGHT","A","A"
"{3B5CE841-D530-EE3A-E063-4804A8C0D6F1}","218000","2025-06-13 00:00","PO38 1PN","F","N","L","HAWTHORNE","FLAT 3","ST BONIFACE ROAD","","VENTNOR","ISLE OF WIGHT","ISLE OF WIGHT","A","A"
"{3B5CE841-D531-EE3A-E063-4804A8C0D6F1}","365000","2025-06-30 00:00","PO40 9DQ","D","N","F","10","","PARKWAY","","FRESHWATER","ISLE OF WIGHT","ISLE OF WIGHT","A","A"
"{3B5CE841-D532-EE3A-E063-4804A8C0D6F1}","243500","2025-07-29 00:00","PO33 4AE","F","N","L","THE HAVENS","3","MAIN ROAD","HAVENSTREET","RYDE","ISLE OF WIGHT","ISLE OF WIGHT","A","A"
"{3B5CE841-CD18-EE3A-E063-4804A8C0D6F1}","220000","2025-07-03 00:00","PO33 1YE","S","N","F","43","","DOWNS VIEW ROAD","ST HELENS","RYDE","ISLE OF WIGHT","ISLE OF WIGHT","A","A"
"{3B5CE841-D536-EE3A-E063-4804A8C0D6F1}","585000","2025-07-11 00:00","PO34 5DD","S","N","F","36","","HORESTONE DRIVE","","SEAVIEW","ISLE OF WIGHT","ISLE OF WIGHT","A","A"
"{3B5CE841-D533-EE3A-E063-4804A8C0D6F1}","265000","2025-07-18 00:00","PO30 2FA","D","N","F","4","","SWAN STREET","","NEWPORT","ISLE OF WIGHT","ISLE OF WIGHT","A","A"
"{3B5CE841-D534-EE3A-E063-4804A8C0D6F1}","93000","2025-02-21 00:00","PO30 1SP","F","N","L","ROLLA COURT","FLAT 6","NEW STREET","","NEWPORT","ISLE OF WIGHT","ISLE OF WIGHT","A","A"
"{3B5CE841-D535-EE3A-E063-4804A8C0D6F1}","58000","2025-02-04 00:00","PO33 2SU","F","N","L","114A","","HIGH STREET","","RYDE","ISLE OF WIGHT","ISLE OF WIGHT","A","A"
"{3B5CE841-D537-EE3A-E063-4804A8C0D6F1}","200000","2025-06-13 00:00","PO30 2GN","T","N","F","23","","WINTERGREEN GARDENS","","NEWPORT","ISLE OF WIGHT","ISLE OF WIGHT","A","A"
"{3B5CE841-D538-EE3A-E063-4804A8C0D6F1}","54000","2025-06-17 00:00","PO33 2GA","F","N","L","KLEO FRIEND APARTMENTS, 28","60","WOODLAND VIEW","","RYDE","ISLE OF WIGHT","ISLE OF WIGHT","A","A"
"{3B5CE841-D539-EE3A-E063-4804A8C0D6F1}","112500","2025-01-10 00:00","PO30 2GN","S","N","L","51","","WINTERGREEN GARDENS","","NEWPORT","ISLE OF WIGHT","ISLE OF WIGHT","A","A"
"{3B5CE841-D53A-EE3A-E063-4804A8C0D6F1}","460000","2025-07-07 00:00","PO36 0LS","D","N","F","FERNDOWN","","NEWPORT ROAD","APSE HEATH","SANDOWN","ISLE OF WIGHT","ISLE OF WIGHT","A","A"
"{3B5CE841-D549-EE3A-E063-4804A8C0D6F1}","140000","2025-03-20 00:00","PO33 2NX","F","N","L","SAXONBURY HOUSE, 94","FLAT 4","WEST STREET","","RYDE","ISLE OF WIGHT","ISLE OF WIGHT","A","A"
"{3B5CE841-D55F-EE3A-E063-4804A8C0D6F1}","210000","2025-02-05 00:00","PO30 5HE","T","N","F","11","","ST JAMES STREET","","NEWPORT","ISLE OF WIGHT","ISLE OF WIGHT","A","A"
"{3B5CE841-D560-EE3A-E063-4804A8C0D6F1}","778723","2025-06-20 00:00","PO36 8FE","F","Y","L","BREAKWATERS","PENTHOUSE 1","BREAKWATER WAY","","SANDOWN","ISLE OF WIGHT","ISLE OF WIGHT","A","A"
"{3B5CE841-D561-EE3A-E063-4804A8C0D6F1}","165000","2025-07-25 00:00","PO30 1ED","F","N","L","GLENFIELD COURT","FLAT 4","WHITCOMBE ROAD","","NEWPORT","ISLE OF WIGHT","ISLE OF WIGHT","A","A"
"{3B5CE841-D562-EE3A-E063-4804A8C0D6F1}","568000","2025-07-10 00:00","PO34 5DB","D","N","F","23","","HORESTONE RISE","","SEAVIEW","ISLE OF WIGHT","ISLE OF WIGHT","A","A"
"{3B5CE841-CDB1-EE3A-E063-4804A8C0D6F1}","227500","2025-06-13 00:00","PO30 5RG","D","N","F","18","","WESTMILL ROAD","","NEWPORT","ISLE OF WIGHT","ISLE OF WIGHT","A","A"
"{3B5CE841-CB83-EE3A-E063-4804A8C0D6F1}","511000","2025-06-27 00:00","PO31 7NW","D","N","F","1","","DEBOURNE CLOSE","","COWES","ISLE OF WIGHT","ISLE OF WIGHT","A","A"
"{3B5CE841-CEDC-EE3A-E063-4804A8C0D6F1}","230000","2025-06-25 00:00","PO33 1YD","T","N","F","81","","DOWNS VIEW ROAD","ST HELENS","RYDE","ISLE OF WIGHT","ISLE OF WIGHT","A","A"
"{3B5CE841-CBA8-EE3A-E063-4804A8C0D6F1}","320000","2025-02-28 00:00","PO32 6PP","S","N","F","2","","ST JAMES CLOSE","","EAST COWES","ISLE OF WIGHT","ISLE OF WIGHT","A","A"
"{3B5CE841-CBF0-EE3A-E063-4804A8C0D6F1}","202000","2025-07-08 00:00","PO33 2UR","T","N","F","10","","LEIGHWOOD CLOSE","","RYDE","ISLE OF WIGHT","ISLE OF WIGHT","A","A"
"{3B5CE841-CC29-EE3A-E063-4804A8C0D6F1}","290000","2025-05-30 00:00","PO32 6LT","S","N","F","16","","CAMPFIELD ROAD","WHIPPINGHAM","EAST COWES","ISLE OF WIGHT","ISLE OF WIGHT","A","A"
"{3B5CE841-C7A6-EE3A-E063-4804A8C0D6F1}","875000","2025-07-10 00:00","PO35 5TW","D","N","F","105","","HOWGATE ROAD","","BEMBRIDGE","ISLE OF WIGHT","ISLE OF WIGHT","A","A"
"{3B5CE841-C9EC-EE3A-E063-4804A8C0D6F1}","265000","2025-03-07 00:00","PO37 7DU","D","N","F","17","","PRINCES WAY","","SHANKLIN","ISLE OF WIGHT","ISLE OF WIGHT","A","A"
"{3B5CE841-C9FF-EE3A-E063-4804A8C0D6F1}","220000","2025-05-21 00:00","PO37 7EY","S","N","F","11","","HILDYARDS CRESCENT","","SHANKLIN","ISLE OF WIGHT","ISLE OF WIGHT","A","A"
"{3B5CE841-CC54-EE3A-E063-4804A8C0D6F1}","270000","2025-06-20 00:00","PO30 2LL","D","N","F","34","","COOK AVENUE","","NEWPORT","ISLE OF WIGHT","ISLE OF WIGHT","A","A"
"{3B5CE841-D4A3-EE3A-E063-4804A8C0D6F1}","282000","2025-02-05 00:00","PO36 9QR","D","N","F","35","","MERRIE GARDENS","LAKE","SANDOWN","ISLE OF WIGHT","ISLE OF WIGHT","A","A"
"{3B5CE841-D4A4-EE3A-E063-4804A8C0D6F1}","345000","2025-07-07 00:00","PO34 5DJ","D","N","F","PEARMAIN","","SEAVIEW LANE","","SEAVIEW","ISLE OF WIGHT","ISLE OF WIGHT","A","A"
"{3B5CE841-C7BC-EE3A-E063-4804A8C0D6F1}","330000","2025-02-14 00:00","PO33 1LW","D","N","F","131","","WEST HILL ROAD","","RYDE","ISLE OF WIGHT","ISLE OF WIGHT","A","A"
"{3B5CE841-CC74-EE3A-E063-4804A8C0D6F1}","264000","2025-06-27 00:00","PO31 8AW","S","N","F","6","","GREENWAYS CLOSE","NORTHWOOD","COWES","ISLE OF WIGHT","ISLE OF WIGHT","A","A"
"{3B5CE841-D4A8-EE3A-E063-4804A8C0D6F1}","200000","2025-02-28 00:00","PO30 2AQ","S","N","F","52","","ASH ROAD","","NEWPORT","ISLE OF WIGHT","ISLE OF WIGHT","A","A"
"{3B5CE841-D4A5-EE3A-E063-4804A8C0D6F1}","300000","2025-02-05 00:00","PO36 8QF","D","N","F","46","","YAVERLAND CLOSE","","SANDOWN","ISLE OF WIGHT","ISLE OF WIGHT","A","A"
"{3B5CE841-D4A6-EE3A-E063-4804A8C0D6F1}","160000","2025-07-04 00:00","PO33 2UW","S","N","L","27A","","ASHEY ROAD","","RYDE","ISLE OF WIGHT","ISLE OF WIGHT","A","A"
"{3B5CE841-D4A7-EE3A-E063-4804A8C0D6F1}","275000","2025-02-19 00:00","PO36 9DY","D","N","F","148","","PEROWNE WAY","","SANDOWN","ISLE OF WIGHT","ISLE OF WIGHT","A","A"
"{3B5CE841-D4A9-EE3A-E063-4804A8C0D6F1}","150000","2025-06-24 00:00","PO33 3TU","D","N","F","2","","PELLVIEW CLOSE","","RYDE","ISLE OF WIGHT","ISLE OF WIGHT","A","A"
"{3B5CE841-D4AA-EE3A-E063-4804A8C0D6F1}","560000","2025-07-21 00:00","PO36 8HG","D","N","F","74","","FITZROY STREET","","SANDOWN","ISLE OF WIGHT","ISLE OF WIGHT","A","A"
"{3B5CE841-D4AB-EE3A-E063-4804A8C0D6F1}","327000","2025-06-13 00:00","PO40 9AH","S","N","F","LONGHALVES LODGE","","LONGHALVES","","FRESHWATER","ISLE OF WIGHT","ISLE OF WIGHT","A","A"
"{3B5CE841-D4AC-EE3A-E063-4804A8C0D6F1}","650000","2025-07-18 00:00","PO37 6RX","D","N","F","DUNEDIN","","ASH GROVE","LUCCOMBE","SHANKLIN","ISLE OF WIGHT","ISLE OF WIGHT","A","A"
"{3B5CE841-D4AD-EE3A-E063-4804A8C0D6F1}","172500","2025-07-23 00:00","PO37 6BU","F","N","L","CORINTHIAN COURT","FLAT 8","CROSS STREET","","SHANKLIN","ISLE OF WIGHT","ISLE OF WIGHT","A","A"
"{3B5CE841-D4AE-EE3A-E063-4804A8C0D6F1}","168000","2025-06-27 00:00","PO30 1HN","T","N","F","7","","HEATH CLOSE","","NEWPORT","ISLE OF WIGHT","ISLE OF WIGHT","A","A"
"{3B5CE841-D4AF-EE3A-E063-4804A8C0D6F1}","90000","2025-06-18 00:00","PO33 2EN","F","N","L","30","FLAT 4","GEORGE STREET","","RYDE","ISLE OF WIGHT","ISLE OF WIGHT","A","A"
"{3B5CE841-D4B0-EE3A-E063-4804A8C0D6F1}","425000","2025-06-27 00:00","PO33 3EB","S","N","L","6","","PITT STREET","","RYDE","ISLE OF WIGHT","ISLE OF WIGHT","A","A"
"{3B5CE841-D4B1-EE3A-E063-4804A8C0D6F1}","137500","2025-06-27 00:00","PO30 1RS","F","N","L","LININGTON COURT","FLAT 7","UNION STREET","","NEWPORT","ISLE OF WIGHT","ISLE OF WIGHT","A","A"
"{3B5CE841-D4B2-EE3A-E063-4804A8C0D6F1}","700000","2025-06-03 00:00","PO37 6QB","D","N","F","RIDGEWAY","","WESTHILL ROAD","","SHANKLIN","ISLE OF WIGHT","ISLE OF WIGHT","A","A"
"{3B5CE841-D4B3-EE3A-E063-4804A8C0D6F1}","150000","2025-07-17 00:00","PO34 5AS","F","N","L","5","","HIGH SALTERNS","","SEAVIEW","ISLE OF WIGHT","ISLE OF WIGHT","A","A"
"{3B5CE841-D4B4-EE3A-E063-4804A8C0D6F1}","235000","2025-06-02 00:00","PO35 5QL","D","N","F","6","","LINCOLN WAY","","BEMBRIDGE","ISLE OF WIGHT","ISLE OF WIGHT","A","A"
"{3B5CE841-D4B6-EE3A-E063-4804A8C0D6F1}","112500","2025-02-28 00:00","PO30 2BW","F","N","L","72","","GARDEN WAY","","NEWPORT","ISLE OF WIGHT","ISLE OF WIGHT","A","A"
"{3B5CE841-D4B8-EE3A-E063-4804A8C0D6F1}","215000","2025-07-24 00:00","PO38 3ED","T","N","F","3","","YARBOROUGH TERRACE","WROXALL","VENTNOR","ISLE OF WIGHT","ISLE OF WIGHT","A","A"
"{3B5CE841-D4BA-EE3A-E063-4804A8C0D6F1}","250000","2025-07-18 00:00","PO31 7LH","S","N","F","91","","MOORGREEN ROAD","","COWES","ISLE OF WIGHT","ISLE OF WIGHT","A","A"
"{3B5CE841-D4BB-EE3A-E063-4804A8C0D6F1}","260000","2025-07-11 00:00","PO31 7NH","S","N","F","32","","PARKLANDS AVENUE","","COWES","ISLE OF WIGHT","ISLE OF WIGHT","A","A"
"{3B5CE841-D4BC-EE3A-E063-4804A8C0D6F1}","295000","2025-07-03 00:00","PO40 9DH","D","N","F","47","","PARKWAY","","FRESHWATER","ISLE OF WIGHT","ISLE OF WIGHT","A","A"
"{3B5CE841-D4BD-EE3A-E063-4804A8C0D6F1}","412500","2025-02-17 00:00","PO30 4DL","D","N","F","CRANBROOKE","","MOOR LANE","BRIGHSTONE","NEWPORT","ISLE OF WIGHT","ISLE OF WIGHT","A","A"
"{3B5CE841-D4BE-EE3A-E063-4804A8C0D6F1}","230000","2025-03-03 00:00","PO36 0DY","S","N","F","42","","STATION ROAD","BRADING","SANDOWN","ISLE OF WIGHT","ISLE OF WIGHT","A","A"
"{3B5CE841-D4BF-EE3A-E063-4804A8C0D6F1}","175000","2025-07-15 00:00","PO30 1DS","T","N","F","77","","CASTLE ROAD","","NEWPORT","ISLE OF WIGHT","ISLE OF WIGHT","A","A"
"{3B5CE841-D4C0-EE3A-E063-4804A8C0D6F1}","350000","2025-06-27 00:00","PO36 8QL","S","N","F","69","","CULVER WAY","YAVERLAND","SANDOWN","ISLE OF WIGHT","ISLE OF WIGHT","A","A"
"{3B5CE841-D4C1-EE3A-E063-4804A8C0D6F1}","145000","2025-07-17 00:00","PO30 1RN","S","N","F","93","","ELM GROVE","","NEWPORT","ISLE OF WIGHT","ISLE OF WIGHT","A","A"
"{3B5CE841-D4C2-EE3A-E063-4804A8C0D6F1}","129000","2025-07-21 00:00","PO33 2JT","F","N","L","SANTA MADELINA, 5","FLAT 2","RIBOLEAU STREET","","RYDE","ISLE OF WIGHT","ISLE OF WIGHT","A","A"
"{3B5CE841-D4C3-EE3A-E063-4804A8C0D6F1}","215000","2025-07-11 00:00","PO31 7BS","T","N","F","12","","YORK STREET","","COWES","ISLE OF WIGHT","ISLE OF WIGHT","A","A"
"{3B5CE841-D4C4-EE3A-E063-4804A8C0D6F1}","186200","2025-07-04 00:00","PO31 7ET","S","N","F","29","","LOVE LANE","","COWES","ISLE OF WIGHT","ISLE OF WIGHT","A","A"
"{3B5CE841-D4C5-EE3A-E063-4804A8C0D6F1}","215000","2025-03-21 00:00","PO30 1RF","S","N","F","28","","WINSTON ROAD","","NEWPORT","ISLE OF WIGHT","ISLE OF WIGHT","A","A"
"{3B5CE841-D4C6-EE3A-E063-4804A8C0D6F1}","158500","2025-07-23 00:00","PO30 1HH","F","N","L","SHIDE VILLA, 132","FLAT 3","MEDINA AVENUE","","NEWPORT","ISLE OF WIGHT","ISLE OF WIGHT","A","A"
"{3B5CE841-D4C7-EE3A-E063-4804A8C0D6F1}","196200","2025-06-30 00:00","PO36 9NS","S","N","F","81","","JEALS LANE","","SANDOWN","ISLE OF WIGHT","ISLE OF WIGHT","A","A"
"{3B5CE841-D4C8-EE3A-E063-4804A8C0D6F1}","286000","2025-07-01 00:00","PO31 7BB","T","N","F","22","","PLACE SIDE","","COWES","ISLE OF WIGHT","ISLE OF WIGHT","A","A"
"{3B5CE841-D4C9-EE3A-E063-4804A8C0D6F1}","170000","2025-07-28 00:00","PO33 2RS","T","N","F","52","","ST JOHNS ROAD","","RYDE","ISLE OF WIGHT","ISLE OF WIGHT","A","A"
"{3B5CE841-C7E7-EE3A-E063-4804A8C0D6F1}","385000","2025-07-22 00:00","PO37 7HE","D","N","F","31","","WHEELER WAY","","SHANKLIN","ISLE OF WIGHT","ISLE OF WIGHT","A","A"
"{3B5CE841-CA58-EE3A-E063-4804A8C0D6F1}","400000","2025-01-17 00:00","PO33 3BJ","D","N","F","4","","WESTWOOD ROAD","","RYDE","ISLE OF WIGHT","ISLE OF WIGHT","A","A"
"{3B5CE841-CC8E-EE3A-E063-4804A8C0D6F1}","335000","2025-07-01 00:00","PO38 2BJ","S","N","F","45","","GREENLYDD CLOSE","NITON","VENTNOR","ISLE OF WIGHT","ISLE OF WIGHT","A","A"
"{3B5CE841-D4CD-EE3A-E063-4804A8C0D6F1}","145000","2025-06-02 00:00","PO36 9AR","T","N","F","5","","THE CLOISTERS","","SANDOWN","ISLE OF WIGHT","ISLE OF WIGHT","A","A"
"{3B5CE841-D4CA-EE3A-E063-4804A8C0D6F1}","92000","2025-07-25 00:00","PO36 8NU","F","N","L","CLIFF COURT","FLAT 17","CURRIE ROAD","LAKE","SANDOWN","ISLE OF WIGHT","ISLE OF WIGHT","A","A"
"{3B5CE841-D4CB-EE3A-E063-4804A8C0D6F1}","270000","2025-07-17 00:00","PO36 0DL","D","N","F","PRIMROSE LODGE","","CROSS STREET","BRADING","SANDOWN","ISLE OF WIGHT","ISLE OF WIGHT","A","A"
"{3B5CE841-D4CC-EE3A-E063-4804A8C0D6F1}","239000","2025-06-27 00:00","PO30 1EE","S","N","F","11","","TERRACE ROAD","","NEWPORT","ISLE OF WIGHT","ISLE OF WIGHT","A","A"
"{3B5CE841-D4CE-EE3A-E063-4804A8C0D6F1}","490000","2025-07-17 00:00","PO33 4EH","D","N","F","CHRIS COTTAGE","","QUARR HILL","BINSTEAD","RYDE","ISLE OF WIGHT","ISLE OF WIGHT","A","A"
"{3B5CE841-D4CF-EE3A-E063-4804A8C0D6F1}","210000","2025-07-11 00:00","PO32 6QP","T","N","F","7","","NELSON CLOSE","","EAST COWES","ISLE OF WIGHT","ISLE OF WIGHT","A","A"
"{3B5CE841-D4D0-EE3A-E063-4804A8C0D6F1}","331000","2025-03-05 00:00","PO30 1DP","S","N","F","64","","CASTLE ROAD","","NEWPORT","ISLE OF WIGHT","ISLE OF WIGHT","A","A"
"{3B5CE841-D4D1-EE3A-E063-4804A8C0D6F1}","155000","2025-06-20 00:00","PO36 8PS","F","N","L","11","","BRINKCLIFFE GARDENS","LAKE","SANDOWN","ISLE OF WIGHT","ISLE OF WIGHT","A","A"
"{3B5CE841-D4D2-EE3A-E063-4804A8C0D6F1}","290000","2025-06-25 00:00","PO33 1AS","D","N","F","14","","HAYWARD AVENUE","","RYDE","ISLE OF WIGHT","ISLE OF WIGHT","A","A"
"{3B5CE841-D4D3-EE3A-E063-4804A8C0D6F1}","390000","2025-07-18 00:00","PO33 1AB","D","N","F","27","","MARLBOROUGH ROAD","","RYDE","ISLE OF WIGHT","ISLE OF WIGHT","A","A"
"{3B5CE841-D4D4-EE3A-E063-4804A8C0D6F1}","200000","2025-02-14 00:00","PO31 7QB","T","N","F","40","","FRASER CLOSE","","COWES","ISLE OF WIGHT","ISLE OF WIGHT","A","A"
"{3B5CE841-D4D5-EE3A-E063-4804A8C0D6F1}","119000","2025-07-11 00:00","PO30 1PG","F","N","L","COTTAGE HOUSE, 13","FLAT 3","UNION STREET","","NEWPORT","ISLE OF WIGHT","ISLE OF WIGHT","A","A"
"{3B5CE841-D4D6-EE3A-E063-4804A8C0D6F1}","315000","2025-07-03 00:00","PO38 3EA","D","N","F","57","","YARBOROUGH ROAD","WROXALL","VENTNOR","ISLE OF WIGHT","ISLE OF WIGHT","A","A"
"{3B5CE841-D4D7-EE3A-E063-4804A8C0D6F1}","75000","2025-05-30 00:00","PO40 9SQ","S","N","F","95","","BRAMBLES CHINE","","FRESHWATER","ISLE OF WIGHT","ISLE OF WIGHT","A","A"
"{3B5CE841-D4D9-EE3A-E063-4804A8C0D6F1}","345000","2025-01-31 00:00","PO30 4AR","T","N","F","ROW DOWN VIEW","2","UPPER LANE","BRIGHSTONE","NEWPORT","ISLE OF WIGHT","ISLE OF WIGHT","A","A"
"{3B5CE841-D4DA-EE3A-E063-4804A8C0D6F1}","395000","2025-06-27 00:00","PO40 9SW","D","N","F","WESTBURY","","COLWELL ROAD","","FRESHWATER","ISLE OF WIGHT","ISLE OF WIGHT","A","A"
"{3B5CE841-D4DB-EE3A-E063-4804A8C0D6F1}","237000","2025-06-27 00:00","PO30 5PD","S","N","F","4","","HIGH ROAD","CAMP HILL","NEWPORT","ISLE OF WIGHT","ISLE OF WIGHT","A","A"
"{3B5CE841-D4DC-EE3A-E063-4804A8C0D6F1}","190000","2025-06-20 00:00","PO36 0DY","S","N","F","23","","STATION ROAD","BRADING","SANDOWN","ISLE OF WIGHT","ISLE OF WIGHT","A","A"
"{3B5CE841-D4DD-EE3A-E063-4804A8C0D6F1}","257050","2025-07-14 00:00","PO32 6SH","S","N","F","36","","YARBOROUGH ROAD","","EAST COWES","ISLE OF WIGHT","ISLE OF WIGHT","A","A"
"{3B5CE841-D4DE-EE3A-E063-4804A8C0D6F1}","550000","2025-06-23 00:00","PO33 3TF","D","N","F","82","","NEWNHAM ROAD","BINSTEAD","RYDE","ISLE OF WIGHT","ISLE OF WIGHT","A","A"
"{3B5CE841-D4DF-EE3A-E063-4804A8C0D6F1}","425000","2025-07-14 00:00","PO31 7PN","S","N","F","72","","NEWPORT ROAD","","COWES","ISLE OF WIGHT","ISLE OF WIGHT","A","A"
"{3B5CE841-D4E1-EE3A-E063-4804A8C0D6F1}","204000","2025-05-14 00:00","PO33 1UB","T","N","L","BELLEVUE","2","LOWER GREEN ROAD","ST HELENS","RYDE","ISLE OF WIGHT","ISLE OF WIGHT","A","A"
"{3B5CE841-D4E2-EE3A-E063-4804A8C0D6F1}","605000","2025-06-04 00:00","PO35 5QW","D","N","F","30","","HOWGATE ROAD","","BEMBRIDGE","ISLE OF WIGHT","ISLE OF WIGHT","A","A"
"{3B5CE841-D4E3-EE3A-E063-4804A8C0D6F1}","170000","2025-06-19 00:00","PO30 1ER","T","N","F","3","","CLARENCE ROAD","","NEWPORT","ISLE OF WIGHT","ISLE OF WIGHT","A","A"
"{3B5CE841-D4E4-EE3A-E063-4804A8C0D6F1}","1200000","2025-02-10 00:00","PO40 9UA","D","N","F","THE FIRS","","SOUTHDOWN ROAD","","FRESHWATER","ISLE OF WIGHT","ISLE OF WIGHT","A","A"
"{3B5CE841-D4E5-EE3A-E063-4804A8C0D6F1}","235000","2025-07-03 00:00","PO36 0LP","T","N","F","11","","WOODS DRIVE","APSE HEATH","SANDOWN","ISLE OF WIGHT","ISLE OF WIGHT","A","A"
"{3B5CE841-D4E6-EE3A-E063-4804A8C0D6F1}","415000","2025-06-03 00:00","PO30 4BD","D","N","F","5","","WILBERFORCE ROAD","BRIGHSTONE","NEWPORT","ISLE OF WIGHT","ISLE OF WIGHT","A","A"
"{3B5CE841-D4E7-EE3A-E063-4804A8C0D6F1}","415000","2025-06-10 00:00","PO30 3ER","D","N","F","THE LODGE","","MAIN ROAD","CHILLERTON","NEWPORT","ISLE OF WIGHT","ISLE OF WIGHT","A","A"
"{3B5CE841-D4E8-EE3A-E063-4804A8C0D6F1}","272250","2025-04-28 00:00","PO38 1EG","F","N","L","9","FLAT 1","DEVONSHIRE TERRACE","","VENTNOR","ISLE OF WIGHT","ISLE OF WIGHT","A","A"
"{3B5CE841-D4E9-EE3A-E063-4804A8C0D6F1}","410000","2025-06-30 00:00","PO31 8BW","F","N","L","MELCOMBE HOUSE, 53","FLAT 9","QUEENS ROAD","","COWES","ISLE OF WIGHT","ISLE OF WIGHT","A","A"
"{3B5CE841-D4EA-EE3A-E063-4804A8C0D6F1}","225000","2025-06-11 00:00","PO33 2LY","D","N","L","8","","YELFS ROAD","","RYDE","ISLE OF WIGHT","ISLE OF WIGHT","A","A"
"{3B5CE841-D4EB-EE3A-E063-4804A8C0D6F1}","260000","2025-07-11 00:00","PO31 7PF","T","N","F","59","","ARCTIC ROAD","","COWES","ISLE OF WIGHT","ISLE OF WIGHT","A","A"
"{3B5CE841-D4EC-EE3A-E063-4804A8C0D6F1}","803000","2025-06-19 00:00","PO41 0SB","D","N","F","NORTON COTTAGE","","HALLETTS SHUTE","NORTON","YARMOUTH","ISLE OF WIGHT","ISLE OF WIGHT","A","A"
"{3B5CE841-5CE9-EE3A-E063-4804A8C0D6F1}","550000","2025-07-07 00:00","PO33 1BY","D","N","F","21","","SALISBURY ROAD","","RYDE","ISLE OF WIGHT","ISLE OF WIGHT","A","A"
"{38EDC0C2-FB68-0F63-E063-4704A8C00424}","200000","2025-04-14 00:00","PO33 3FF","F","Y","L","SPENCER HOUSE, 11","FLAT 1","RYDE HOUSE DRIVE","","RYDE","ISLE OF WIGHT","ISLE OF WIGHT","A","C"
"{31C68072-2915-FEE3-E063-4804A8C04F37}","255000","2025-02-17 00:00","PO36 9DW","T","N","F","10","","CENTRAL WAY","","SANDOWN","ISLE OF WIGHT","ISLE OF WIGHT","A","C"
